chr1	4040000	4680000	control_tad_8	chr1	4080000	6080000	diff_tad_1
chr1	4680000	5520000	control_tad_9	chr1	4080000	6080000	diff_tad_1
chr1	5520000	6040000	control_tad_10	chr1	4080000	6080000	diff_tad_1
chr1	6040000	6520000	control_tad_11	chr1	4080000	6080000	diff_tad_1
chr1	17760000	18000000	control_tad_34	chr1	17960000	18560000	diff_tad_2
chr1	18000000	18880000	control_tad_35	chr1	17960000	18560000	diff_tad_2
chr1	18880000	19200000	control_tad_36	chr1	18920000	19200000	diff_tad_3
chr1	26360000	26800000	control_tad_57	chr1	26360000	26800000	diff_tad_4
chr1	28560000	29560000	control_tad_61	chr1	28560000	29560000	diff_tad_5
chr1	29560000	30200000	control_tad_62	chr1	29560000	30880000	diff_tad_6
chr1	30200000	30600000	control_tad_63	chr1	29560000	30880000	diff_tad_6
chr1	30600000	30840000	control_tad_64	chr1	29560000	30880000	diff_tad_6
chr1	30840000	31200000	control_tad_65	chr1	29560000	30880000	diff_tad_6
chr1	33560000	34120000	control_tad_72	chr1	33960000	35240000	diff_tad_7
chr1	34120000	34560000	control_tad_73	chr1	33960000	35240000	diff_tad_7
chr1	34560000	35880000	control_tad_74	chr1	33960000	35240000	diff_tad_7
chr1	36960000	37880000	control_tad_78	chr1	36960000	37920000	diff_tad_8
chr1	37880000	38480000	control_tad_79	chr1	36960000	37920000	diff_tad_8
chr1	38480000	39320000	control_tad_80	chr1	38480000	39320000	diff_tad_9
chr1	39320000	39560000	control_tad_81	chr1	39320000	39560000	diff_tad_10
chr1	54520000	54960000	control_tad_117	chr1	54520000	54960000	diff_tad_11
chr1	55760000	56360000	control_tad_121	chr1	55760000	56360000	diff_tad_12
chr1	56360000	57040000	control_tad_122	chr1	56360000	57040000	diff_tad_13
chr1	59240000	59760000	control_tad_128	chr1	59240000	59760000	diff_tad_14
chr1	59760000	60240000	control_tad_129	chr1	59760000	60240000	diff_tad_15
chr1	60240000	62160000	control_tad_130	chr1	60240000	61440000	diff_tad_16
chr1	60240000	62160000	control_tad_130	chr1	61440000	62080000	diff_tad_17
chr1	64040000	64720000	control_tad_135	chr1	64040000	64720000	diff_tad_18
chr1	71000000	71560000	control_tad_150	chr1	71000000	71560000	diff_tad_19
chr1	71560000	72000000	control_tad_151	chr1	71560000	72000000	diff_tad_20
chr1	72000000	72600000	control_tad_152	chr1	72000000	72600000	diff_tad_21
chr1	72600000	73080000	control_tad_153	chr1	72600000	75200000	diff_tad_22
chr1	73080000	74160000	control_tad_154	chr1	72600000	75200000	diff_tad_22
chr1	74160000	74480000	control_tad_155	chr1	72600000	75200000	diff_tad_22
chr1	74480000	75200000	control_tad_156	chr1	72600000	75200000	diff_tad_22
chr1	77600000	78000000	control_tad_161	chr1	77600000	78000000	diff_tad_23
chr1	80680000	82280000	control_tad_166	chr1	80680000	82000000	diff_tad_24
chr1	87760000	88560000	control_tad_180	chr1	87760000	88600000	diff_tad_25
chr1	88560000	89080000	control_tad_181	chr1	88600000	89080000	diff_tad_26
chr1	88560000	89080000	control_tad_181	chr1	87760000	88600000	diff_tad_25
chr1	95520000	95760000	control_tad_196	chr1	95720000	96680000	diff_tad_27
chr1	95760000	96360000	control_tad_197	chr1	95720000	96680000	diff_tad_27
chr1	96360000	96680000	control_tad_198	chr1	95720000	96680000	diff_tad_27
chr1	101360000	101760000	control_tad_209	chr1	101360000	101760000	diff_tad_28
chr1	104080000	106520000	control_tad_214	chr1	104080000	105320000	diff_tad_29
chr1	104080000	106520000	control_tad_214	chr1	105320000	106360000	diff_tad_30
chr1	116600000	117080000	control_tad_236	chr1	116680000	117080000	diff_tad_31
chr1	117080000	117600000	control_tad_237	chr1	117080000	117600000	diff_tad_32
chr1	118480000	119560000	control_tad_241	chr1	118520000	119560000	diff_tad_33
chr1	163320000	164520000	control_tad_279	chr1	163320000	164480000	diff_tad_34
chr1	168560000	169080000	control_tad_292	chr1	168560000	169080000	diff_tad_35
chr1	169080000	169360000	control_tad_293	chr1	169080000	169320000	diff_tad_36
chr1	176320000	176840000	control_tad_309	chr1	176320000	176840000	diff_tad_37
chr1	176840000	177160000	control_tad_310	chr1	176840000	177920000	diff_tad_38
chr1	177160000	177920000	control_tad_311	chr1	176840000	177920000	diff_tad_38
chr1	184680000	185280000	control_tad_330	chr1	185160000	185680000	diff_tad_39
chr1	185280000	185680000	control_tad_331	chr1	185160000	185680000	diff_tad_39
chr1	185680000	186280000	control_tad_332	chr1	185680000	186280000	diff_tad_40
chr1	186280000	187000000	control_tad_333	chr1	186960000	188160000	diff_tad_41
chr1	187000000	187400000	control_tad_334	chr1	186960000	188160000	diff_tad_41
chr1	187400000	187920000	control_tad_335	chr1	186960000	188160000	diff_tad_41
chr1	187920000	188520000	control_tad_336	chr1	186960000	188160000	diff_tad_41
chr1	193320000	196280000	control_tad_344	chr1	193360000	195760000	diff_tad_42
chr1	206160000	207240000	control_tad_366	chr1	207160000	208440000	diff_tad_43
chr1	207240000	207720000	control_tad_367	chr1	207160000	208440000	diff_tad_43
chr1	207720000	207960000	control_tad_368	chr1	207160000	208440000	diff_tad_43
chr1	207960000	208440000	control_tad_369	chr1	207160000	208440000	diff_tad_43
chr1	208440000	208800000	control_tad_370	chr1	208440000	208800000	diff_tad_44
chr1	214520000	214800000	control_tad_381	chr1	214520000	214800000	diff_tad_45
chr1	216920000	217560000	control_tad_386	chr1	216920000	217560000	diff_tad_46
chr1	218480000	219240000	control_tad_389	chr1	218480000	219240000	diff_tad_47
chr1	220000000	220440000	control_tad_391	chr1	220360000	220960000	diff_tad_48
chr1	220440000	221000000	control_tad_392	chr1	220360000	220960000	diff_tad_48
chr1	221640000	222360000	control_tad_395	chr1	221640000	221920000	diff_tad_49
chr1	225120000	225640000	control_tad_403	chr1	225120000	225640000	diff_tad_50
chr1	229800000	230440000	control_tad_414	chr1	229800000	230440000	diff_tad_51
chr1	231760000	232760000	control_tad_418	chr1	231760000	232760000	diff_tad_52
chr1	237080000	238000000	control_tad_425	chr1	237960000	238400000	diff_tad_53
chr1	238000000	238400000	control_tad_426	chr1	237960000	238400000	diff_tad_53
chr1	239560000	240160000	control_tad_429	chr1	239560000	240160000	diff_tad_54
chr1	240160000	241680000	control_tad_430	chr1	240360000	240880000	diff_tad_55
chr2	1840000	2520000	control_tad_446	chr2	2160000	3440000	diff_tad_56
chr2	2520000	3360000	control_tad_447	chr2	2160000	3440000	diff_tad_56
chr2	3360000	3720000	control_tad_448	chr2	2160000	3440000	diff_tad_56
chr2	3720000	5160000	control_tad_449	chr2	4000000	5800000	diff_tad_57
chr2	5160000	6960000	control_tad_450	chr2	4000000	5800000	diff_tad_57
chr2	7560000	7800000	control_tad_453	chr2	7560000	8840000	diff_tad_58
chr2	7800000	8840000	control_tad_454	chr2	7560000	8840000	diff_tad_58
chr2	11960000	12880000	control_tad_464	chr2	11960000	12880000	diff_tad_59
chr2	15760000	16080000	control_tad_471	chr2	15760000	16960000	diff_tad_60
chr2	16080000	16680000	control_tad_472	chr2	15760000	16960000	diff_tad_60
chr2	16680000	16960000	control_tad_473	chr2	15760000	16960000	diff_tad_60
chr2	19560000	20080000	control_tad_480	chr2	19560000	20080000	diff_tad_61
chr2	20840000	21240000	control_tad_482	chr2	20840000	21240000	diff_tad_62
chr2	21240000	21600000	control_tad_483	chr2	21240000	24000000	diff_tad_63
chr2	21600000	23400000	control_tad_484	chr2	21240000	24000000	diff_tad_63
chr2	23400000	23600000	control_tad_485	chr2	21240000	24000000	diff_tad_63
chr2	23600000	24000000	control_tad_486	chr2	21240000	24000000	diff_tad_63
chr2	30920000	31400000	control_tad_502	chr2	30920000	31400000	diff_tad_64
chr2	34280000	34840000	control_tad_508	chr2	34280000	35680000	diff_tad_65
chr2	34840000	35400000	control_tad_509	chr2	34280000	35680000	diff_tad_65
chr2	35400000	35640000	control_tad_510	chr2	34280000	35680000	diff_tad_65
chr2	35640000	36560000	control_tad_511	chr2	34280000	35680000	diff_tad_65
chr2	50720000	53000000	control_tad_544	chr2	50720000	53000000	diff_tad_66
chr2	62120000	62640000	control_tad_564	chr2	62160000	62680000	diff_tad_67
chr2	62640000	63000000	control_tad_565	chr2	62160000	62680000	diff_tad_67
chr2	62640000	63000000	control_tad_565	chr2	62680000	63000000	diff_tad_68
chr2	65480000	65800000	control_tad_573	chr2	65480000	65840000	diff_tad_69
chr2	65800000	66640000	control_tad_574	chr2	65480000	65840000	diff_tad_69
chr2	75920000	76840000	control_tad_595	chr2	75960000	79240000	diff_tad_70
chr2	76840000	77160000	control_tad_596	chr2	75960000	79240000	diff_tad_70
chr2	77160000	80200000	control_tad_597	chr2	75960000	79240000	diff_tad_70
chr2	80200000	83440000	control_tad_598	chr2	80760000	84640000	diff_tad_71
chr2	83440000	84000000	control_tad_599	chr2	80760000	84640000	diff_tad_71
chr2	84000000	84560000	control_tad_600	chr2	80760000	84640000	diff_tad_71
chr2	84560000	85120000	control_tad_601	chr2	80760000	84640000	diff_tad_71
chr2	97800000	98400000	control_tad_617	chr2	98160000	99000000	diff_tad_72
chr2	98400000	99000000	control_tad_618	chr2	98160000	99000000	diff_tad_72
chr2	100120000	100880000	control_tad_622	chr2	100160000	100880000	diff_tad_73
chr2	101600000	101880000	control_tad_624	chr2	101840000	102480000	diff_tad_74
chr2	101880000	102480000	control_tad_625	chr2	101840000	102480000	diff_tad_74
chr2	104600000	105520000	control_tad_630	chr2	104600000	105520000	diff_tad_75
chr2	106160000	106720000	control_tad_633	chr2	106160000	106720000	diff_tad_76
chr2	106720000	107200000	control_tad_634	chr2	106720000	107240000	diff_tad_77
chr2	107200000	108480000	control_tad_635	chr2	106720000	107240000	diff_tad_77
chr2	107200000	108480000	control_tad_635	chr2	107240000	108960000	diff_tad_78
chr2	108480000	108800000	control_tad_636	chr2	107240000	108960000	diff_tad_78
chr2	108800000	109400000	control_tad_637	chr2	107240000	108960000	diff_tad_78
chr2	111880000	112200000	control_tad_641	chr2	111880000	112200000	diff_tad_79
chr2	122520000	123200000	control_tad_660	chr2	122520000	124760000	diff_tad_80
chr2	123200000	124400000	control_tad_661	chr2	122520000	124760000	diff_tad_80
chr2	124400000	124760000	control_tad_662	chr2	122520000	124760000	diff_tad_80
chr2	124760000	127800000	control_tad_663	chr2	124760000	127560000	diff_tad_81
chr2	133920000	134640000	control_tad_677	chr2	133960000	134640000	diff_tad_82
chr2	144240000	145280000	control_tad_694	chr2	144840000	145040000	diff_tad_83
chr2	147480000	147800000	control_tad_699	chr2	147480000	148680000	diff_tad_84
chr2	147800000	148080000	control_tad_700	chr2	147480000	148680000	diff_tad_84
chr2	148080000	148680000	control_tad_701	chr2	147480000	148680000	diff_tad_84
chr2	159720000	160080000	control_tad_722	chr2	159720000	160000000	diff_tad_85
chr2	171760000	172400000	control_tad_747	chr2	171800000	172280000	diff_tad_86
chr2	180960000	181400000	control_tad_770	chr2	180960000	181960000	diff_tad_87
chr2	181400000	181960000	control_tad_771	chr2	180960000	181960000	diff_tad_87
chr2	183000000	183560000	control_tad_774	chr2	183040000	183520000	diff_tad_88
chr2	200840000	201360000	control_tad_812	chr2	200840000	201360000	diff_tad_89
chr2	206160000	206560000	control_tad_825	chr2	206520000	206840000	diff_tad_90
chr2	206560000	206840000	control_tad_826	chr2	206520000	206840000	diff_tad_90
chr2	212600000	213440000	control_tad_839	chr2	212600000	213440000	diff_tad_91
chr2	213440000	214120000	control_tad_840	chr2	213440000	214120000	diff_tad_92
chr2	215800000	216200000	control_tad_844	chr2	216160000	216800000	diff_tad_94
chr2	215800000	216200000	control_tad_844	chr2	215880000	216160000	diff_tad_93
chr2	216200000	216800000	control_tad_845	chr2	216160000	216800000	diff_tad_94
chr2	227000000	227680000	control_tad_867	chr2	227080000	227680000	diff_tad_95
chr2	229520000	230120000	control_tad_872	chr2	230000000	230600000	diff_tad_96
chr2	230120000	230600000	control_tad_873	chr2	230000000	230600000	diff_tad_96
chr2	234760000	235440000	control_tad_884	chr2	234880000	235440000	diff_tad_97
chr2	235440000	236040000	control_tad_885	chr2	235440000	236040000	diff_tad_98
chr3	920000	3240000	control_tad_898	chr3	1120000	3240000	diff_tad_99
chr3	3240000	4040000	control_tad_899	chr3	3240000	4040000	diff_tad_100
chr3	4320000	4680000	control_tad_901	chr3	4360000	4720000	diff_tad_101
chr3	4680000	5280000	control_tad_902	chr3	4360000	4720000	diff_tad_101
chr3	4680000	5280000	control_tad_902	chr3	4720000	6800000	diff_tad_102
chr3	5280000	6800000	control_tad_903	chr3	4720000	6800000	diff_tad_102
chr3	6800000	8480000	control_tad_904	chr3	6800000	8480000	diff_tad_103
chr3	28400000	28920000	control_tad_946	chr3	28880000	29320000	diff_tad_104
chr3	28920000	29320000	control_tad_947	chr3	28880000	29320000	diff_tad_104
chr3	33920000	34760000	control_tad_959	chr3	33920000	36000000	diff_tad_105
chr3	34760000	36000000	control_tad_960	chr3	33920000	36000000	diff_tad_105
chr3	37440000	37840000	control_tad_964	chr3	37480000	37880000	diff_tad_106
chr3	37840000	38040000	control_tad_965	chr3	37480000	37880000	diff_tad_106
chr3	40600000	41280000	control_tad_972	chr3	41240000	41920000	diff_tad_108
chr3	40600000	41280000	control_tad_972	chr3	40600000	41240000	diff_tad_107
chr3	41280000	41920000	control_tad_973	chr3	41240000	41920000	diff_tad_108
chr3	56320000	56600000	control_tad_1009	chr3	56320000	56600000	diff_tad_109
chr3	62600000	63320000	control_tad_1021	chr3	63280000	63800000	diff_tad_111
chr3	62600000	63320000	control_tad_1021	chr3	62600000	63280000	diff_tad_110
chr3	63320000	63800000	control_tad_1022	chr3	63280000	63800000	diff_tad_111
chr3	65760000	66220000	control_tad_1026	chr3	65760000	66960000	diff_tad_112
chr3	66220000	66880000	control_tad_1027	chr3	65760000	66960000	diff_tad_112
chr3	66880000	67400000	control_tad_1028	chr3	65760000	66960000	diff_tad_112
chr3	71920000	72360000	control_tad_1038	chr3	72320000	72880000	diff_tad_113
chr3	72360000	72880000	control_tad_1039	chr3	72320000	72880000	diff_tad_113
chr3	73160000	73560000	control_tad_1041	chr3	73520000	73920000	diff_tad_115
chr3	73160000	73560000	control_tad_1041	chr3	73160000	73520000	diff_tad_114
chr3	73560000	73920000	control_tad_1042	chr3	73520000	73920000	diff_tad_115
chr3	96560000	97480000	control_tad_1072	chr3	96560000	97480000	diff_tad_116
chr3	101520000	101960000	control_tad_1082	chr3	101520000	101960000	diff_tad_117
chr3	115560000	115880000	control_tad_1106	chr3	115560000	116480000	diff_tad_118
chr3	115880000	116480000	control_tad_1107	chr3	115560000	116480000	diff_tad_118
chr3	126720000	127280000	control_tad_1128	chr3	126720000	127280000	diff_tad_119
chr3	127280000	128320000	control_tad_1129	chr3	127280000	127880000	diff_tad_120
chr3	127280000	128320000	control_tad_1129	chr3	127880000	128320000	diff_tad_121
chr3	129840000	130400000	control_tad_1133	chr3	129840000	130760000	diff_tad_122
chr3	130400000	130760000	control_tad_1134	chr3	129840000	130760000	diff_tad_122
chr3	130760000	131240000	control_tad_1135	chr3	130760000	132440000	diff_tad_123
chr3	131240000	131480000	control_tad_1136	chr3	130760000	132440000	diff_tad_123
chr3	131480000	131720000	control_tad_1137	chr3	130760000	132440000	diff_tad_123
chr3	131720000	131920000	control_tad_1138	chr3	130760000	132440000	diff_tad_123
chr3	131920000	132160000	control_tad_1139	chr3	130760000	132440000	diff_tad_123
chr3	132160000	132440000	control_tad_1140	chr3	130760000	132440000	diff_tad_123
chr3	136760000	138640000	control_tad_1152	chr3	136760000	138640000	diff_tad_124
chr3	138640000	139080000	control_tad_1153	chr3	138640000	139080000	diff_tad_125
chr3	152200000	152720000	control_tad_1179	chr3	152200000	152720000	diff_tad_126
chr3	154040000	154440000	control_tad_1182	chr3	154040000	154480000	diff_tad_127
chr3	154440000	155040000	control_tad_1183	chr3	154480000	155040000	diff_tad_128
chr3	154440000	155040000	control_tad_1183	chr3	154040000	154480000	diff_tad_127
chr3	155040000	155440000	control_tad_1184	chr3	155040000	155440000	diff_tad_129
chr3	156880000	157240000	control_tad_1188	chr3	156880000	157240000	diff_tad_130
chr3	159720000	160680000	control_tad_1196	chr3	159760000	160680000	diff_tad_131
chr3	161160000	162760000	control_tad_1198	chr3	162240000	163200000	diff_tad_132
chr3	162760000	164920000	control_tad_1199	chr3	162240000	163200000	diff_tad_132
chr3	170120000	170600000	control_tad_1208	chr3	170120000	170600000	diff_tad_133
chr3	178120000	178720000	control_tad_1223	chr3	178120000	178720000	diff_tad_134
chr3	178720000	179040000	control_tad_1224	chr3	178720000	179040000	diff_tad_135
chr3	179040000	179360000	control_tad_1225	chr3	179320000	180320000	diff_tad_136
chr3	179360000	180320000	control_tad_1226	chr3	179320000	180320000	diff_tad_136
chr3	186560000	186920000	control_tad_1244	chr3	186560000	186920000	diff_tad_137
chr3	186920000	187440000	control_tad_1245	chr3	186920000	187440000	diff_tad_138
chr3	187440000	188400000	control_tad_1246	chr3	187440000	188680000	diff_tad_139
chr3	188400000	188680000	control_tad_1247	chr3	187440000	188680000	diff_tad_139
chr3	188960000	189680000	control_tad_1249	chr3	188960000	189680000	diff_tad_140
chr4	8960000	9680000	control_tad_1289	chr4	8960000	9720000	diff_tad_141
chr4	9680000	10120000	control_tad_1290	chr4	8960000	9720000	diff_tad_141
chr4	11400000	11760000	control_tad_1293	chr4	11440000	11760000	diff_tad_142
chr4	16280000	16480000	control_tad_1303	chr4	16280000	17480000	diff_tad_143
chr4	16480000	17480000	control_tad_1304	chr4	16280000	17480000	diff_tad_143
chr4	17840000	18640000	control_tad_1306	chr4	18040000	18640000	diff_tad_144
chr4	18640000	19200000	control_tad_1307	chr4	18640000	19200000	diff_tad_145
chr4	19200000	19840000	control_tad_1308	chr4	19200000	19840000	diff_tad_146
chr4	23160000	24480000	control_tad_1317	chr4	23680000	24440000	diff_tad_147
chr4	42560000	43760000	control_tad_1351	chr4	42560000	44680000	diff_tad_148
chr4	43760000	44680000	control_tad_1352	chr4	42560000	44680000	diff_tad_148
chr4	45440000	46320000	control_tad_1354	chr4	45440000	46320000	diff_tad_149
chr4	46320000	47400000	control_tad_1355	chr4	46320000	46840000	diff_tad_150
chr4	46320000	47400000	control_tad_1355	chr4	46840000	47400000	diff_tad_151
chr4	55120000	55840000	control_tad_1366	chr4	55120000	55840000	diff_tad_152
chr4	56200000	57240000	control_tad_1368	chr4	57200000	58280000	diff_tad_153
chr4	57240000	58320000	control_tad_1369	chr4	57200000	58280000	diff_tad_153
chr4	57240000	58320000	control_tad_1369	chr4	58280000	60080000	diff_tad_154
chr4	58320000	60040000	control_tad_1370	chr4	58280000	60080000	diff_tad_154
chr4	60040000	61120000	control_tad_1371	chr4	58280000	60080000	diff_tad_154
chr4	65880000	67080000	control_tad_1378	chr4	65880000	67560000	diff_tad_155
chr4	67080000	67560000	control_tad_1379	chr4	65880000	67560000	diff_tad_155
chr4	67560000	68280000	control_tad_1380	chr4	67560000	68280000	diff_tad_156
chr4	69120000	69560000	control_tad_1382	chr4	69360000	70040000	diff_tad_157
chr4	69560000	70040000	control_tad_1383	chr4	69360000	70040000	diff_tad_157
chr4	70520000	70760000	control_tad_1385	chr4	70520000	70760000	diff_tad_158
chr4	72600000	73160000	control_tad_1389	chr4	72600000	73160000	diff_tad_159
chr4	73360000	73920000	control_tad_1391	chr4	73360000	73920000	diff_tad_160
chr4	77680000	77960000	control_tad_1401	chr4	77680000	77960000	diff_tad_161
chr4	79840000	80840000	control_tad_1407	chr4	79880000	80800000	diff_tad_162
chr4	81960000	82320000	control_tad_1410	chr4	81960000	82320000	diff_tad_163
chr4	82320000	82760000	control_tad_1411	chr4	82320000	83200000	diff_tad_164
chr4	82760000	83760000	control_tad_1412	chr4	82320000	83200000	diff_tad_164
chr4	90360000	90840000	control_tad_1428	chr4	90400000	90840000	diff_tad_165
chr4	90840000	91240000	control_tad_1429	chr4	90840000	91240000	diff_tad_166
chr4	95520000	96080000	control_tad_1437	chr4	95560000	96080000	diff_tad_167
chr4	104120000	104920000	control_tad_1453	chr4	104880000	105800000	diff_tad_169
chr4	104120000	104920000	control_tad_1453	chr4	104120000	104880000	diff_tad_168
chr4	104920000	105400000	control_tad_1454	chr4	104880000	105800000	diff_tad_169
chr4	105400000	105800000	control_tad_1455	chr4	104880000	105800000	diff_tad_169
chr4	106640000	107120000	control_tad_1458	chr4	106640000	108120000	diff_tad_170
chr4	107120000	108440000	control_tad_1459	chr4	108120000	108920000	diff_tad_171
chr4	107120000	108440000	control_tad_1459	chr4	106640000	108120000	diff_tad_170
chr4	108440000	108960000	control_tad_1460	chr4	108120000	108920000	diff_tad_171
chr4	108440000	108960000	control_tad_1460	chr4	108920000	109520000	diff_tad_172
chr4	108960000	109520000	control_tad_1461	chr4	108920000	109520000	diff_tad_172
chr4	109520000	110320000	control_tad_1462	chr4	109520000	110320000	diff_tad_173
chr4	110320000	110920000	control_tad_1463	chr4	110320000	110920000	diff_tad_174
chr4	124040000	124600000	control_tad_1493	chr4	124040000	124320000	diff_tad_175
chr4	127520000	128040000	control_tad_1500	chr4	127520000	128040000	diff_tad_176
chr4	134040000	138720000	control_tad_1516	chr4	135840000	137800000	diff_tad_177
chr4	143000000	143800000	control_tad_1527	chr4	143040000	143800000	diff_tad_178
chr4	143800000	144120000	control_tad_1528	chr4	143800000	144080000	diff_tad_179
chr4	143800000	144120000	control_tad_1528	chr4	144080000	144480000	diff_tad_180
chr4	144120000	144480000	control_tad_1529	chr4	144080000	144480000	diff_tad_180
chr4	145080000	145720000	control_tad_1531	chr4	145080000	145480000	diff_tad_181
chr4	151200000	152040000	control_tad_1543	chr4	151200000	152040000	diff_tad_182
chr4	158120000	158880000	control_tad_1557	chr4	158120000	158880000	diff_tad_183
chr4	160400000	160880000	control_tad_1562	chr4	160400000	162160000	diff_tad_184
chr4	160880000	162160000	control_tad_1563	chr4	160400000	162160000	diff_tad_184
chr4	162160000	163400000	control_tad_1564	chr4	162160000	163080000	diff_tad_185
chr4	166400000	167040000	control_tad_1571	chr4	166440000	167040000	diff_tad_186
chr4	169080000	169440000	control_tad_1577	chr4	169080000	169400000	diff_tad_187
chr4	169840000	170520000	control_tad_1579	chr4	169840000	170520000	diff_tad_188
chr4	175280000	176480000	control_tad_1588	chr4	175280000	175680000	diff_tad_189
chr4	175280000	176480000	control_tad_1588	chr4	175680000	176120000	diff_tad_190
chr4	178480000	181560000	control_tad_1594	chr4	178480000	179760000	diff_tad_191
chr4	187520000	187880000	control_tad_1609	chr4	187640000	188520000	diff_tad_192
chr4	187880000	188520000	control_tad_1610	chr4	187640000	188520000	diff_tad_192
chr5	1200000	1680000	control_tad_1615	chr5	1200000	1640000	diff_tad_193
chr5	4880000	5480000	control_tad_1622	chr5	4880000	5120000	diff_tad_194
chr5	7240000	7880000	control_tad_1626	chr5	7240000	7880000	diff_tad_195
chr5	7880000	8720000	control_tad_1627	chr5	7880000	8720000	diff_tad_196
chr5	12040000	12680000	control_tad_1634	chr5	12040000	12720000	diff_tad_197
chr5	12680000	13200000	control_tad_1635	chr5	12040000	12720000	diff_tad_197
chr5	15040000	16120000	control_tad_1640	chr5	15040000	15800000	diff_tad_198
chr5	17200000	18360000	control_tad_1644	chr5	17200000	18360000	diff_tad_199
chr5	21480000	21800000	control_tad_1651	chr5	21480000	21800000	diff_tad_200
chr5	21800000	22400000	control_tad_1652	chr5	21800000	22880000	diff_tad_201
chr5	22400000	22880000	control_tad_1653	chr5	21800000	22880000	diff_tad_201
chr5	23800000	27040000	control_tad_1656	chr5	24200000	24640000	diff_tad_202
chr5	23800000	27040000	control_tad_1656	chr5	27000000	28320000	diff_tad_203
chr5	27040000	28320000	control_tad_1657	chr5	27000000	28320000	diff_tad_203
chr5	34480000	34960000	control_tad_1671	chr5	34920000	35640000	diff_tad_204
chr5	34960000	35640000	control_tad_1672	chr5	34920000	35640000	diff_tad_204
chr5	37400000	37840000	control_tad_1678	chr5	37400000	37840000	diff_tad_205
chr5	43640000	44520000	control_tad_1689	chr5	43720000	44520000	diff_tad_206
chr5	44520000	44800000	control_tad_1690	chr5	44520000	44800000	diff_tad_207
chr5	55000000	55240000	control_tad_1703	chr5	55000000	55240000	diff_tad_208
chr5	56160000	56560000	control_tad_1706	chr5	56160000	56560000	diff_tad_209
chr5	56560000	57760000	control_tad_1707	chr5	56560000	57200000	diff_tad_210
chr5	56560000	57760000	control_tad_1707	chr5	57200000	57760000	diff_tad_211
chr5	57760000	58160000	control_tad_1708	chr5	57760000	58160000	diff_tad_212
chr5	59120000	59960000	control_tad_1712	chr5	59120000	59960000	diff_tad_213
chr5	59960000	60240000	control_tad_1713	chr5	59960000	60240000	diff_tad_214
chr5	61720000	62120000	control_tad_1718	chr5	61720000	62080000	diff_tad_215
chr5	62720000	63320000	control_tad_1721	chr5	62720000	63280000	diff_tad_216
chr5	64080000	66080000	control_tad_1723	chr5	65480000	66080000	diff_tad_217
chr5	66520000	67120000	control_tad_1725	chr5	66520000	67560000	diff_tad_218
chr5	67120000	67560000	control_tad_1726	chr5	66520000	67560000	diff_tad_218
chr5	71080000	71640000	control_tad_1733	chr5	71080000	71640000	diff_tad_219
chr5	72800000	73200000	control_tad_1737	chr5	73160000	73960000	diff_tad_220
chr5	73200000	73960000	control_tad_1738	chr5	73160000	73960000	diff_tad_220
chr5	83000000	83560000	control_tad_1758	chr5	83000000	84360000	diff_tad_221
chr5	83560000	83800000	control_tad_1759	chr5	83000000	84360000	diff_tad_221
chr5	83800000	84360000	control_tad_1760	chr5	83000000	84360000	diff_tad_221
chr5	93840000	94280000	control_tad_1775	chr5	93840000	94280000	diff_tad_222
chr5	98400000	99800000	control_tad_1783	chr5	98440000	99720000	diff_tad_223
chr5	103760000	105520000	control_tad_1792	chr5	105480000	106080000	diff_tad_224
chr5	105520000	106200000	control_tad_1793	chr5	105480000	106080000	diff_tad_224
chr5	112960000	113400000	control_tad_1809	chr5	112960000	114400000	diff_tad_225
chr5	113400000	113800000	control_tad_1810	chr5	112960000	114400000	diff_tad_225
chr5	113800000	114400000	control_tad_1811	chr5	112960000	114400000	diff_tad_225
chr5	114640000	114960000	control_tad_1813	chr5	114640000	114960000	diff_tad_226
chr5	115440000	115880000	control_tad_1816	chr5	115440000	115880000	diff_tad_227
chr5	115880000	116320000	control_tad_1817	chr5	115880000	118320000	diff_tad_228
chr5	116320000	117320000	control_tad_1818	chr5	115880000	118320000	diff_tad_228
chr5	117320000	117960000	control_tad_1819	chr5	115880000	118320000	diff_tad_228
chr5	117960000	118320000	control_tad_1820	chr5	115880000	118320000	diff_tad_228
chr5	118320000	118800000	control_tad_1821	chr5	118320000	118760000	diff_tad_229
chr5	118320000	118800000	control_tad_1821	chr5	118760000	119800000	diff_tad_230
chr5	118800000	119800000	control_tad_1822	chr5	118760000	119800000	diff_tad_230
chr5	123280000	124080000	control_tad_1832	chr5	123280000	125680000	diff_tad_231
chr5	124080000	124760000	control_tad_1833	chr5	123280000	125680000	diff_tad_231
chr5	124760000	125160000	control_tad_1834	chr5	123280000	125680000	diff_tad_231
chr5	125160000	125680000	control_tad_1835	chr5	123280000	125680000	diff_tad_231
chr5	128480000	129200000	control_tad_1844	chr5	128680000	129200000	diff_tad_232
chr5	132440000	132800000	control_tad_1853	chr5	132440000	133320000	diff_tad_233
chr5	132800000	133320000	control_tad_1854	chr5	132440000	133320000	diff_tad_233
chr5	142280000	142800000	control_tad_1873	chr5	142280000	142800000	diff_tad_234
chr5	143560000	143800000	control_tad_1876	chr5	143560000	144640000	diff_tad_235
chr5	143800000	144600000	control_tad_1877	chr5	143560000	144640000	diff_tad_235
chr5	144600000	145040000	control_tad_1878	chr5	143560000	144640000	diff_tad_235
chr5	147200000	147520000	control_tad_1885	chr5	147240000	147520000	diff_tad_236
chr5	151200000	151920000	control_tad_1893	chr5	151200000	151920000	diff_tad_237
chr5	151920000	152520000	control_tad_1894	chr5	151920000	153360000	diff_tad_238
chr5	152520000	152840000	control_tad_1895	chr5	151920000	153360000	diff_tad_238
chr5	152840000	153360000	control_tad_1896	chr5	151920000	153360000	diff_tad_238
chr5	159840000	160440000	control_tad_1908	chr5	159840000	162960000	diff_tad_239
chr5	160440000	160960000	control_tad_1909	chr5	159840000	162960000	diff_tad_239
chr5	160960000	162960000	control_tad_1910	chr5	159840000	162960000	diff_tad_239
chr5	163440000	163920000	control_tad_1912	chr5	163440000	163920000	diff_tad_240
chr5	164960000	167000000	control_tad_1916	chr5	165320000	166480000	diff_tad_241
chr6	5040000	5440000	control_tad_1954	chr6	5400000	5840000	diff_tad_242
chr6	5440000	6040000	control_tad_1955	chr6	5400000	5840000	diff_tad_242
chr6	6640000	7240000	control_tad_1957	chr6	6640000	7280000	diff_tad_243
chr6	7240000	7600000	control_tad_1958	chr6	6640000	7280000	diff_tad_243
chr6	8480000	8960000	control_tad_1961	chr6	8480000	8960000	diff_tad_244
chr6	12640000	12880000	control_tad_1971	chr6	12640000	12920000	diff_tad_245
chr6	12880000	13320000	control_tad_1972	chr6	12640000	12920000	diff_tad_245
chr6	15680000	16200000	control_tad_1978	chr6	15680000	16240000	diff_tad_246
chr6	16200000	16760000	control_tad_1979	chr6	15680000	16240000	diff_tad_246
chr6	39320000	39880000	control_tad_2025	chr6	39320000	41000000	diff_tad_247
chr6	39880000	40280000	control_tad_2026	chr6	39320000	41000000	diff_tad_247
chr6	40280000	41040000	control_tad_2027	chr6	39320000	41000000	diff_tad_247
chr6	42520000	42880000	control_tad_2032	chr6	42520000	42880000	diff_tad_248
chr6	47760000	48040000	control_tad_2046	chr6	47760000	48040000	diff_tad_249
chr6	48720000	49400000	control_tad_2049	chr6	48760000	49400000	diff_tad_250
chr6	50760000	51400000	control_tad_2053	chr6	50760000	51920000	diff_tad_251
chr6	51400000	51920000	control_tad_2054	chr6	50760000	51920000	diff_tad_251
chr6	78160000	79120000	control_tad_2092	chr6	78160000	79560000	diff_tad_252
chr6	79120000	79560000	control_tad_2093	chr6	78160000	79560000	diff_tad_252
chr6	80840000	81320000	control_tad_2097	chr6	81280000	82200000	diff_tad_253
chr6	81320000	81920000	control_tad_2098	chr6	81280000	82200000	diff_tad_253
chr6	81920000	82160000	control_tad_2099	chr6	81280000	82200000	diff_tad_253
chr6	82160000	82440000	control_tad_2100	chr6	81280000	82200000	diff_tad_253
chr6	84560000	84960000	control_tad_2106	chr6	84560000	84960000	diff_tad_254
chr6	86400000	86920000	control_tad_2109	chr6	86400000	87760000	diff_tad_255
chr6	86920000	87760000	control_tad_2110	chr6	86400000	87760000	diff_tad_255
chr6	91200000	91720000	control_tad_2118	chr6	91640000	93520000	diff_tad_256
chr6	91720000	93520000	control_tad_2119	chr6	91640000	93520000	diff_tad_256
chr6	95760000	97040000	control_tad_2122	chr6	95760000	97040000	diff_tad_257
chr6	101840000	103080000	control_tad_2133	chr6	101840000	102560000	diff_tad_258
chr6	105520000	105880000	control_tad_2137	chr6	105560000	105880000	diff_tad_259
chr6	105880000	106760000	control_tad_2138	chr6	105880000	106520000	diff_tad_260
chr6	113600000	114280000	control_tad_2156	chr6	114240000	116240000	diff_tad_261
chr6	114280000	114680000	control_tad_2157	chr6	114240000	116240000	diff_tad_261
chr6	114680000	115040000	control_tad_2158	chr6	114240000	116240000	diff_tad_261
chr6	115040000	116240000	control_tad_2159	chr6	114240000	116240000	diff_tad_261
chr6	119680000	120040000	control_tad_2169	chr6	119680000	120080000	diff_tad_262
chr6	120040000	120320000	control_tad_2170	chr6	119680000	120080000	diff_tad_262
chr6	122680000	123200000	control_tad_2176	chr6	122680000	123200000	diff_tad_263
chr6	123680000	124080000	control_tad_2178	chr6	123680000	124080000	diff_tad_264
chr6	124080000	124320000	control_tad_2179	chr6	124080000	125160000	diff_tad_265
chr6	124320000	124720000	control_tad_2180	chr6	124080000	125160000	diff_tad_265
chr6	124720000	125160000	control_tad_2181	chr6	124080000	125160000	diff_tad_265
chr6	125160000	125640000	control_tad_2182	chr6	125160000	125440000	diff_tad_266
chr6	135760000	136560000	control_tad_2203	chr6	135760000	136560000	diff_tad_267
chr6	143280000	143800000	control_tad_2220	chr6	143360000	143840000	diff_tad_268
chr6	143800000	144400000	control_tad_2221	chr6	143840000	144400000	diff_tad_269
chr6	143800000	144400000	control_tad_2221	chr6	143360000	143840000	diff_tad_268
chr6	150400000	150720000	control_tad_2232	chr6	150400000	150720000	diff_tad_270
chr6	150720000	151200000	control_tad_2233	chr6	151160000	151680000	diff_tad_272
chr6	150720000	151200000	control_tad_2233	chr6	150720000	151160000	diff_tad_271
chr6	151200000	151680000	control_tad_2234	chr6	151160000	151680000	diff_tad_272
chr6	158640000	159120000	control_tad_2250	chr6	158640000	159120000	diff_tad_273
chr6	159120000	159600000	control_tad_2251	chr6	159560000	160080000	diff_tad_274
chr6	159600000	160080000	control_tad_2252	chr6	159560000	160080000	diff_tad_274
chr6	161800000	163840000	control_tad_2257	chr6	161800000	163280000	diff_tad_275
chr7	1600000	2920000	control_tad_2272	chr7	1600000	2920000	diff_tad_276
chr7	7000000	7600000	control_tad_2282	chr7	7000000	10480000	diff_tad_277
chr7	7600000	8440000	control_tad_2283	chr7	7000000	10480000	diff_tad_277
chr7	8440000	10440000	control_tad_2284	chr7	7000000	10480000	diff_tad_277
chr7	10440000	10960000	control_tad_2285	chr7	7000000	10480000	diff_tad_277
chr7	10960000	11400000	control_tad_2286	chr7	10960000	11400000	diff_tad_278
chr7	11400000	11880000	control_tad_2287	chr7	11400000	11880000	diff_tad_279
chr7	12680000	13320000	control_tad_2289	chr7	12680000	13320000	diff_tad_280
chr7	18640000	19160000	control_tad_2302	chr7	18640000	19160000	diff_tad_281
chr7	19760000	20720000	control_tad_2304	chr7	19760000	20720000	diff_tad_282
chr7	21560000	21800000	control_tad_2307	chr7	21600000	22120000	diff_tad_283
chr7	21800000	22120000	control_tad_2308	chr7	21600000	22120000	diff_tad_283
chr7	22120000	22560000	control_tad_2309	chr7	22120000	22560000	diff_tad_284
chr7	25160000	25920000	control_tad_2314	chr7	25200000	25920000	diff_tad_285
chr7	28160000	28960000	control_tad_2320	chr7	28160000	28960000	diff_tad_286
chr7	31800000	32240000	control_tad_2327	chr7	31800000	32240000	diff_tad_287
chr7	38800000	39600000	control_tad_2342	chr7	39000000	39600000	diff_tad_288
chr7	39600000	40160000	control_tad_2343	chr7	39600000	39920000	diff_tad_289
chr7	40160000	40800000	control_tad_2344	chr7	40200000	40800000	diff_tad_290
chr7	40800000	41760000	control_tad_2345	chr7	40800000	41760000	diff_tad_291
chr7	45920000	46400000	control_tad_2355	chr7	45920000	46400000	diff_tad_292
chr7	46400000	47280000	control_tad_2356	chr7	46400000	47320000	diff_tad_293
chr7	47280000	48200000	control_tad_2357	chr7	46400000	47320000	diff_tad_293
chr7	51480000	54840000	control_tad_2364	chr7	51480000	54200000	diff_tad_294
chr7	51480000	54840000	control_tad_2364	chr7	54200000	54840000	diff_tad_295
chr7	66840000	69640000	control_tad_2376	chr7	67640000	67960000	diff_tad_296
chr7	66840000	69640000	control_tad_2376	chr7	69400000	70280000	diff_tad_297
chr7	69640000	70280000	control_tad_2377	chr7	69400000	70280000	diff_tad_297
chr7	70280000	71200000	control_tad_2378	chr7	70280000	71200000	diff_tad_298
chr7	77280000	77600000	control_tad_2390	chr7	77560000	78160000	diff_tad_299
chr7	77600000	78120000	control_tad_2391	chr7	77560000	78160000	diff_tad_299
chr7	78120000	78560000	control_tad_2392	chr7	77560000	78160000	diff_tad_299
chr7	81680000	82400000	control_tad_2400	chr7	81680000	82360000	diff_tad_300
chr7	83560000	84080000	control_tad_2403	chr7	83560000	84080000	diff_tad_301
chr7	85480000	86120000	control_tad_2407	chr7	85520000	86520000	diff_tad_302
chr7	86120000	86520000	control_tad_2408	chr7	85520000	86520000	diff_tad_302
chr7	90680000	91480000	control_tad_2417	chr7	90680000	91440000	diff_tad_303
chr7	91480000	92240000	control_tad_2418	chr7	91720000	92120000	diff_tad_304
chr7	96040000	96680000	control_tad_2426	chr7	96040000	96680000	diff_tad_305
chr7	96680000	97480000	control_tad_2427	chr7	96680000	97480000	diff_tad_306
chr7	97480000	98480000	control_tad_2428	chr7	98040000	98480000	diff_tad_307
chr7	103840000	104560000	control_tad_2443	chr7	103880000	104560000	diff_tad_308
chr7	106400000	106800000	control_tad_2448	chr7	106440000	106800000	diff_tad_309
chr7	106800000	107520000	control_tad_2449	chr7	107080000	107520000	diff_tad_310
chr7	111360000	112120000	control_tad_2456	chr7	111400000	112120000	diff_tad_311
chr7	112120000	112560000	control_tad_2457	chr7	112120000	112560000	diff_tad_312
chr7	117360000	117840000	control_tad_2469	chr7	117360000	117840000	diff_tad_313
chr7	117840000	118560000	control_tad_2470	chr7	117840000	118880000	diff_tad_314
chr7	118560000	118880000	control_tad_2471	chr7	117840000	118880000	diff_tad_314
chr7	118880000	119560000	control_tad_2472	chr7	118880000	120400000	diff_tad_315
chr7	119560000	119920000	control_tad_2473	chr7	118880000	120400000	diff_tad_315
chr7	119920000	120400000	control_tad_2474	chr7	118880000	120400000	diff_tad_315
chr7	126440000	128520000	control_tad_2488	chr7	127200000	128520000	diff_tad_316
chr7	131360000	132000000	control_tad_2494	chr7	131360000	131960000	diff_tad_317
chr7	142920000	143560000	control_tad_2515	chr7	143120000	145800000	diff_tad_318
chr7	143560000	143880000	control_tad_2516	chr7	143120000	145800000	diff_tad_318
chr7	143880000	144160000	control_tad_2517	chr7	143120000	145800000	diff_tad_318
chr7	144160000	145800000	control_tad_2518	chr7	143120000	145800000	diff_tad_318
chr7	151480000	152560000	control_tad_2528	chr7	152520000	154680000	diff_tad_319
chr7	152560000	154200000	control_tad_2529	chr7	152520000	154680000	diff_tad_319
chr7	154200000	154680000	control_tad_2530	chr7	152520000	154680000	diff_tad_319
chr7	155160000	155600000	control_tad_2532	chr7	155160000	155600000	diff_tad_320
chr7	155600000	157200000	control_tad_2533	chr7	155600000	156760000	diff_tad_321
chr8	4880000	6240000	control_tad_2541	chr8	4880000	6280000	diff_tad_322
chr8	6240000	6680000	control_tad_2542	chr8	4880000	6280000	diff_tad_322
chr8	9200000	10400000	control_tad_2547	chr8	9200000	10200000	diff_tad_323
chr8	10720000	11160000	control_tad_2549	chr8	11120000	11880000	diff_tad_324
chr8	11160000	11600000	control_tad_2550	chr8	11120000	11880000	diff_tad_324
chr8	11600000	11880000	control_tad_2551	chr8	11120000	11880000	diff_tad_324
chr8	13240000	13520000	control_tad_2555	chr8	13240000	13560000	diff_tad_325
chr8	13520000	14720000	control_tad_2556	chr8	13240000	13560000	diff_tad_325
chr8	13520000	14720000	control_tad_2556	chr8	13560000	14120000	diff_tad_326
chr8	13520000	14720000	control_tad_2556	chr8	14120000	14720000	diff_tad_327
chr8	20000000	20240000	control_tad_2569	chr8	20040000	20240000	diff_tad_328
chr8	23600000	24080000	control_tad_2575	chr8	23600000	24080000	diff_tad_329
chr8	25360000	25960000	control_tad_2580	chr8	25360000	25960000	diff_tad_330
chr8	26520000	27120000	control_tad_2583	chr8	26520000	27120000	diff_tad_331
chr8	29200000	29600000	control_tad_2589	chr8	29200000	29600000	diff_tad_332
chr8	31440000	32080000	control_tad_2595	chr8	31440000	32080000	diff_tad_333
chr8	32600000	33480000	control_tad_2598	chr8	32600000	32960000	diff_tad_334
chr8	35040000	35400000	control_tad_2601	chr8	35280000	36680000	diff_tad_335
chr8	35400000	35760000	control_tad_2602	chr8	35280000	36680000	diff_tad_335
chr8	35760000	36000000	control_tad_2603	chr8	35280000	36680000	diff_tad_335
chr8	36000000	36680000	control_tad_2604	chr8	35280000	36680000	diff_tad_335
chr8	38280000	38600000	control_tad_2609	chr8	38280000	38600000	diff_tad_336
chr8	40080000	40880000	control_tad_2615	chr8	40080000	40880000	diff_tad_337
chr8	50840000	52440000	control_tad_2630	chr8	50840000	52440000	diff_tad_338
chr8	55080000	55440000	control_tad_2636	chr8	55080000	55440000	diff_tad_339
chr8	55440000	55680000	control_tad_2637	chr8	55440000	56680000	diff_tad_340
chr8	55680000	56680000	control_tad_2638	chr8	55440000	56680000	diff_tad_340
chr8	56680000	56960000	control_tad_2639	chr8	56680000	56960000	diff_tad_341
chr8	60840000	61320000	control_tad_2646	chr8	60880000	61320000	diff_tad_342
chr8	64240000	65440000	control_tad_2653	chr8	64240000	65480000	diff_tad_343
chr8	65440000	65880000	control_tad_2654	chr8	64240000	65480000	diff_tad_343
chr8	65440000	65880000	control_tad_2654	chr8	65480000	66480000	diff_tad_344
chr8	65880000	66480000	control_tad_2655	chr8	65480000	66480000	diff_tad_344
chr8	69440000	70000000	control_tad_2663	chr8	69480000	70560000	diff_tad_345
chr8	70000000	70560000	control_tad_2664	chr8	69480000	70560000	diff_tad_345
chr8	70560000	71040000	control_tad_2665	chr8	70560000	71040000	diff_tad_346
chr8	71040000	71600000	control_tad_2666	chr8	71040000	71600000	diff_tad_347
chr8	74200000	74600000	control_tad_2672	chr8	74200000	74560000	diff_tad_348
chr8	81520000	81920000	control_tad_2689	chr8	81520000	81920000	diff_tad_349
chr8	84040000	85520000	control_tad_2694	chr8	84280000	85520000	diff_tad_350
chr8	85520000	85960000	control_tad_2695	chr8	85520000	85960000	diff_tad_351
chr8	90720000	91000000	control_tad_2705	chr8	90720000	91000000	diff_tad_352
chr8	92440000	93080000	control_tad_2709	chr8	92440000	93080000	diff_tad_353
chr8	93080000	93840000	control_tad_2710	chr8	93080000	94120000	diff_tad_354
chr8	93840000	94400000	control_tad_2711	chr8	93080000	94120000	diff_tad_354
chr8	96880000	97240000	control_tad_2718	chr8	96880000	97240000	diff_tad_355
chr8	97240000	98200000	control_tad_2719	chr8	97800000	98200000	diff_tad_357
chr8	97240000	98200000	control_tad_2719	chr8	97240000	97800000	diff_tad_356
chr8	100880000	101160000	control_tad_2726	chr8	100880000	101160000	diff_tad_358
chr8	103640000	103840000	control_tad_2732	chr8	103640000	103840000	diff_tad_359
chr8	104720000	105480000	control_tad_2736	chr8	104720000	105480000	diff_tad_360
chr8	112400000	112920000	control_tad_2750	chr8	112840000	113480000	diff_tad_361
chr8	112920000	113480000	control_tad_2751	chr8	112840000	113480000	diff_tad_361
chr8	121960000	122280000	control_tad_2773	chr8	122240000	122640000	diff_tad_362
chr8	122280000	122640000	control_tad_2774	chr8	122240000	122640000	diff_tad_362
chr8	124800000	125480000	control_tad_2781	chr8	124800000	125480000	diff_tad_363
chr8	125480000	126120000	control_tad_2782	chr8	125480000	126120000	diff_tad_364
chr8	126120000	126440000	control_tad_2783	chr8	126120000	126440000	diff_tad_365
chr8	126440000	126720000	control_tad_2784	chr8	126440000	126720000	diff_tad_366
chr8	126720000	126920000	control_tad_2785	chr8	126720000	127840000	diff_tad_367
chr8	126920000	127280000	control_tad_2786	chr8	126720000	127840000	diff_tad_367
chr8	127280000	127840000	control_tad_2787	chr8	126720000	127840000	diff_tad_367
chr8	127840000	128760000	control_tad_2788	chr8	127840000	128200000	diff_tad_368
chr8	130720000	131120000	control_tad_2795	chr8	130760000	131120000	diff_tad_369
chr8	132040000	133880000	control_tad_2798	chr8	132240000	132880000	diff_tad_370
chr8	133880000	134240000	control_tad_2799	chr8	133880000	134200000	diff_tad_371
chr8	134480000	135040000	control_tad_2801	chr8	134480000	135480000	diff_tad_372
chr8	135040000	135680000	control_tad_2802	chr8	134480000	135480000	diff_tad_372
chr8	136840000	137760000	control_tad_2806	chr8	137080000	137760000	diff_tad_373
chr8	137760000	139120000	control_tad_2807	chr8	138520000	138920000	diff_tad_375
chr8	137760000	139120000	control_tad_2807	chr8	137760000	138520000	diff_tad_374
chr8	137760000	139120000	control_tad_2807	chr8	138920000	139720000	diff_tad_376
chr8	139120000	139720000	control_tad_2808	chr8	138920000	139720000	diff_tad_376
chr8	139720000	139960000	control_tad_2809	chr8	139720000	140000000	diff_tad_377
chr8	139960000	140400000	control_tad_2810	chr8	139720000	140000000	diff_tad_377
chr8	139960000	140400000	control_tad_2810	chr8	140000000	140640000	diff_tad_378
chr8	140400000	140720000	control_tad_2811	chr8	140640000	141160000	diff_tad_379
chr8	140400000	140720000	control_tad_2811	chr8	140000000	140640000	diff_tad_378
chr8	140720000	141160000	control_tad_2812	chr8	140640000	141160000	diff_tad_379
chr8	141680000	142400000	control_tad_2815	chr8	141680000	142440000	diff_tad_380
chr8	142400000	143560000	control_tad_2816	chr8	141680000	142440000	diff_tad_380
chr9	1040000	2120000	control_tad_2820	chr9	1040000	2120000	diff_tad_381
chr9	2120000	2840000	control_tad_2821	chr9	2120000	2840000	diff_tad_382
chr9	2840000	3200000	control_tad_2822	chr9	2840000	3240000	diff_tad_383
chr9	3200000	3440000	control_tad_2823	chr9	2840000	3240000	diff_tad_383
chr9	6320000	6760000	control_tad_2831	chr9	6320000	6760000	diff_tad_384
chr9	6760000	7080000	control_tad_2832	chr9	6760000	8920000	diff_tad_385
chr9	7080000	7560000	control_tad_2833	chr9	6760000	8920000	diff_tad_385
chr9	7560000	10000000	control_tad_2834	chr9	8920000	10000000	diff_tad_386
chr9	7560000	10000000	control_tad_2834	chr9	6760000	8920000	diff_tad_385
chr9	10000000	10320000	control_tad_2835	chr9	10000000	10360000	diff_tad_387
chr9	10320000	12680000	control_tad_2836	chr9	10000000	10360000	diff_tad_387
chr9	10320000	12680000	control_tad_2836	chr9	10360000	12680000	diff_tad_388
chr9	13440000	14080000	control_tad_2838	chr9	13440000	14440000	diff_tad_389
chr9	14080000	14440000	control_tad_2839	chr9	13440000	14440000	diff_tad_389
chr9	17800000	18240000	control_tad_2847	chr9	17800000	18240000	diff_tad_390
chr9	19040000	19480000	control_tad_2849	chr9	19040000	19480000	diff_tad_391
chr9	19480000	19920000	control_tad_2850	chr9	19480000	19920000	diff_tad_392
chr9	22480000	23480000	control_tad_2858	chr9	23120000	23520000	diff_tad_393
chr9	23480000	23880000	control_tad_2859	chr9	23120000	23520000	diff_tad_393
chr9	23480000	23880000	control_tad_2859	chr9	23520000	23880000	diff_tad_394
chr9	23880000	24680000	control_tad_2860	chr9	24280000	25960000	diff_tad_395
chr9	24680000	25960000	control_tad_2861	chr9	24280000	25960000	diff_tad_395
chr9	31800000	32360000	control_tad_2873	chr9	31800000	32360000	diff_tad_396
chr9	32560000	33000000	control_tad_2875	chr9	32600000	33000000	diff_tad_397
chr9	34640000	35120000	control_tad_2878	chr9	34640000	35120000	diff_tad_398
chr9	38640000	43960000	control_tad_2888	chr9	42320000	44000000	diff_tad_399
chr9	43960000	44640000	control_tad_2889	chr9	42320000	44000000	diff_tad_399
chr9	71200000	71640000	control_tad_2891	chr9	71200000	71640000	diff_tad_400
chr9	71640000	72560000	control_tad_2892	chr9	71880000	72560000	diff_tad_401
chr9	75800000	76280000	control_tad_2901	chr9	75840000	76280000	diff_tad_402
chr9	76280000	76960000	control_tad_2902	chr9	76280000	77360000	diff_tad_403
chr9	76960000	77360000	control_tad_2903	chr9	76280000	77360000	diff_tad_403
chr9	81720000	82160000	control_tad_2914	chr9	81720000	82800000	diff_tad_404
chr9	82160000	82800000	control_tad_2915	chr9	81720000	82800000	diff_tad_404
chr9	82800000	83200000	control_tad_2916	chr9	82800000	83200000	diff_tad_405
chr9	84320000	84480000	control_tad_2919	chr9	84320000	85240000	diff_tad_406
chr9	84480000	84720000	control_tad_2920	chr9	84320000	85240000	diff_tad_406
chr9	84720000	85240000	control_tad_2921	chr9	84320000	85240000	diff_tad_406
chr9	85240000	85560000	control_tad_2922	chr9	85240000	85560000	diff_tad_407
chr9	87880000	89560000	control_tad_2929	chr9	89040000	89560000	diff_tad_408
chr9	89560000	89960000	control_tad_2930	chr9	89560000	89960000	diff_tad_409
chr9	93640000	94200000	control_tad_2940	chr9	93640000	94200000	diff_tad_410
chr9	94880000	95080000	control_tad_2943	chr9	94880000	96440000	diff_tad_411
chr9	95080000	95400000	control_tad_2944	chr9	94880000	96440000	diff_tad_411
chr9	95400000	96440000	control_tad_2945	chr9	94880000	96440000	diff_tad_411
chr9	110800000	111160000	control_tad_2977	chr9	111040000	111600000	diff_tad_412
chr9	111160000	111600000	control_tad_2978	chr9	111040000	111600000	diff_tad_412
chr9	112160000	112640000	control_tad_2980	chr9	112320000	112640000	diff_tad_413
chr9	117800000	118320000	control_tad_2995	chr9	117800000	118320000	diff_tad_414
chr9	118920000	119440000	control_tad_2997	chr9	118920000	119440000	diff_tad_415
chr9	119440000	119800000	control_tad_2998	chr9	119440000	120400000	diff_tad_416
chr9	119800000	120360000	control_tad_2999	chr9	119440000	120400000	diff_tad_416
chr9	120360000	120920000	control_tad_3000	chr9	119440000	120400000	diff_tad_416
chr10	840000	1160000	control_tad_3046	chr10	1120000	3200000	diff_tad_417
chr10	1160000	3200000	control_tad_3047	chr10	1120000	3200000	diff_tad_417
chr10	3200000	3840000	control_tad_3048	chr10	3200000	3800000	diff_tad_418
chr10	3200000	3840000	control_tad_3048	chr10	3800000	4840000	diff_tad_419
chr10	3840000	4280000	control_tad_3049	chr10	3800000	4840000	diff_tad_419
chr10	4280000	4880000	control_tad_3050	chr10	3800000	4840000	diff_tad_419
chr10	4280000	4880000	control_tad_3050	chr10	4840000	5480000	diff_tad_420
chr10	4880000	5480000	control_tad_3051	chr10	4840000	5480000	diff_tad_420
chr10	6440000	6720000	control_tad_3054	chr10	6480000	6720000	diff_tad_421
chr10	8080000	8920000	control_tad_3058	chr10	8080000	9360000	diff_tad_422
chr10	8920000	9360000	control_tad_3059	chr10	8080000	9360000	diff_tad_422
chr10	9360000	11080000	control_tad_3060	chr10	9360000	11520000	diff_tad_423
chr10	11080000	11520000	control_tad_3061	chr10	9360000	11520000	diff_tad_423
chr10	12760000	13160000	control_tad_3065	chr10	12760000	13120000	diff_tad_424
chr10	20080000	21160000	control_tad_3080	chr10	20080000	21120000	diff_tad_425
chr10	21560000	21800000	control_tad_3082	chr10	21560000	21800000	diff_tad_426
chr10	44160000	44880000	control_tad_3116	chr10	44160000	44880000	diff_tad_427
chr10	45720000	48960000	control_tad_3119	chr10	47480000	50800000	diff_tad_428
chr10	48960000	49880000	control_tad_3120	chr10	47480000	50800000	diff_tad_428
chr10	49880000	50800000	control_tad_3121	chr10	47480000	50800000	diff_tad_428
chr10	53200000	53720000	control_tad_3126	chr10	53200000	53760000	diff_tad_429
chr10	53720000	54000000	control_tad_3127	chr10	53200000	53760000	diff_tad_429
chr10	54960000	55360000	control_tad_3131	chr10	55320000	56840000	diff_tad_430
chr10	55360000	55600000	control_tad_3132	chr10	55320000	56840000	diff_tad_430
chr10	55600000	56160000	control_tad_3133	chr10	55320000	56840000	diff_tad_430
chr10	56160000	56840000	control_tad_3134	chr10	55320000	56840000	diff_tad_430
chr10	64000000	64920000	control_tad_3150	chr10	64000000	64920000	diff_tad_431
chr10	64920000	65600000	control_tad_3151	chr10	64920000	65600000	diff_tad_432
chr10	67960000	68720000	control_tad_3155	chr10	67960000	68680000	diff_tad_433
chr10	78920000	79560000	control_tad_3175	chr10	78920000	79800000	diff_tad_434
chr10	79560000	79800000	control_tad_3176	chr10	78920000	79800000	diff_tad_434
chr10	79800000	80400000	control_tad_3177	chr10	79800000	81000000	diff_tad_435
chr10	80400000	80960000	control_tad_3178	chr10	79800000	81000000	diff_tad_435
chr10	80960000	81280000	control_tad_3179	chr10	79800000	81000000	diff_tad_435
chr10	82400000	84160000	control_tad_3182	chr10	82440000	84160000	diff_tad_436
chr10	91520000	91920000	control_tad_3200	chr10	91560000	92640000	diff_tad_437
chr10	91920000	92640000	control_tad_3201	chr10	91560000	92640000	diff_tad_437
chr10	92640000	93040000	control_tad_3202	chr10	92640000	93040000	diff_tad_438
chr10	99880000	100200000	control_tad_3223	chr10	99880000	100200000	diff_tad_439
chr10	106120000	106400000	control_tad_3237	chr10	106120000	107960000	diff_tad_440
chr10	106400000	106840000	control_tad_3238	chr10	106120000	107960000	diff_tad_440
chr10	106840000	108080000	control_tad_3239	chr10	106120000	107960000	diff_tad_440
chr10	110320000	111640000	control_tad_3244	chr10	110760000	111640000	diff_tad_441
chr10	114240000	114920000	control_tad_3251	chr10	114240000	114920000	diff_tad_442
chr10	117200000	117520000	control_tad_3257	chr10	117440000	118160000	diff_tad_443
chr10	117520000	118240000	control_tad_3258	chr10	117440000	118160000	diff_tad_443
chr10	121680000	122160000	control_tad_3266	chr10	121720000	122680000	diff_tad_444
chr10	122160000	122680000	control_tad_3267	chr10	121720000	122680000	diff_tad_444
chr10	122680000	123680000	control_tad_3268	chr10	122680000	123360000	diff_tad_445
chr10	124760000	125320000	control_tad_3271	chr10	124800000	125320000	diff_tad_446
chr10	125320000	125720000	control_tad_3272	chr10	125320000	125760000	diff_tad_447
chr10	125720000	126080000	control_tad_3273	chr10	125320000	125760000	diff_tad_447
chr10	126680000	127400000	control_tad_3276	chr10	126680000	127400000	diff_tad_448
chr10	127400000	128200000	control_tad_3277	chr10	127400000	128200000	diff_tad_449
chr10	130000000	130840000	control_tad_3282	chr10	130000000	130800000	diff_tad_450
chr10	130000000	130840000	control_tad_3282	chr10	130800000	132000000	diff_tad_451
chr10	130840000	132000000	control_tad_3283	chr10	130800000	132000000	diff_tad_451
chr10	132000000	133700000	control_tad_3284	chr10	132000000	133700000	diff_tad_452
chr11	8160000	8600000	control_tad_3303	chr11	8160000	8600000	diff_tad_453
chr11	10760000	11040000	control_tad_3308	chr11	10760000	11800000	diff_tad_454
chr11	11040000	11320000	control_tad_3309	chr11	10760000	11800000	diff_tad_454
chr11	11320000	12320000	control_tad_3310	chr11	10760000	11800000	diff_tad_454
chr11	12320000	12960000	control_tad_3311	chr11	12320000	12960000	diff_tad_455
chr11	12960000	13200000	control_tad_3312	chr11	12960000	13200000	diff_tad_456
chr11	14560000	15240000	control_tad_3317	chr11	14560000	15280000	diff_tad_457
chr11	15240000	15640000	control_tad_3318	chr11	14560000	15280000	diff_tad_457
chr11	15240000	15640000	control_tad_3318	chr11	15280000	16800000	diff_tad_458
chr11	15640000	16240000	control_tad_3319	chr11	15280000	16800000	diff_tad_458
chr11	16240000	16800000	control_tad_3320	chr11	15280000	16800000	diff_tad_458
chr11	28560000	29400000	control_tad_3342	chr11	29360000	30360000	diff_tad_459
chr11	29400000	30120000	control_tad_3343	chr11	29360000	30360000	diff_tad_459
chr11	30120000	30360000	control_tad_3344	chr11	29360000	30360000	diff_tad_459
chr11	30360000	30960000	control_tad_3345	chr11	30360000	30960000	diff_tad_460
chr11	39400000	40320000	control_tad_3363	chr11	39400000	40320000	diff_tad_461
chr11	41440000	43320000	control_tad_3365	chr11	42560000	43320000	diff_tad_462
chr11	57600000	58280000	control_tad_3384	chr11	57600000	58280000	diff_tad_463
chr11	67760000	68360000	control_tad_3408	chr11	68200000	68880000	diff_tad_464
chr11	68360000	68880000	control_tad_3409	chr11	68200000	68880000	diff_tad_464
chr11	68880000	69480000	control_tad_3410	chr11	68880000	69480000	diff_tad_465
chr11	73640000	73960000	control_tad_3421	chr11	73640000	73960000	diff_tad_466
chr11	78320000	78800000	control_tad_3429	chr11	78320000	82400000	diff_tad_467
chr11	78800000	79440000	control_tad_3430	chr11	78320000	82400000	diff_tad_467
chr11	79440000	79880000	control_tad_3431	chr11	78320000	82400000	diff_tad_467
chr11	79880000	80720000	control_tad_3432	chr11	78320000	82400000	diff_tad_467
chr11	80720000	80960000	control_tad_3433	chr11	78320000	82400000	diff_tad_467
chr11	80960000	81320000	control_tad_3434	chr11	78320000	82400000	diff_tad_467
chr11	81320000	81960000	control_tad_3435	chr11	78320000	82400000	diff_tad_467
chr11	81960000	82400000	control_tad_3436	chr11	78320000	82400000	diff_tad_467
chr11	83000000	83520000	control_tad_3438	chr11	83000000	83520000	diff_tad_468
chr11	83520000	84440000	control_tad_3439	chr11	84280000	85280000	diff_tad_470
chr11	83520000	84440000	control_tad_3439	chr11	83520000	84280000	diff_tad_469
chr11	84440000	85280000	control_tad_3440	chr11	84280000	85280000	diff_tad_470
chr11	86560000	87040000	control_tad_3444	chr11	86560000	87040000	diff_tad_471
chr11	88800000	89400000	control_tad_3447	chr11	88800000	89400000	diff_tad_472
chr11	89400000	90200000	control_tad_3448	chr11	89400000	92640000	diff_tad_473
chr11	90200000	90720000	control_tad_3449	chr11	89400000	92640000	diff_tad_473
chr11	90720000	91000000	control_tad_3450	chr11	89400000	92640000	diff_tad_473
chr11	91000000	92280000	control_tad_3451	chr11	89400000	92640000	diff_tad_473
chr11	92280000	92640000	control_tad_3452	chr11	89400000	92640000	diff_tad_473
chr11	92640000	92960000	control_tad_3453	chr11	92640000	92960000	diff_tad_474
chr11	96160000	96720000	control_tad_3460	chr11	96160000	97040000	diff_tad_475
chr11	96720000	98880000	control_tad_3461	chr11	96160000	97040000	diff_tad_475
chr11	96720000	98880000	control_tad_3461	chr11	97040000	98920000	diff_tad_476
chr11	98880000	100440000	control_tad_3462	chr11	99640000	100440000	diff_tad_477
chr11	98880000	100440000	control_tad_3462	chr11	97040000	98920000	diff_tad_476
chr11	100440000	100840000	control_tad_3463	chr11	100440000	100840000	diff_tad_478
chr11	100840000	101280000	control_tad_3464	chr11	100840000	101320000	diff_tad_479
chr11	101280000	101720000	control_tad_3465	chr11	100840000	101320000	diff_tad_479
chr11	102560000	102960000	control_tad_3468	chr11	102560000	103520000	diff_tad_480
chr11	102960000	103520000	control_tad_3469	chr11	102560000	103520000	diff_tad_480
chr11	107400000	107880000	control_tad_3477	chr11	107840000	108560000	diff_tad_481
chr11	107880000	108560000	control_tad_3478	chr11	107840000	108560000	diff_tad_481
chr11	108560000	109800000	control_tad_3479	chr11	108560000	108840000	diff_tad_482
chr11	108560000	109800000	control_tad_3479	chr11	108840000	109800000	diff_tad_483
chr11	110320000	111120000	control_tad_3481	chr11	110320000	111120000	diff_tad_484
chr11	112440000	112680000	control_tad_3485	chr11	112440000	112680000	diff_tad_485
chr11	113640000	114160000	control_tad_3488	chr11	114120000	115160000	diff_tad_486
chr11	114160000	114600000	control_tad_3489	chr11	114120000	115160000	diff_tad_486
chr11	114600000	115200000	control_tad_3490	chr11	114120000	115160000	diff_tad_486
chr11	114600000	115200000	control_tad_3490	chr11	115160000	116600000	diff_tad_487
chr11	115200000	116120000	control_tad_3491	chr11	115160000	116600000	diff_tad_487
chr11	116120000	116560000	control_tad_3492	chr11	115160000	116600000	diff_tad_487
chr11	116560000	117280000	control_tad_3493	chr11	115160000	116600000	diff_tad_487
chr11	117280000	117680000	control_tad_3494	chr11	117280000	117680000	diff_tad_488
chr11	120360000	120800000	control_tad_3499	chr11	120400000	120800000	diff_tad_489
chr11	122080000	122440000	control_tad_3503	chr11	122080000	122440000	diff_tad_490
chr11	124720000	125320000	control_tad_3512	chr11	125000000	125320000	diff_tad_491
chr11	130760000	131560000	control_tad_3525	chr11	130760000	131560000	diff_tad_492
chr12	3400000	3960000	control_tad_3535	chr12	3400000	3960000	diff_tad_493
chr12	9200000	9440000	control_tad_3549	chr12	9200000	9880000	diff_tad_494
chr12	9440000	10360000	control_tad_3550	chr12	9200000	9880000	diff_tad_494
chr12	13880000	14320000	control_tad_3559	chr12	13880000	14320000	diff_tad_495
chr12	16520000	17080000	control_tad_3566	chr12	16520000	19000000	diff_tad_496
chr12	17080000	18560000	control_tad_3567	chr12	16520000	19000000	diff_tad_496
chr12	18560000	19000000	control_tad_3568	chr12	16520000	19000000	diff_tad_496
chr12	19000000	19440000	control_tad_3569	chr12	19000000	19320000	diff_tad_497
chr12	19880000	20560000	control_tad_3571	chr12	19880000	20560000	diff_tad_498
chr12	22840000	23360000	control_tad_3579	chr12	22840000	25000000	diff_tad_499
chr12	23360000	24240000	control_tad_3580	chr12	22840000	25000000	diff_tad_499
chr12	24240000	25000000	control_tad_3581	chr12	22840000	25000000	diff_tad_499
chr12	25560000	26240000	control_tad_3584	chr12	25560000	26240000	diff_tad_500
chr12	26240000	26840000	control_tad_3585	chr12	26240000	27560000	diff_tad_501
chr12	26840000	27040000	control_tad_3586	chr12	26240000	27560000	diff_tad_501
chr12	27040000	27560000	control_tad_3587	chr12	26240000	27560000	diff_tad_501
chr12	27840000	28120000	control_tad_3589	chr12	27880000	28120000	diff_tad_502
chr12	28120000	28360000	control_tad_3590	chr12	28320000	28720000	diff_tad_503
chr12	28360000	28720000	control_tad_3591	chr12	28320000	28720000	diff_tad_503
chr12	28720000	29160000	control_tad_3592	chr12	28720000	29200000	diff_tad_504
chr12	29160000	29680000	control_tad_3593	chr12	28720000	29200000	diff_tad_504
chr12	31800000	32200000	control_tad_3598	chr12	31800000	32200000	diff_tad_505
chr12	32200000	32480000	control_tad_3599	chr12	32200000	32480000	diff_tad_506
chr12	32480000	32880000	control_tad_3600	chr12	32480000	32920000	diff_tad_507
chr12	32880000	33120000	control_tad_3601	chr12	32480000	32920000	diff_tad_507
chr12	39040000	39320000	control_tad_3607	chr12	39280000	39680000	diff_tad_508
chr12	39320000	39680000	control_tad_3608	chr12	39280000	39680000	diff_tad_508
chr12	39680000	40120000	control_tad_3609	chr12	39680000	40120000	diff_tad_509
chr12	40120000	40520000	control_tad_3610	chr12	40120000	40520000	diff_tad_510
chr12	44320000	45520000	control_tad_3619	chr12	44320000	45520000	diff_tad_511
chr12	55560000	56040000	control_tad_3645	chr12	55560000	56040000	diff_tad_512
chr12	72360000	72760000	control_tad_3679	chr12	72360000	72720000	diff_tad_513
chr12	72360000	72760000	control_tad_3679	chr12	72720000	75080000	diff_tad_514
chr12	72760000	74320000	control_tad_3680	chr12	72720000	75080000	diff_tad_514
chr12	74320000	74800000	control_tad_3681	chr12	72720000	75080000	diff_tad_514
chr12	74800000	75080000	control_tad_3682	chr12	72720000	75080000	diff_tad_514
chr12	83400000	83800000	control_tad_3702	chr12	83400000	85240000	diff_tad_515
chr12	83800000	84200000	control_tad_3703	chr12	83400000	85240000	diff_tad_515
chr12	84200000	85240000	control_tad_3704	chr12	83400000	85240000	diff_tad_515
chr12	89400000	89920000	control_tad_3714	chr12	89400000	89920000	diff_tad_516
chr12	89920000	91360000	control_tad_3715	chr12	89920000	91360000	diff_tad_517
chr12	92520000	93400000	control_tad_3719	chr12	93360000	93800000	diff_tad_518
chr12	93400000	93800000	control_tad_3720	chr12	93360000	93800000	diff_tad_518
chr12	95960000	96400000	control_tad_3726	chr12	95960000	96240000	diff_tad_519
chr12	96920000	97360000	control_tad_3729	chr12	96920000	97400000	diff_tad_520
chr12	97360000	98120000	control_tad_3730	chr12	96920000	97400000	diff_tad_520
chr12	97360000	98120000	control_tad_3730	chr12	97400000	98800000	diff_tad_521
chr12	98120000	98400000	control_tad_3731	chr12	97400000	98800000	diff_tad_521
chr12	98400000	98800000	control_tad_3732	chr12	97400000	98800000	diff_tad_521
chr12	106760000	107520000	control_tad_3751	chr12	106760000	107320000	diff_tad_522
chr12	106760000	107520000	control_tad_3751	chr12	107320000	108040000	diff_tad_523
chr12	107520000	108040000	control_tad_3752	chr12	107320000	108040000	diff_tad_523
chr12	115080000	115840000	control_tad_3769	chr12	115080000	116400000	diff_tad_524
chr12	115840000	116400000	control_tad_3770	chr12	115080000	116400000	diff_tad_524
chr12	118840000	120080000	control_tad_3777	chr12	118840000	120080000	diff_tad_525
chr12	128600000	130520000	control_tad_3793	chr12	129240000	130520000	diff_tad_526
chr13	22200000	23360000	control_tad_3805	chr13	22200000	23360000	diff_tad_527
chr13	23920000	24480000	control_tad_3807	chr13	23920000	24480000	diff_tad_528
chr13	24480000	24840000	control_tad_3808	chr13	24480000	25560000	diff_tad_529
chr13	24840000	25120000	control_tad_3809	chr13	24480000	25560000	diff_tad_529
chr13	25120000	25320000	control_tad_3810	chr13	24480000	25560000	diff_tad_529
chr13	25320000	25560000	control_tad_3811	chr13	24480000	25560000	diff_tad_529
chr13	29400000	29960000	control_tad_3820	chr13	29400000	30040000	diff_tad_530
chr13	29960000	30320000	control_tad_3821	chr13	29400000	30040000	diff_tad_530
chr13	32000000	32400000	control_tad_3826	chr13	32000000	32400000	diff_tad_531
chr13	32400000	32880000	control_tad_3827	chr13	32400000	32880000	diff_tad_532
chr13	33680000	34120000	control_tad_3830	chr13	33680000	34120000	diff_tad_533
chr13	34120000	34320000	control_tad_3831	chr13	34120000	34320000	diff_tad_534
chr13	34320000	34680000	control_tad_3832	chr13	34320000	35760000	diff_tad_535
chr13	34680000	35760000	control_tad_3833	chr13	34320000	35760000	diff_tad_535
chr13	35760000	36560000	control_tad_3834	chr13	35760000	36520000	diff_tad_536
chr13	35760000	36560000	control_tad_3834	chr13	36520000	37640000	diff_tad_537
chr13	36560000	36840000	control_tad_3835	chr13	36520000	37640000	diff_tad_537
chr13	36840000	37640000	control_tad_3836	chr13	36520000	37640000	diff_tad_537
chr13	37640000	38200000	control_tad_3837	chr13	37640000	38200000	diff_tad_538
chr13	42240000	42720000	control_tad_3847	chr13	42240000	43160000	diff_tad_539
chr13	42720000	43160000	control_tad_3848	chr13	42240000	43160000	diff_tad_539
chr13	43680000	44480000	control_tad_3850	chr13	43680000	44480000	diff_tad_540
chr13	44480000	45040000	control_tad_3851	chr13	44480000	45040000	diff_tad_541
chr13	52360000	52800000	control_tad_3869	chr13	52400000	52840000	diff_tad_542
chr13	52800000	53040000	control_tad_3870	chr13	52400000	52840000	diff_tad_542
chr13	53760000	54280000	control_tad_3872	chr13	53800000	54360000	diff_tad_543
chr13	54280000	55360000	control_tad_3873	chr13	53800000	54360000	diff_tad_543
chr13	62600000	65040000	control_tad_3882	chr13	62960000	63680000	diff_tad_544
chr13	68840000	70080000	control_tad_3887	chr13	68880000	69520000	diff_tad_545
chr13	74880000	75280000	control_tad_3898	chr13	74880000	75840000	diff_tad_546
chr13	75280000	75840000	control_tad_3899	chr13	74880000	75840000	diff_tad_546
chr13	83560000	84360000	control_tad_3917	chr13	83560000	85440000	diff_tad_547
chr13	84360000	85440000	control_tad_3918	chr13	83560000	85440000	diff_tad_547
chr13	85440000	86400000	control_tad_3919	chr13	85440000	86400000	diff_tad_548
chr13	88320000	89720000	control_tad_3923	chr13	89000000	89720000	diff_tad_549
chr13	93880000	95040000	control_tad_3934	chr13	93880000	94600000	diff_tad_550
chr13	95280000	95840000	control_tad_3936	chr13	95320000	95840000	diff_tad_551
chr13	96120000	96640000	control_tad_3938	chr13	96520000	97680000	diff_tad_552
chr13	96640000	97640000	control_tad_3939	chr13	96520000	97680000	diff_tad_552
chr13	97640000	98040000	control_tad_3940	chr13	96520000	97680000	diff_tad_552
chr13	101800000	102160000	control_tad_3949	chr13	101800000	102160000	diff_tad_553
chr13	106720000	107200000	control_tad_3960	chr13	106720000	107200000	diff_tad_554
chr13	107800000	108880000	control_tad_3962	chr13	107840000	108520000	diff_tad_555
chr14	22040000	22560000	control_tad_3974	chr14	22040000	24040000	diff_tad_556
chr14	22560000	23720000	control_tad_3975	chr14	22040000	24040000	diff_tad_556
chr14	23720000	24040000	control_tad_3976	chr14	22040000	24040000	diff_tad_556
chr14	24040000	24440000	control_tad_3977	chr14	24040000	24440000	diff_tad_557
chr14	24920000	25200000	control_tad_3979	chr14	25160000	27480000	diff_tad_558
chr14	25200000	25880000	control_tad_3980	chr14	25160000	27480000	diff_tad_558
chr14	25880000	26600000	control_tad_3981	chr14	25160000	27480000	diff_tad_558
chr14	26600000	27480000	control_tad_3982	chr14	25160000	27480000	diff_tad_558
chr14	31920000	32400000	control_tad_3992	chr14	31920000	32520000	diff_tad_559
chr14	32400000	32720000	control_tad_3993	chr14	31920000	32520000	diff_tad_559
chr14	32720000	33040000	control_tad_3994	chr14	32720000	33040000	diff_tad_560
chr14	34800000	35040000	control_tad_3999	chr14	35000000	35600000	diff_tad_561
chr14	35040000	35600000	control_tad_4000	chr14	35000000	35600000	diff_tad_561
chr14	37080000	37720000	control_tad_4004	chr14	37680000	38080000	diff_tad_562
chr14	37720000	38360000	control_tad_4005	chr14	37680000	38080000	diff_tad_562
chr14	50320000	50600000	control_tad_4027	chr14	50320000	50600000	diff_tad_563
chr14	58560000	58960000	control_tad_4044	chr14	58920000	59600000	diff_tad_564
chr14	58960000	59560000	control_tad_4045	chr14	58920000	59600000	diff_tad_564
chr14	59560000	59960000	control_tad_4046	chr14	58920000	59600000	diff_tad_564
chr14	59560000	59960000	control_tad_4046	chr14	59600000	59920000	diff_tad_565
chr14	62320000	62640000	control_tad_4052	chr14	62320000	62600000	diff_tad_566
chr14	62320000	62640000	control_tad_4052	chr14	62600000	63800000	diff_tad_567
chr14	62640000	63520000	control_tad_4053	chr14	62600000	63800000	diff_tad_567
chr14	63520000	63840000	control_tad_4054	chr14	62600000	63800000	diff_tad_567
chr14	70520000	70800000	control_tad_4070	chr14	70520000	70760000	diff_tad_568
chr14	70520000	70800000	control_tad_4070	chr14	70760000	71040000	diff_tad_569
chr14	70800000	71040000	control_tad_4071	chr14	70760000	71040000	diff_tad_569
chr14	71040000	71560000	control_tad_4072	chr14	71040000	71280000	diff_tad_570
chr14	71560000	72960000	control_tad_4073	chr14	71560000	72240000	diff_tad_571
chr14	89480000	90400000	control_tad_4105	chr14	89880000	90400000	diff_tad_572
chr14	90720000	91200000	control_tad_4107	chr14	90720000	91200000	diff_tad_573
chr14	91960000	92600000	control_tad_4109	chr14	92400000	94120000	diff_tad_574
chr14	92600000	93680000	control_tad_4110	chr14	92400000	94120000	diff_tad_574
chr14	93680000	94080000	control_tad_4111	chr14	92400000	94120000	diff_tad_574
chr14	94080000	94400000	control_tad_4112	chr14	92400000	94120000	diff_tad_574
chr14	94080000	94400000	control_tad_4112	chr14	94120000	94400000	diff_tad_575
chr14	96040000	96440000	control_tad_4116	chr14	96040000	96440000	diff_tad_576
chr14	97360000	98440000	control_tad_4119	chr14	97400000	98400000	diff_tad_577
chr14	97360000	98440000	control_tad_4119	chr14	98400000	99960000	diff_tad_578
chr14	98440000	99760000	control_tad_4120	chr14	98400000	99960000	diff_tad_578
chr14	99760000	100440000	control_tad_4121	chr14	98400000	99960000	diff_tad_578
chr14	104520000	105120000	control_tad_4132	chr14	104520000	106000000	diff_tad_579
chr14	105120000	106000000	control_tad_4133	chr14	104520000	106000000	diff_tad_579
chr15	22620000	25720000	control_tad_4134	chr15	22720000	24120000	diff_tad_581
chr15	27120000	28360000	control_tad_4136	chr15	27120000	28360000	diff_tad_582
chr15	31800000	32920000	control_tad_4143	chr15	31800000	33520000	diff_tad_583
chr15	32920000	33280000	control_tad_4144	chr15	31800000	33520000	diff_tad_583
chr15	33280000	33520000	control_tad_4145	chr15	31800000	33520000	diff_tad_583
chr15	37440000	38280000	control_tad_4156	chr15	38240000	38720000	diff_tad_584
chr15	38280000	38720000	control_tad_4157	chr15	38240000	38720000	diff_tad_584
chr15	46000000	46560000	control_tad_4175	chr15	46000000	46600000	diff_tad_585
chr15	46560000	47480000	control_tad_4176	chr15	46000000	46600000	diff_tad_585
chr15	46560000	47480000	control_tad_4176	chr15	46600000	47480000	diff_tad_586
chr15	47480000	48280000	control_tad_4177	chr15	47480000	48320000	diff_tad_587
chr15	48280000	48640000	control_tad_4178	chr15	47480000	48320000	diff_tad_587
chr15	55760000	56160000	control_tad_4192	chr15	55760000	56760000	diff_tad_588
chr15	56160000	56520000	control_tad_4193	chr15	55760000	56760000	diff_tad_588
chr15	56520000	56760000	control_tad_4194	chr15	55760000	56760000	diff_tad_588
chr15	71720000	72120000	control_tad_4227	chr15	71760000	72040000	diff_tad_589
chr15	93600000	94680000	control_tad_4269	chr15	93600000	94680000	diff_tad_590
chr15	95200000	95560000	control_tad_4272	chr15	95200000	95560000	diff_tad_591
chr15	96920000	97840000	control_tad_4275	chr15	97800000	98320000	diff_tad_592
chr15	97840000	98440000	control_tad_4276	chr15	97800000	98320000	diff_tad_592
chr15	99000000	99800000	control_tad_4279	chr15	99000000	99800000	diff_tad_593
chr16	6720000	8600000	control_tad_4294	chr16	7040000	8600000	diff_tad_594
chr16	14000000	14360000	control_tad_4307	chr16	14000000	14360000	diff_tad_595
chr16	19560000	19920000	control_tad_4317	chr16	19560000	19920000	diff_tad_596
chr16	19920000	20400000	control_tad_4318	chr16	19920000	20800000	diff_tad_597
chr16	20400000	20760000	control_tad_4319	chr16	19920000	20800000	diff_tad_597
chr16	20760000	21160000	control_tad_4320	chr16	19920000	20800000	diff_tad_597
chr16	24040000	24520000	control_tad_4326	chr16	24040000	24520000	diff_tad_598
chr16	25280000	27160000	control_tad_4329	chr16	25280000	25840000	diff_tad_599
chr16	25280000	27160000	control_tad_4329	chr16	25840000	27160000	diff_tad_600
chr16	27480000	28080000	control_tad_4331	chr16	27480000	30040000	diff_tad_601
chr16	28080000	29000000	control_tad_4332	chr16	27480000	30040000	diff_tad_601
chr16	29000000	30040000	control_tad_4333	chr16	27480000	30040000	diff_tad_601
chr16	31480000	34100000	control_tad_4338	chr16	31480000	34100000	diff_tad_602
chr16	46440000	47480000	control_tad_4341	chr16	47200000	48200000	diff_tad_603
chr16	47480000	48200000	control_tad_4342	chr16	47200000	48200000	diff_tad_603
chr16	50840000	51800000	control_tad_4348	chr16	50880000	51800000	diff_tad_604
chr16	52040000	53040000	control_tad_4350	chr16	52080000	53080000	diff_tad_605
chr16	53040000	53560000	control_tad_4351	chr16	52080000	53080000	diff_tad_605
chr16	55920000	56400000	control_tad_4358	chr16	55920000	56360000	diff_tad_606
chr16	55920000	56400000	control_tad_4358	chr16	56360000	58520000	diff_tad_607
chr16	56400000	56800000	control_tad_4359	chr16	56360000	58520000	diff_tad_607
chr16	56800000	57280000	control_tad_4360	chr16	56360000	58520000	diff_tad_607
chr16	57280000	57560000	control_tad_4361	chr16	56360000	58520000	diff_tad_607
chr16	57560000	58520000	control_tad_4362	chr16	56360000	58520000	diff_tad_607
chr16	58800000	62160000	control_tad_4364	chr16	58800000	62160000	diff_tad_608
chr16	62160000	63360000	control_tad_4365	chr16	62160000	63360000	diff_tad_609
chr16	63360000	64080000	control_tad_4366	chr16	63360000	64080000	diff_tad_610
chr16	64080000	65160000	control_tad_4367	chr16	64080000	64520000	diff_tad_611
chr16	70320000	71400000	control_tad_4379	chr16	70880000	71680000	diff_tad_612
chr16	71400000	71680000	control_tad_4380	chr16	70880000	71680000	diff_tad_612
chr16	72840000	73240000	control_tad_4383	chr16	72840000	73240000	diff_tad_613
chr16	73240000	73960000	control_tad_4384	chr16	73240000	74320000	diff_tad_614
chr16	73960000	74320000	control_tad_4385	chr16	73240000	74320000	diff_tad_614
chr16	77240000	77680000	control_tad_4393	chr16	77240000	77680000	diff_tad_615
chr16	77680000	78120000	control_tad_4394	chr16	77680000	78120000	diff_tad_616
chr16	78120000	78520000	control_tad_4395	chr16	78120000	78520000	diff_tad_617
chr16	78520000	78760000	control_tad_4396	chr16	78520000	79640000	diff_tad_618
chr16	78760000	79120000	control_tad_4397	chr16	78520000	79640000	diff_tad_618
chr16	79120000	79600000	control_tad_4398	chr16	78520000	79640000	diff_tad_618
chr16	79600000	80120000	control_tad_4399	chr16	78520000	79640000	diff_tad_618
chr16	79600000	80120000	control_tad_4399	chr16	79640000	80560000	diff_tad_619
chr16	80120000	80560000	control_tad_4400	chr16	79640000	80560000	diff_tad_619
chr16	81400000	81760000	control_tad_4403	chr16	81400000	81800000	diff_tad_620
chr16	81760000	82280000	control_tad_4404	chr16	81400000	81800000	diff_tad_620
chr16	86080000	86560000	control_tad_4414	chr16	86080000	86560000	diff_tad_621
chr16	87960000	89280000	control_tad_4418	chr16	87960000	89280000	diff_tad_622
chr17	13520000	13920000	control_tad_4445	chr17	13520000	14200000	diff_tad_623
chr17	13920000	14200000	control_tad_4446	chr17	13520000	14200000	diff_tad_623
chr17	14200000	14840000	control_tad_4447	chr17	14200000	15120000	diff_tad_624
chr17	14840000	15120000	control_tad_4448	chr17	14200000	15120000	diff_tad_624
chr17	25920000	26240000	control_tad_4461	chr17	25960000	27280000	diff_tad_625
chr17	26240000	26520000	control_tad_4462	chr17	25960000	27280000	diff_tad_625
chr17	26520000	27040000	control_tad_4463	chr17	25960000	27280000	diff_tad_625
chr17	27040000	27280000	control_tad_4464	chr17	25960000	27280000	diff_tad_625
chr17	30760000	31320000	control_tad_4475	chr17	30800000	32080000	diff_tad_626
chr17	31320000	31640000	control_tad_4476	chr17	30800000	32080000	diff_tad_626
chr17	31640000	32120000	control_tad_4477	chr17	30800000	32080000	diff_tad_626
chr17	63200000	64160000	control_tad_4541	chr17	63200000	64200000	diff_tad_627
chr17	64160000	64680000	control_tad_4542	chr17	63200000	64200000	diff_tad_627
chr17	67560000	68160000	control_tad_4550	chr17	67560000	68160000	diff_tad_628
chr17	69480000	70120000	control_tad_4554	chr17	69480000	70120000	diff_tad_629
chr17	72200000	72720000	control_tad_4561	chr17	72200000	73240000	diff_tad_630
chr17	72720000	73240000	control_tad_4562	chr17	72200000	73240000	diff_tad_630
chr18	4080000	5080000	control_tad_4586	chr18	4080000	5080000	diff_tad_631
chr18	6520000	6920000	control_tad_4589	chr18	6520000	6880000	diff_tad_632
chr18	6520000	6920000	control_tad_4589	chr18	6880000	7200000	diff_tad_633
chr18	6920000	7200000	control_tad_4590	chr18	6880000	7200000	diff_tad_633
chr18	9560000	9960000	control_tad_4595	chr18	9560000	9960000	diff_tad_634
chr18	9960000	10520000	control_tad_4596	chr18	9960000	10520000	diff_tad_635
chr18	10520000	10800000	control_tad_4597	chr18	10520000	11240000	diff_tad_636
chr18	10800000	11640000	control_tad_4598	chr18	10520000	11240000	diff_tad_636
chr18	10800000	11640000	control_tad_4598	chr18	11240000	12280000	diff_tad_637
chr18	11640000	12040000	control_tad_4599	chr18	11240000	12280000	diff_tad_637
chr18	12040000	12320000	control_tad_4600	chr18	11240000	12280000	diff_tad_637
chr18	13160000	13800000	control_tad_4604	chr18	13160000	13800000	diff_tad_638
chr18	27440000	27880000	control_tad_4629	chr18	27440000	27880000	diff_tad_639
chr18	28560000	29120000	control_tad_4631	chr18	28560000	29720000	diff_tad_640
chr18	29120000	29720000	control_tad_4632	chr18	28560000	29720000	diff_tad_640
chr18	34400000	34920000	control_tad_4643	chr18	34400000	34920000	diff_tad_641
chr18	35160000	37160000	control_tad_4645	chr18	35160000	37160000	diff_tad_642
chr18	37160000	38000000	control_tad_4646	chr18	37400000	39320000	diff_tad_643
chr18	38000000	38680000	control_tad_4647	chr18	37400000	39320000	diff_tad_643
chr18	38680000	38960000	control_tad_4648	chr18	37400000	39320000	diff_tad_643
chr18	38960000	39320000	control_tad_4649	chr18	37400000	39320000	diff_tad_643
chr18	44560000	44760000	control_tad_4664	chr18	44560000	45280000	diff_tad_644
chr18	44760000	45280000	control_tad_4665	chr18	44560000	45280000	diff_tad_644
chr18	47960000	48320000	control_tad_4673	chr18	47960000	48320000	diff_tad_645
chr18	48600000	49200000	control_tad_4675	chr18	49160000	51640000	diff_tad_646
chr18	49200000	49880000	control_tad_4676	chr18	49160000	51640000	diff_tad_646
chr18	49880000	51640000	control_tad_4677	chr18	49160000	51640000	diff_tad_646
chr18	52680000	53560000	control_tad_4681	chr18	52680000	54000000	diff_tad_647
chr18	53560000	54280000	control_tad_4682	chr18	52680000	54000000	diff_tad_647
chr18	59200000	59800000	control_tad_4692	chr18	59200000	59800000	diff_tad_648
chr18	61160000	61680000	control_tad_4696	chr18	61160000	61680000	diff_tad_649
chr18	61680000	64160000	control_tad_4697	chr18	61680000	64880000	diff_tad_650
chr18	64160000	64560000	control_tad_4698	chr18	61680000	64880000	diff_tad_650
chr18	64560000	65160000	control_tad_4699	chr18	61680000	64880000	diff_tad_650
chr18	68120000	69720000	control_tad_4704	chr18	68120000	69040000	diff_tad_651
chr18	68120000	69720000	control_tad_4704	chr18	69040000	70360000	diff_tad_652
chr18	69720000	70360000	control_tad_4705	chr18	69040000	70360000	diff_tad_652
chr18	72960000	73280000	control_tad_4711	chr18	73200000	74080000	diff_tad_653
chr18	73280000	74080000	control_tad_4712	chr18	73200000	74080000	diff_tad_653
chr18	74080000	74480000	control_tad_4713	chr18	74080000	74480000	diff_tad_654
chr18	74960000	75440000	control_tad_4715	chr18	74960000	75740000	diff_tad_655
chr18	75440000	76720000	control_tad_4716	chr18	74960000	75740000	diff_tad_655
chr19	31160000	31520000	control_tad_4771	chr19	31160000	32760000	diff_tad_656
chr19	31520000	32760000	control_tad_4772	chr19	31160000	32760000	diff_tad_656
chr19	43600000	44320000	control_tad_4796	chr19	43600000	44320000	diff_tad_657
chr19	44320000	45000000	control_tad_4797	chr19	44320000	45040000	diff_tad_658
chr19	45000000	45880000	control_tad_4798	chr19	44320000	45040000	diff_tad_658
chr20	9600000	9920000	control_tad_4845	chr20	9600000	9920000	diff_tad_659
chr20	11560000	11960000	control_tad_4850	chr20	11560000	12880000	diff_tad_660
chr20	11960000	12880000	control_tad_4851	chr20	11560000	12880000	diff_tad_660
chr20	12880000	13280000	control_tad_4852	chr20	13120000	13800000	diff_tad_661
chr20	13280000	13760000	control_tad_4853	chr20	13120000	13800000	diff_tad_661
chr20	13760000	14080000	control_tad_4854	chr20	13800000	14080000	diff_tad_662
chr20	13760000	14080000	control_tad_4854	chr20	13120000	13800000	diff_tad_661
chr20	14080000	15240000	control_tad_4855	chr20	14080000	16480000	diff_tad_663
chr20	15240000	15920000	control_tad_4856	chr20	14080000	16480000	diff_tad_663
chr20	15920000	16480000	control_tad_4857	chr20	14080000	16480000	diff_tad_663
chr20	18600000	19160000	control_tad_4862	chr20	18600000	19640000	diff_tad_664
chr20	19160000	19640000	control_tad_4863	chr20	18600000	19640000	diff_tad_664
chr20	21600000	22280000	control_tad_4869	chr20	21600000	22280000	diff_tad_665
chr20	23320000	23640000	control_tad_4872	chr20	23320000	23640000	diff_tad_666
chr20	37040000	37720000	control_tad_4895	chr20	37680000	38520000	diff_tad_667
chr20	37720000	38520000	control_tad_4896	chr20	37680000	38520000	diff_tad_667
chr20	40360000	42040000	control_tad_4902	chr20	40360000	42040000	diff_tad_668
chr21	15600000	16960000	control_tad_4951	chr21	15600000	16240000	diff_tad_669
chr21	19320000	22360000	control_tad_4958	chr21	20680000	22360000	diff_tad_670
chr21	22360000	26960000	control_tad_4959	chr21	23320000	24160000	diff_tad_671
chr21	30440000	30760000	control_tad_4967	chr21	30440000	30760000	diff_tad_672
chr21	30760000	31640000	control_tad_4968	chr21	30760000	31240000	diff_tad_673
chr21	41120000	41520000	control_tad_4991	chr21	41120000	41520000	diff_tad_674
chr21	44280000	44560000	control_tad_4999	chr21	44280000	44560000	diff_tad_675
chr22	26760000	27080000	control_tad_5032	chr22	26760000	27080000	diff_tad_676
chr22	33640000	34000000	control_tad_5047	chr22	33680000	34320000	diff_tad_677
chr22	34000000	34280000	control_tad_5048	chr22	33680000	34320000	diff_tad_677
chr22	34280000	34800000	control_tad_5049	chr22	33680000	34320000	diff_tad_677
chr22	34280000	34800000	control_tad_5049	chr22	34320000	35640000	diff_tad_678
chr22	34800000	35680000	control_tad_5050	chr22	34320000	35640000	diff_tad_678
chr22	42360000	43000000	control_tad_5066	chr22	42360000	43000000	diff_tad_679
chrX	14080000	14560000	control_tad_5092	chrX	14080000	15280000	diff_tad_680
chrX	14560000	15280000	control_tad_5093	chrX	14080000	15280000	diff_tad_680
chrX	31680000	33440000	control_tad_5119	chrX	32480000	33400000	diff_tad_681
chrX	31680000	33440000	control_tad_5119	chrX	33400000	34360000	diff_tad_682
chrX	33440000	34360000	control_tad_5120	chrX	33400000	34360000	diff_tad_682
chrX	53680000	54840000	control_tad_5149	chrX	54040000	54640000	diff_tad_683
chrX	54840000	55160000	control_tad_5150	chrX	55120000	56280000	diff_tad_684
chrX	55160000	55480000	control_tad_5151	chrX	55120000	56280000	diff_tad_684
chrX	55480000	55760000	control_tad_5152	chrX	55120000	56280000	diff_tad_684
chrX	55760000	56280000	control_tad_5153	chrX	55120000	56280000	diff_tad_684
chrX	57840000	64760000	control_tad_5158	chrX	62440000	63160000	diff_tad_685
chrX	57840000	64760000	control_tad_5158	chrX	63160000	64080000	diff_tad_686
chrX	65240000	65960000	control_tad_5160	chrX	65240000	65960000	diff_tad_687
chrX	65960000	66720000	control_tad_5161	chrX	65960000	66760000	diff_tad_688
chrX	66720000	67400000	control_tad_5162	chrX	65960000	66760000	diff_tad_688
chrX	73800000	75360000	control_tad_5176	chrX	74240000	75360000	diff_tad_689
chrX	86560000	93560000	control_tad_5192	chrX	87880000	91040000	diff_tad_690
chrX	86560000	93560000	control_tad_5192	chrX	91040000	93120000	diff_tad_691
chrX	94560000	96000000	control_tad_5195	chrX	94600000	95000000	diff_tad_692
chrX	96960000	99680000	control_tad_5197	chrX	96960000	97880000	diff_tad_693
chrX	139840000	144440000	control_tad_5257	chrX	143240000	144000000	diff_tad_694
chrX	144440000	147160000	control_tad_5258	chrX	144920000	145760000	diff_tad_695
