Network,Annotation
gene,WP5316|Primary ovarian insufficiency|-6.7;GO:0006568|tryptophan metabolic process|-5.9;R-HSA-194315|Signaling by Rho GTPases|-5.8
gene_MCODE_ALL,R-HSA-1221632|Meiotic synapsis|-10.2;R-HSA-1500620|Meiosis|-9.1;R-HSA-1474165|Reproduction|-8.4
gene_SUB1_MCODE_1,GO:0016310|phosphorylation|-3.0
gene_SUB1_MCODE_2,R-HSA-174411|Polymerase switching on the C-strand of the telomere|-7.7;R-HSA-174417|Telomere C-strand (Lagging Strand) Synthesis|-7.3;R-HSA-180786|Extension of Telomeres|-6.8
gene_SUB1_MCODE_3,R-HSA-1221632|Meiotic synapsis|-15.6;R-HSA-1500620|Meiosis|-14.5;R-HSA-1474165|Reproduction|-13.8
gene_SUB1_MCODE_4,R-HSA-8948216|Collagen chain trimerization|-10.7;M3005|NABA COLLAGENS|-10.7;R-HSA-2022090|Assembly of collagen fibrils and other multimeric structures|-10.1
