Cluster,Score,Type,Gene,Symbol,Network
3,2.3333333333333335,Seed,93426,SYCE1,gene_SUB1
3,2.3333333333333335,Clustered,50511,SYCP3,gene_SUB1
3,2.3333333333333335,Clustered,10735,STAG2,gene_SUB1
3,2.3333333333333335,Clustered,25913,POT1,gene_SUB1
3,2.3333333333333335,Clustered,10274,STAG1,gene_SUB1
3,2.3333333333333335,Clustered,10388,SYCP2,gene_SUB1
4,1.7999999999999998,Clustered,80781,COL18A1,gene_SUB1
4,1.7999999999999998,Clustered,1290,COL5A2,gene_SUB1
4,1.7999999999999998,Clustered,3685,ITGAV,gene_SUB1
4,1.7999999999999998,Clustered,1281,COL3A1,gene_SUB1
4,1.7999999999999998,Seed,255631,COL24A1,gene_SUB1
2,1.2857142857142858,Clustered,63922,CHTF18,gene_SUB1
2,1.2857142857142858,Clustered,5985,RFC5,gene_SUB1
2,1.2857142857142858,Clustered,84128,WDR75,gene_SUB1
2,1.2857142857142858,Seed,64216,TFB2M,gene_SUB1
2,1.2857142857142858,Clustered,23076,RRP1B,gene_SUB1
2,1.2857142857142858,Clustered,5424,POLD1,gene_SUB1
2,1.2857142857142858,Clustered,6191,RPS4X,gene_SUB1
1,1.1111111111111112,Clustered,5564,PRKAB1,gene_SUB1
1,1.1111111111111112,Clustered,11113,CIT,gene_SUB1
1,1.1111111111111112,Clustered,64431,ACTR6,gene_SUB1
1,1.1111111111111112,Clustered,100996331,POTEB,gene_SUB1
1,1.1111111111111112,Clustered,317754,POTED,gene_SUB1
1,1.1111111111111112,Clustered,5230,PGK1,gene_SUB1
1,1.1111111111111112,Seed,10492,SYNCRIP,gene_SUB1
1,1.1111111111111112,Clustered,6596,HLTF,gene_SUB1
1,1.1111111111111112,Clustered,4478,MSN,gene_SUB1
