_MEMBER_gene,_LogP_gene,GO,_PATTERN_,_RANK_,GiniIndex,Category,CategoryID,Description,PARENT_GO,LogP,Enrichment,Z-score,#TotalGeneInLibrary,#GeneInGO,#GeneInHitList,#GeneInGOAndHitList,%InGO,STDV %InGO,GeneID,Hits,Log(q-value),EvidenceCutoff
1,-6.9,M39234,M1,1,0,Cell Type Signatures,7,LAKE ADULT KIDNEY C15 CONNECTING TUBULE,,-6.9,6,7.7,30293,171,415,14,3.4,0.89,3685|3708|4121|5602|11124|23266|26118|51454|53353|54212|55869|58508|64839|160335,ITGAV|ITPR1|MAN1A1|MAPK10|FAF1|ADGRL2|WSB1|GULP1|LRP1B|SNTG1|HDAC8|KMT2C|FBXL17|TMTC2,-3,0
1,-6.7,M39233,M1,1,0,Cell Type Signatures,7,LAKE ADULT KIDNEY C14 DISTAL CONVOLUTED TUBULE,,-6.7,5.3,7.3,30293,208,415,15,3.6,0.92,3708|4121|4983|5793|8821|11124|23266|26118|53353|54901|55869|64839|83478|90293|100302692,ITPR1|MAN1A1|OPHN1|PTPRG|INPP4B|FAF1|ADGRL2|WSB1|LRP1B|CDKAL1|HDAC8|FBXL17|ARHGAP24|KLHL13|FTX,-2.9,0
1,-6,M39223,M1,1,0,Cell Type Signatures,7,LAKE ADULT KIDNEY C4 PROXIMAL TUBULE EPITHELIAL CELLS S2,,-6,5.4,6.9,30293,176,415,13,3.1,0.86,3685|5602|5793|7325|9886|10082|11124|51454|54901|80781|85004|285362|100302692,ITGAV|MAPK10|PTPRG|UBE2E2|RHOBTB1|GPC6|FAF1|GULP1|CDKAL1|COL18A1|RERG|SUMF1|FTX,-2.4,0
1,-5.6,M39167,M1,1,0,Cell Type Signatures,7,GAO LARGE INTESTINE ADULT CJ IMMUNE CELLS,,-5.6,3.2,5.8,30293,505,415,22,5.3,1.1,1281|1290|2159|3708|4015|4478|5602|6935|7035|7049|8436|8490|9839|10082|11167|51454|54510|57520|79839|80781|85358|100132891,COL3A1|COL5A2|F10|ITPR1|LOX|MSN|MAPK10|ZEB1|TFPI|TGFBR3|CAVIN2|RGS5|ZEB2|GPC6|FSTL1|GULP1|PCDH18|HECW2|CCDC102B|COL18A1|SHANK3|MSC-AS1,-2.2,0
1,-5,M39246,M1,1,0,Cell Type Signatures,7,LAKE ADULT KIDNEY C27 VASCULAR SMOOTH MUSCLE CELLS AND PERICYTES,,-5,5.2,6.1,30293,155,415,11,2.7,0.79,463|5793|6935|8821|10082|26053|26118|57492|80781|85004|100302692,ZFHX3|PTPRG|ZEB1|INPP4B|GPC6|AUTS2|WSB1|ARID1B|COL18A1|RERG|FTX,-1.8,0
1,-4.9,M39074,M1,1,0,Cell Type Signatures,7,ZHONG PFC MAJOR TYPES ASTROCYTES,,-4.9,3.6,5.5,30293,325,415,16,3.9,0.95,205|214|1837|1901|3685|4907|7035|8671|23576|30812|51454|54741|54857|56892|84061|338645,AK4|ALCAM|DTNA|S1PR1|ITGAV|NT5E|TFPI|SLC4A4|DDAH1|SOX8|GULP1|LEPROT|GDPD2|TCIM|MAGT1|LUZP2,-1.7,0
1,-4.6,M39113,M1,1,0,Cell Type Signatures,7,AIZARANI LIVER C9 LSECS 1,,-4.6,3.6,5.4,30293,304,415,15,3.6,0.92,1901|5787|6935|7035|7049|8322|8436|8450|11098|23263|23266|25909|26118|56892|85358,S1PR1|PTPRB|ZEB1|TFPI|TGFBR3|FZD4|CAVIN2|CUL4B|PRSS23|MCF2L|ADGRL2|AHCTF1|WSB1|TCIM|SHANK3,-1.5,0
1,-4.6,M39230,M1,1,0,Cell Type Signatures,7,LAKE ADULT KIDNEY C11 THIN ASCENDING LIMB,,-4.6,4.8,5.8,30293,169,415,11,2.7,0.79,5793|6935|7035|10082|10973|56892|64839|80781|83478|93627|160335,PTPRG|ZEB1|TFPI|GPC6|ASCC3|TCIM|FBXL17|COL18A1|ARHGAP24|TBCK|TMTC2,-1.5,0
1,-4.6,M39058,M1,1,0,Cell Type Signatures,7,MANNO MIDBRAIN NEUROTYPES HPROGM,,-4.6,3.6,5.3,30293,307,415,15,3.6,0.92,214|3169|50937|51454|54857|54892|56171|56892|57167|79698|83478|83540|84059|84061|85004,ALCAM|FOXA1|CDON|GULP1|GDPD2|NCAPG2|DNAH7|TCIM|SALL4|ZMAT4|ARHGAP24|NUF2|ADGRV1|MAGT1|RERG,-1.5,0
1,-4.3,M39056,M1,1,0,Cell Type Signatures,7,MANNO MIDBRAIN NEUROTYPES HRGL3,,-4.3,2.7,4.8,30293,574,415,21,5.1,1.1,214|1837|3169|8671|9249|11167|23418|23576|53353|54212|54857|56171|56892|79698|80723|80781|83478|84059|84061|85004|406975,ALCAM|DTNA|FOXA1|SLC4A4|DHRS3|FSTL1|CRB1|DDAH1|LRP1B|SNTG1|GDPD2|DNAH7|TCIM|ZMAT4|SLC35G2|COL18A1|ARHGAP24|ADGRV1|MAGT1|RERG|MIR198,-1.3,0
1,-4.2,M39121,M1,1,0,Cell Type Signatures,7,AIZARANI LIVER C20 LSECS 3,,-4.2,3.5,5,30293,295,415,14,3.4,0.89,1901|5787|6935|7035|7049|8436|8450|9839|11098|22901|25909|26118|56892|85358,S1PR1|PTPRB|ZEB1|TFPI|TGFBR3|CAVIN2|CUL4B|ZEB2|PRSS23|ARSG|AHCTF1|WSB1|TCIM|SHANK3,-1.2,0
1,-4.1,M39040,M1,1,0,Cell Type Signatures,7,FAN EMBRYONIC CTX BRAIN ENDOTHELIAL 2,,-4.1,3.4,4.9,30293,303,415,14,3.4,0.89,1281|1290|1349|3708|6935|7035|8490|8654|8821|11167|54510|79839|80781|143872,COL3A1|COL5A2|COX7B|ITPR1|ZEB1|TFPI|RGS5|PDE5A|INPP4B|FSTL1|PCDH18|CCDC102B|COL18A1|ARHGAP42,-1.1,0
1,-3.9,M39050,M1,1,0,Cell Type Signatures,7,MANNO MIDBRAIN NEUROTYPES HPERIC,,-3.9,2.3,4.4,30293,795,415,25,6,1.2,1281|1290|3685|3953|4478|5793|6935|7035|8490|8654|8801|10388|11167|54510|55603|55843|80781|83478|84061|91526|94121|143872|146556|387066|406975,COL3A1|COL5A2|ITGAV|LEPR|MSN|PTPRG|ZEB1|TFPI|RGS5|PDE5A|SUCLG2|SYCP2|FSTL1|PCDH18|TENT5A|ARHGAP15|COL18A1|ARHGAP24|MAGT1|ANKRD44|SYTL4|ARHGAP42|C16orf89|SNHG5|MIR198,-1.1,0
1,-3.7,M39301,M1,1,0,Cell Type Signatures,7,CUI DEVELOPING HEART C4 ENDOTHELIAL CELL,,-3.7,4.5,5,30293,146,415,9,2.2,0.72,3708|3953|4478|4907|5787|7035|8436|54741|80781,ITPR1|LEPR|MSN|NT5E|PTPRB|TFPI|CAVIN2|LEPROT|COL18A1,-0.94,0
1,-3.7,M39175,M1,1,0,Cell Type Signatures,7,MURARO PANCREAS MESENCHYMAL STROMAL CELL,,-3.7,2.4,4.2,30293,680,415,22,5.3,1.1,1281|1290|3685|4015|4478|4907|5250|6935|7035|9262|9839|10082|10492|11167|27286|29969|51132|79839|80781|121457|387066|100132891,COL3A1|COL5A2|ITGAV|LOX|MSN|NT5E|SLC25A3|ZEB1|TFPI|STK17B|ZEB2|GPC6|SYNCRIP|FSTL1|SRPX2|MDFIC|RLIM|CCDC102B|COL18A1|IKBIP|SNHG5|MSC-AS1,-0.94,0
1,-3.6,M39034,M1,1,0,Cell Type Signatures,7,FAN EMBRYONIC CTX ASTROCYTE 2,,-3.6,4.3,4.8,30293,153,415,9,2.2,0.72,214|1837|1901|7035|8671|23576|54857|58508|338645,ALCAM|DTNA|S1PR1|TFPI|SLC4A4|DDAH1|GDPD2|KMT2C|LUZP2,-0.86,0
1,-3.6,M40151,M1,1,0,Cell Type Signatures,7,DESCARTES FETAL ADRENAL STROMAL CELLS,,-3.6,4.3,4.8,30293,153,415,9,2.2,0.72,186|1281|4015|27286|54510|79839|116093|100132891|100302219,AGTR2|COL3A1|LOX|SRPX2|PCDH18|CCDC102B|DIRC1|MSC-AS1|MIR1245A,-0.86,0
1,-3.5,M39069,M1,1,0,Cell Type Signatures,7,MANNO MIDBRAIN NEUROTYPES HDA2,,-3.5,2.6,4.2,30293,513,415,18,4.3,1,463|774|3169|5567|9829|10982|25834|26289|50937|54212|55884|79158|85004|90293|91526|116154|139886|400322,ZFHX3|CACNA1B|FOXA1|PRKACB|DNAJC6|MAPRE2|MGAT4C|AK5|CDON|SNTG1|WSB2|GNPTAB|RERG|KLHL13|ANKRD44|PHACTR3|SPIN4|HERC2P2,-0.85,0
1,-3.4,M39152,M1,1,0,Cell Type Signatures,7,GAO LARGE INTESTINE 24W C1 DCLK1POS PROGENITOR,,-3.4,5.2,4.9,30293,99,415,7,1.7,0.63,1281|1290|2633|4015|5602|10082|85004,COL3A1|COL5A2|GBP1|LOX|MAPK10|GPC6|RERG,-0.74,0
1,-3.3,M39072,M1,1,0,Cell Type Signatures,7,MANNO MIDBRAIN NEUROTYPES HSERT,,-3.3,2.6,4,30293,450,415,16,3.9,0.95,463|774|1290|5567|5801|7325|9829|10982|23263|25834|26289|53353|85358|91526|116154|283455,ZFHX3|CACNA1B|COL5A2|PRKACB|PTPRR|UBE2E2|DNAJC6|MAPRE2|MCF2L|MGAT4C|AK5|LRP1B|SHANK3|ANKRD44|PHACTR3|KSR2,-0.66,0
1,-3.3,M39240,M1,1,0,Cell Type Signatures,7,LAKE ADULT KIDNEY C21 COLLECTING DUCT INTERCALATED CELLS TYPE B,,-3.3,5,4.7,30293,103,415,7,1.7,0.63,5795|7325|10082|11124|51454|58508|64839,PTPRJ|UBE2E2|GPC6|FAF1|GULP1|KMT2C|FBXL17,-0.66,0
1,-3.2,M39117,M1,1,0,Cell Type Signatures,7,AIZARANI LIVER C13 LSECS 2,,-3.2,3.1,4.2,30293,283,415,12,2.9,0.82,5166|5787|7035|7049|8322|8436|8450|11098|26118|56892|57520|85358,PDK4|PTPRB|TFPI|TGFBR3|FZD4|CAVIN2|CUL4B|PRSS23|WSB1|TCIM|HECW2|SHANK3,-0.65,0
1,-3.1,M39235,M1,1,0,Cell Type Signatures,7,LAKE ADULT KIDNEY C16 COLLECTING SYSTEM PRINCIPAL CELLS CORTEX,,-3.1,4.1,4.4,30293,141,415,8,1.9,0.67,4121|5602|11124|26118|57492|160335|283455|100302692,MAN1A1|MAPK10|FAF1|WSB1|ARID1B|TMTC2|KSR2|FTX,-0.59,0
1,-3.1,M40291,M1,1,0,Cell Type Signatures,7,DESCARTES FETAL SPLEEN STROMAL CELLS,,-3.1,6.8,5,30293,54,415,5,1.2,0.54,5602|81849|90293|116154|100302219,MAPK10|ST6GALNAC5|KLHL13|PHACTR3|MIR1245A,-0.57,0
1,-3,M39264,M1,1,0,Cell Type Signatures,7,HU FETAL RETINA FIBROBLAST,,-3,2.7,3.9,30293,385,415,14,3.4,0.89,214|1281|1290|4478|4921|7035|9249|11098|11167|29969|54510|54741|79887|84061,ALCAM|COL3A1|COL5A2|MSN|DDR2|TFPI|DHRS3|PRSS23|FSTL1|MDFIC|PCDH18|LEPROT|PLBD1|MAGT1,-0.55,0
1,-3,M39222,M1,1,0,Cell Type Signatures,7,LAKE ADULT KIDNEY C3 PROXIMAL TUBULE EPITHELIAL CELLS S1 S2,,-3,3.3,4,30293,221,415,10,2.4,0.75,5602|5793|5795|7325|8671|9886|10082|85004|285362|100302692,MAPK10|PTPRG|PTPRJ|UBE2E2|SLC4A4|RHOBTB1|GPC6|RERG|SUMF1|FTX,-0.54,0
1,-2.9,M39247,M1,1,0,Cell Type Signatures,7,LAKE ADULT KIDNEY C28 INTERSTITIUM,,-2.9,5.1,4.5,30293,86,415,6,1.4,0.59,1806|7325|8821|9839|26053|85004,DPYD|UBE2E2|INPP4B|ZEB2|AUTS2|RERG,-0.52,0
1,-2.9,M39248,M1,1,0,Cell Type Signatures,7,LAKE ADULT KIDNEY C29 UNKNOWN NOVEL PT CFH POS SUBPOPULATION S2,,-2.9,5.1,4.5,30293,86,415,6,1.4,0.59,1806|6935|25834|26053|51454|85004,DPYD|ZEB1|MGAT4C|AUTS2|GULP1|RERG,-0.52,0
1,-2.8,M39176,M1,1,0,Cell Type Signatures,7,MURARO PANCREAS ENDOTHELIAL CELL,,-2.8,2.6,3.7,30293,362,415,13,3.1,0.86,3685|4478|5787|6935|8322|8490|9249|11098|11167|23263|23266|56892|85358,ITGAV|MSN|PTPRB|ZEB1|FZD4|RGS5|DHRS3|PRSS23|FSTL1|MCF2L|ADGRL2|TCIM|SHANK3,-0.47,0
1,-2.8,M39052,M1,1,0,Cell Type Signatures,7,MANNO MIDBRAIN NEUROTYPES HOPC,,-2.8,2.6,3.6,30293,366,415,13,3.1,0.86,205|3685|3751|4983|30812|51347|54212|56171|91526|92126|116154|143872|338645,AK4|ITGAV|KCND2|OPHN1|SOX8|TAOK3|SNTG1|DNAH7|ANKRD44|DSEL|PHACTR3|ARHGAP42|LUZP2,-0.45,0
1,-2.7,M39060,M1,1,0,Cell Type Signatures,7,MANNO MIDBRAIN NEUROTYPES HPROGFPL,,-2.7,2.7,3.6,30293,323,415,12,2.9,0.82,205|463|3169|7112|9262|9839|24137|51454|57167|79698|83540|259266,AK4|ZFHX3|FOXA1|TMPO|STK17B|ZEB2|KIF4A|GULP1|SALL4|ZMAT4|NUF2|ASPM,-0.44,0
1,-2.7,M39070,M1,1,0,Cell Type Signatures,7,MANNO MIDBRAIN NEUROTYPES HNBGABA,,-2.7,2.1,3.4,30293,703,415,20,4.8,1.1,463|774|3751|5567|5618|9829|10982|23074|23263|26289|53353|79158|79739|79776|80055|91526|116154|165215|283455|400322,ZFHX3|CACNA1B|KCND2|PRKACB|PRLR|DNAJC6|MAPRE2|BLTP3B|MCF2L|AK5|LRP1B|GNPTAB|TTLL7|ZFHX4|PGAP1|ANKRD44|PHACTR3|FAM171B|KSR2|HERC2P2,-0.44,0
1,-2.7,M41691,M1,1,0,Cell Type Signatures,7,TRAVAGLINI LUNG PLATELET MEGAKARYOCYTE CELL,,-2.7,2.2,3.4,30293,604,415,18,4.3,1,3081|5795|7035|8436|8654|9249|9886|10982|11167|25909|30061|51257|51347|54741|57180|90355|94121|163882,HGD|PTPRJ|TFPI|CAVIN2|PDE5A|DHRS3|RHOBTB1|MAPRE2|FSTL1|AHCTF1|SLC40A1|MARCHF2|TAOK3|LEPROT|ACTR3B|MACIR|SYTL4|CNST,-0.44,0
1,-2.7,M39053,M1,1,0,Cell Type Signatures,7,MANNO MIDBRAIN NEUROTYPES HRGL2C,,-2.7,2.7,3.6,30293,326,415,12,2.9,0.82,1837|3685|3751|8671|30812|51124|51347|53353|54857|56171|143872|338645,DTNA|ITGAV|KCND2|SLC4A4|SOX8|IER3IP1|TAOK3|LRP1B|GDPD2|DNAH7|ARHGAP42|LUZP2,-0.44,0
1,-2.7,M39213,M1,1,0,Cell Type Signatures,7,ZHENG CORD BLOOD C4 PUTATIVE EARLY ERYTHROID COMMITMENT,,-2.7,4.5,4.1,30293,97,415,6,1.4,0.59,1359|5567|9839|30061|54741|55843,CPA3|PRKACB|ZEB2|SLC40A1|LEPROT|ARHGAP15,-0.41,0
1,-2.5,M39241,M1,1,0,Cell Type Signatures,7,LAKE ADULT KIDNEY C22 ENDOTHELIAL CELLS GLOMERULAR CAPILLARIES,,-2.5,3.7,3.8,30293,137,415,7,1.7,0.63,1806|5787|5793|6935|23266|57520|85358,DPYD|PTPRB|PTPRG|ZEB1|ADGRL2|HECW2|SHANK3,-0.36,0
1,-2.5,M40244,M1,1,0,Cell Type Signatures,7,DESCARTES FETAL LUNG MYELOID CELLS,,-2.5,3.3,3.6,30293,176,415,8,1.9,0.67,1359|3620|4210|7226|8942|84106|169355|256236,CPA3|IDO1|MEFV|TRPM2|KYNU|PRAM1|IDO2|NAPSB,-0.34,0
1,-2.5,M39245,M1,1,0,Cell Type Signatures,7,LAKE ADULT KIDNEY C26 MESANGIAL CELLS,,-2.5,3.3,3.6,30293,177,415,8,1.9,0.67,1806|3708|5793|8821|9839|10973|23266|100302692,DPYD|ITPR1|PTPRG|INPP4B|ZEB2|ASCC3|ADGRL2|FTX,-0.34,0
1,-2.4,M40302,M1,1,0,Cell Type Signatures,7,DESCARTES FETAL STOMACH MYELOID CELLS,,-2.4,4.8,3.9,30293,76,415,5,1.2,0.54,3620|4542|7226|169355|256236,IDO1|MYO1F|TRPM2|IDO2|NAPSB,-0.29,0
1,-2.4,M39061,M1,1,0,Cell Type Signatures,7,MANNO MIDBRAIN NEUROTYPES HPROGFPM,,-2.4,2.5,3.3,30293,356,415,12,2.9,0.82,205|3169|7112|24137|51454|54892|57167|79698|83540|84061|259266|100128191,AK4|FOXA1|TMPO|KIF4A|GULP1|NCAPG2|SALL4|ZMAT4|NUF2|MAGT1|ASPM|TMPO-AS1,-0.28,0
1,-2.4,M39228,M1,1,0,Cell Type Signatures,7,LAKE ADULT KIDNEY C9 THIN ASCENDING LIMB,,-2.4,2.7,3.3,30293,268,415,10,2.4,0.75,1327|4670|5037|5230|5250|6191|7035|51097|56892|83478,COX4I1|HNRNPM|PEBP1|PGK1|SLC25A3|RPS4X|TFPI|SCCPDH|TCIM|ARHGAP24,-0.28,0
1,-2.4,M40192,M1,1,0,Cell Type Signatures,7,DESCARTES FETAL HEART EPICARDIAL FAT CELLS,,-2.4,4,3.7,30293,110,415,6,1.4,0.59,1080|6492|8671|10232|50937|400058,CFTR|SIM1|SLC4A4|MSLN|CDON|MKRN9P,-0.28,0
1,-2.4,M41690,M1,1,0,Cell Type Signatures,7,TRAVAGLINI LUNG BASOPHIL MAST 2 CELL,,-2.4,2.2,3.1,30293,502,415,15,3.6,0.92,1359|4670|5037|6191|6596|7177|8436|9262|25823|55603|56994|64499|79158|80781|90355,CPA3|HNRNPM|PEBP1|RPS4X|HLTF|TPSAB1|CAVIN2|STK17B|TPSG1|TENT5A|CHPT1|TPSB2|GNPTAB|COL18A1|MACIR,-0.28,0
1,-2.4,M40191,M1,1,0,Cell Type Signatures,7,DESCARTES FETAL HEART MEGAKARYOCYTES,,-2.4,3.9,3.7,30293,111,415,6,1.4,0.59,1359|3081|7177|64499|94121|163882,CPA3|HGD|TPSAB1|TPSB2|SYTL4|CNST,-0.28,0
1,-2.3,M39062,M1,1,0,Cell Type Signatures,7,MANNO MIDBRAIN NEUROTYPES HNPROG,,-2.3,2.9,3.3,30293,229,415,9,2.2,0.72,9262|23119|23418|24137|51454|79698|83540|259266|387066,STK17B|HIC2|CRB1|KIF4A|GULP1|ZMAT4|NUF2|ASPM|SNHG5,-0.26,0
1,-2.3,M39209,M1,1,0,Cell Type Signatures,7,HAY BONE MARROW STROMAL,,-2.3,1.9,3,30293,765,415,20,4.8,1.1,1281|1290|3685|3953|4015|4921|5602|5793|7035|8322|11167|23266|27286|51454|54510|54741|79776|79784|140683|100132891,COL3A1|COL5A2|ITGAV|LEPR|LOX|DDR2|MAPK10|PTPRG|TFPI|FZD4|FSTL1|ADGRL2|SRPX2|GULP1|PCDH18|LEPROT|ZFHX4|MYH14|BPIFA2|MSC-AS1,-0.25,0
1,-2.3,M39239,M1,1,0,Cell Type Signatures,7,LAKE ADULT KIDNEY C20 COLLECTING DUCT INTERCALATED CELLS TYPE A CORTEX,,-2.3,3.4,3.4,30293,152,415,7,1.7,0.63,3685|3708|5795|11124|51454|64839|285362,ITGAV|ITPR1|PTPRJ|FAF1|GULP1|FBXL17|SUMF1,-0.23,0
1,-2.3,M39253,M1,1,0,Cell Type Signatures,7,MENON FETAL KIDNEY 3 STROMAL CELLS,,-2.3,4.5,3.7,30293,81,415,5,1.2,0.54,214|1281|1290|9839|11167,ALCAM|COL3A1|COL5A2|ZEB2|FSTL1,-0.23,0
1,-2.3,M39300,M1,1,0,Cell Type Signatures,7,CUI DEVELOPING HEART C3 FIBROBLAST LIKE CELL,,-2.3,3.7,3.5,30293,117,415,6,1.4,0.59,1290|4015|10082|11167|54510|79839,COL5A2|LOX|GPC6|FSTL1|PCDH18|CCDC102B,-0.2,0
1,-2.2,M39171,M1,1,0,Cell Type Signatures,7,MURARO PANCREAS PANCREATIC POLYPEPTIDE CELL,,-2.2,3.3,3.4,30293,155,415,7,1.7,0.63,205|5567|8912|9856|23266|29969|30061,AK4|PRKACB|CACNA1H|KIAA0319|ADGRL2|MDFIC|SLC40A1,-0.2,0
1,-2.2,M39096,M1,1,0,Cell Type Signatures,7,ZHONG PFC C1 OPC,,-2.2,2.8,3.2,30293,238,415,9,2.2,0.72,7112|24137|54892|63922|83540|84900|132320|259266|284992,TMPO|KIF4A|NCAPG2|CHTF18|NUF2|RNFT2|SCLT1|ASPM|CCDC150,-0.19,0
1,-2.2,M40250,M1,1,0,Cell Type Signatures,7,DESCARTES FETAL MUSCLE MEGAKARYOCYTES,,-2.2,2.8,3.2,30293,238,415,9,2.2,0.72,7516|51567|54529|94121|132321|163882|255631|440248|100128822,XRCC2|TDP2|ASNSD1|SYTL4|C4orf33|CNST|COL24A1|HERC2P9|LINC01003,-0.19,0
1,-2.2,M39319,M1,1,0,Cell Type Signatures,7,CUI DEVELOPING HEART ENDOCARDIAL CELL,,-2.2,5.5,3.9,30293,53,415,4,0.96,0.48,3953|4907|7035|80781,LEPR|NT5E|TFPI|COL18A1,-0.18,0
1,-2.2,M39236,M1,1,0,Cell Type Signatures,7,LAKE ADULT KIDNEY C17 COLLECTING SYSTEM PCS STRESSED DISSOC SUBSET,,-2.2,2.7,3.2,30293,240,415,9,2.2,0.72,3685|5166|23266|26118|53353|57492|64839|80781|160335,ITGAV|PDK4|ADGRL2|WSB1|LRP1B|ARID1B|FBXL17|COL18A1|TMTC2,-0.18,0
1,-2.2,M40286,M1,1,0,Cell Type Signatures,7,DESCARTES FETAL PLACENTA MEGAKARYOCYTES,,-2.2,2.9,3.2,30293,200,415,8,1.9,0.67,7516|8436|9889|51257|57180|153768|163882|255631,XRCC2|CAVIN2|ZBED4|MARCHF2|ACTR3B|PRELID2|CNST|COL24A1,-0.16,0
1,-2.1,M39068,M1,1,0,Cell Type Signatures,7,MANNO MIDBRAIN NEUROTYPES HDA1,,-2.1,2,2.9,30293,584,415,16,3.9,0.95,463|774|3169|3751|8671|9829|23263|51347|54212|79158|79633|79776|90293|91526|116154|283455,ZFHX3|CACNA1B|FOXA1|KCND2|SLC4A4|DNAJC6|MCF2L|TAOK3|SNTG1|GNPTAB|FAT4|ZFHX4|KLHL13|ANKRD44|PHACTR3|KSR2,-0.12,0
1,-2.1,M40224,M1,1,0,Cell Type Signatures,7,DESCARTES FETAL KIDNEY MESANGIAL CELLS,,-2.1,5.2,3.7,30293,56,415,4,0.96,0.48,186|85004|90293|116154,AGTR2|RERG|KLHL13|PHACTR3,-0.12,0
1,-2.1,M40183,M1,1,0,Cell Type Signatures,7,DESCARTES FETAL EYE PDE11A FAM19A2 POSITIVE CELLS,,-2.1,7.3,4.1,30293,30,415,3,0.72,0.42,5618|8490|90167,PRLR|RGS5|FRMD7,-0.11,0
1,-2.1,M39242,M1,1,0,Cell Type Signatures,7,LAKE ADULT KIDNEY C23 ENDOTHELIAL CELLS AVR,,-2.1,3.5,3.3,30293,126,415,6,1.4,0.59,5787|6935|7035|8436|56892|160335,PTPRB|ZEB1|TFPI|CAVIN2|TCIM|TMTC2,-0.11,0
1,-2.1,M40180,M1,1,0,Cell Type Signatures,7,DESCARTES FETAL EYE STROMAL CELLS,,-2.1,4.1,3.4,30293,90,415,5,1.2,0.54,1281|1290|4015|54510|100302219,COL3A1|COL5A2|LOX|PCDH18|MIR1245A,-0.1,0
1,-2.1,M40069,M1,1,0,Cell Type Signatures,7,DESCARTES MAIN FETAL MEGAKARYOCYTES,,-2.1,2.8,3.1,30293,207,415,8,1.9,0.67,1359|7177|7516|8654|8821|64499|163882|255631,CPA3|TPSAB1|XRCC2|PDE5A|INPP4B|TPSB2|CNST|COL24A1,-0.1,0
1,-2.1,M39054,M1,1,0,Cell Type Signatures,7,MANNO MIDBRAIN NEUROTYPES HRGL2B,,-2.1,2.2,2.9,30293,440,415,13,3.1,0.86,205|4435|4983|8671|9063|23576|30812|51347|54857|56171|83540|92126|338645,AK4|CITED1|OPHN1|SLC4A4|PIAS2|DDAH1|SOX8|TAOK3|GDPD2|DNAH7|NUF2|DSEL|LUZP2,-0.098,0
1,-2.1,M39079,M1,1,0,Cell Type Signatures,7,ZHONG PFC MAJOR TYPES OPC,,-2.1,4,3.4,30293,91,415,5,1.2,0.54,214|5142|30812|64788|338645,ALCAM|PDE4B|SOX8|LMF1|LUZP2,-0.096,0
1,-2,M39221,M1,1,0,Cell Type Signatures,7,LAKE ADULT KIDNEY C2 PODOCYTES,,-2,2.8,3,30293,212,415,8,1.9,0.67,594|3685|7049|7325|10082|51454|85004|100302692,BCKDHB|ITGAV|TGFBR3|UBE2E2|GPC6|GULP1|RERG|FTX,-0.074,0
1,-2,M39232,M1,1,0,Cell Type Signatures,7,LAKE ADULT KIDNEY C13 THICK ASCENDING LIMB,,-2,3.3,3.2,30293,131,415,6,1.4,0.59,11124|53353|64839|83478|90293|93627,FAF1|LRP1B|FBXL17|ARHGAP24|KLHL13|TBCK,-0.068,0
