_MEMBER_gene,_LogP_gene,GO,_PATTERN_,_RANK_,GiniIndex,Category,CategoryID,Description,PARENT_GO,LogP,Enrichment,Z-score,#TotalGeneInLibrary,#GeneInGO,#GeneInHitList,#GeneInGOAndHitList,%InGO,STDV %InGO,GeneID,Hits,Log(q-value),EvidenceCutoff
1,-11,C1845977,M1,1,0,DisGeNET,35,X- linked recessive,,-11,7.6,10,30293,172,415,18,4.3,1,22|331|367|538|546|1741|4478|4983|5230|5255|8450|23229|24137|51132|56159|84100|90167|254065,ABCB7|XIAP|AR|ATP7A|ATRX|DLG3|MSN|OPHN1|PGK1|PHKA1|CUL4B|ARHGEF9|KIF4A|RLIM|TEX11|ARL6|FRMD7|BRWD3,-6,0
1,-9.5,C0454644,M1,1,0,DisGeNET,35,Delayed speech and language development,,-9.5,3.9,8.2,30293,560,415,30,7.2,1.3,186|546|774|1741|1806|2904|3708|4983|5230|6492|7915|8450|8942|10274|10352|10735|10982|25914|26053|27286|51132|55603|55869|57492|58508|80055|85358|93627|254065|259266,AGTR2|ATRX|CACNA1B|DLG3|DPYD|GRIN2B|ITPR1|OPHN1|PGK1|SIM1|ALDH5A1|CUL4B|KYNU|STAG1|WARS2|STAG2|MAPRE2|RTTN|AUTS2|SRPX2|RLIM|TENT5A|HDAC8|ARID1B|KMT2C|PGAP1|SHANK3|TBCK|BRWD3|ASPM,-5.3,0
1,-7.3,C0424503,M1,1,0,DisGeNET,35,Dysmorphic facies,,-7.3,4.8,7.5,30293,271,415,18,4.3,1,546|1349|2904|3748|4210|8450|10352|24137|25914|26053|51567|55869|57492|57520|58508|79087|79633|80055,ATRX|COX7B|GRIN2B|KCNC3|MEFV|CUL4B|WARS2|KIF4A|RTTN|AUTS2|TDP2|HDAC8|ARID1B|HECW2|KMT2C|ALG12|FAT4|PGAP1,-3.3,0
1,-6.8,C0856975,M1,1,0,DisGeNET,35,Autistic behavior,,-6.8,4.8,7.2,30293,261,415,17,4.1,0.97,186|1741|1806|2904|4210|5602|6492|10352|10735|26053|57231|57492|57520|58508|80055|84059|85358,AGTR2|DLG3|DPYD|GRIN2B|MEFV|MAPK10|SIM1|WARS2|STAG2|AUTS2|SNX14|ARID1B|HECW2|KMT2C|PGAP1|ADGRV1|SHANK3,-3,0
1,-6.4,C0026351,M1,1,0,DisGeNET,35,Moderate intellectual disability,,-6.4,4.7,6.9,30293,250,415,16,3.9,0.95,186|546|1741|2904|3708|8450|10352|10735|25914|55869|57231|57492|79633|80055|85358|254065,AGTR2|ATRX|DLG3|GRIN2B|ITPR1|CUL4B|WARS2|STAG2|RTTN|HDAC8|SNX14|ARID1B|FAT4|PGAP1|SHANK3|BRWD3,-2.7,0
1,-6.1,C1167912,M1,1,0,DisGeNET,35,Coagulation factor measurement,,-6.1,26,11,30293,14,415,5,1.2,0.54,2155|2159|23263|259266|360023,F7|F10|MCF2L|ASPM|ZBTB41,-2.5,0
1,-5.8,C0241355,M1,1,0,DisGeNET,35,Small testicle,,-5.8,6.2,7,30293,129,415,11,2.7,0.79,546|1080|3953|7516|8450|50511|51132|55869|56159|93426|402381,ATRX|CFTR|LEPR|XRCC2|CUL4B|SYCP3|RLIM|HDAC8|TEX11|SYCE1|SOHLH1,-2.2,0
1,-5.6,C0008073,M1,1,0,DisGeNET,35,Developmental Disabilities,,-5.6,3.7,6,30293,355,415,18,4.3,1,546|1806|2904|3708|3748|5424|5793|6596|8671|9839|9856|57167|57492|57582|58508|85358|145282|285282,ATRX|DPYD|GRIN2B|ITPR1|KCNC3|POLD1|PTPRG|HLTF|SLC4A4|ZEB2|KIAA0319|SALL4|ARID1B|KCNT1|KMT2C|SHANK3|MIPOL1|RABL3,-2.2,0
1,-5.6,C0036857,M1,1,0,DisGeNET,35,Severe intellectual disability,,-5.6,3.4,5.9,30293,429,415,20,4.8,1.1,186|546|1741|2904|3708|4983|7915|8450|9839|10352|11113|23229|25914|55869|57231|57492|79633|80055|85358|259266,AGTR2|ATRX|DLG3|GRIN2B|ITPR1|OPHN1|ALDH5A1|CUL4B|ZEB2|WARS2|CIT|ARHGEF9|RTTN|HDAC8|SNX14|ARID1B|FAT4|PGAP1|SHANK3|ASPM,-2.2,0
1,-5.5,C0010417,M1,1,0,DisGeNET,35,Cryptorchidism,,-5.5,2.7,5.5,30293,725,415,27,6.5,1.2,367|546|1080|1281|4210|4983|5142|5424|7049|7516|8322|8450|10082|10274|10982|25914|26053|50511|50937|51057|51132|55869|57492|79087|79633|84100|254065,AR|ATRX|CFTR|COL3A1|MEFV|OPHN1|PDE4B|POLD1|TGFBR3|XRCC2|FZD4|CUL4B|GPC6|STAG1|MAPRE2|RTTN|AUTS2|SYCP3|CDON|WDPCP|RLIM|HDAC8|ARID1B|ALG12|FAT4|ARL6|BRWD3,-2.1,0
1,-5.2,C0678230,M1,1,0,DisGeNET,35,Congenital Epicanthus,,-5.2,3.3,5.6,30293,417,415,19,4.6,1,546|1281|1290|2904|6492|7516|8450|10082|10735|10982|26053|57167|57231|57492|57520|79158|79633|80781|85358,ATRX|COL3A1|COL5A2|GRIN2B|SIM1|XRCC2|CUL4B|GPC6|STAG2|MAPRE2|AUTS2|SALL4|SNX14|ARID1B|HECW2|GNPTAB|FAT4|COL18A1|SHANK3,-1.9,0
1,-5.2,C1862265,M1,1,0,DisGeNET,35,Increased circulating gonadotropin level,,-5.2,13,8.2,30293,34,415,6,1.4,0.59,1080|7516|50511|56159|93426|402381,CFTR|XRCC2|SYCP3|TEX11|SYCE1|SOHLH1,-1.9,0
1,-5,C1863516,M1,1,0,DisGeNET,35,Microcephaly with Simplified Gyral Pattern,,-5,55,13,30293,4,415,3,0.72,0.42,25914|51124|259266,RTTN|IER3IP1|ASPM,-1.8,0
1,-5,C0016202,M1,1,0,DisGeNET,35,Flatfoot,,-5,3.8,5.7,30293,285,415,15,3.6,0.92,186|538|546|1290|1741|4015|7516|8450|10735|26053|51132|55869|57167|84059|254065,AGTR2|ATP7A|ATRX|COL5A2|DLG3|LOX|XRCC2|CUL4B|STAG2|AUTS2|RLIM|HDAC8|SALL4|ADGRV1|BRWD3,-1.8,0
1,-4.9,C1853487,M1,1,0,DisGeNET,35,Thick eyebrow,,-4.9,6.3,6.4,30293,104,415,9,2.2,0.72,546|26053|50937|55869|57492|57520|58508|85358|285362,ATRX|AUTS2|CDON|HDAC8|ARID1B|HECW2|KMT2C|SHANK3|SUMF1,-1.7,0
1,-4.8,C0019294,M1,1,0,DisGeNET,35,"Hernia, Inguinal",,-4.8,4.2,5.7,30293,225,415,13,3.1,0.86,367|538|546|1281|1290|4015|4907|6935|8450|10982|26053|57492|79158,AR|ATP7A|ATRX|COL3A1|COL5A2|LOX|NT5E|ZEB1|CUL4B|MAPRE2|AUTS2|ARID1B|GNPTAB,-1.7,0
1,-4.5,C1836542,M1,1,0,DisGeNET,35,Depressed nasal bridge,,-4.5,3.1,5.1,30293,426,415,18,4.3,1,186|546|1741|4921|8450|8942|9839|10082|10735|10982|55869|57492|57520|79158|79633|80781|81794|285362,AGTR2|ATRX|DLG3|DDR2|CUL4B|KYNU|ZEB2|GPC6|STAG2|MAPRE2|HDAC8|ARID1B|HECW2|GNPTAB|FAT4|COL18A1|ADAMTS10|SUMF1,-1.5,0
1,-4.3,C0423109,M1,1,0,DisGeNET,35,Upward slant of palpebral fissure,,-4.3,4.1,5.3,30293,216,415,12,2.9,0.82,546|1806|7516|8942|9839|10982|11113|25914|26053|51132|57492|259266,ATRX|DPYD|XRCC2|KYNU|ZEB2|MAPRE2|CIT|RTTN|AUTS2|RLIM|ARID1B|ASPM,-1.3,0
1,-4.3,C0848558,M1,1,0,DisGeNET,35,Hypospadias,,-4.3,3.2,5,30293,366,415,16,3.9,0.95,367|463|546|1281|1349|7516|8450|9839|10982|25914|51132|55869|56994|57492|79087|79633,AR|ZFHX3|ATRX|COL3A1|COX7B|XRCC2|CUL4B|ZEB2|MAPRE2|RTTN|RLIM|HDAC8|CHPT1|ARID1B|ALG12|FAT4,-1.3,0
1,-4.3,C0266295,M1,1,0,DisGeNET,35,Congenital hypoplasia of kidney,,-4.3,6.1,5.9,30293,96,415,8,1.9,0.67,546|8942|30812|54892|57167|57492|79633|84100,ATRX|KYNU|SOX8|NCAPG2|SALL4|ARID1B|FAT4|ARL6,-1.3,0
1,-4.2,C0042580,M1,1,0,DisGeNET,35,Vesico-Ureteral Reflux,,-4.2,4.3,5.3,30293,187,415,11,2.7,0.79,186|546|4210|11113|54892|55869|57167|57492|80781|85358|259266,AGTR2|ATRX|MEFV|CIT|NCAPG2|HDAC8|SALL4|ARID1B|COL18A1|SHANK3|ASPM,-1.2,0
1,-4.2,C4023106,M1,1,0,DisGeNET,35,Obstructive azoospermia,,-4.2,6.9,6,30293,74,415,7,1.7,0.63,367|1080|7516|50511|56159|93426|402381,AR|CFTR|XRCC2|SYCP3|TEX11|SYCE1|SOHLH1,-1.2,0
1,-4.1,C0026010,M1,1,0,DisGeNET,35,Microphthalmos,,-4.1,3.3,4.9,30293,336,415,15,3.6,0.92,1349|1806|4435|5602|6935|7516|9839|10982|23418|30812|51057|54495|57167|92126|93426,COX7B|DPYD|CITED1|MAPK10|ZEB1|XRCC2|ZEB2|MAPRE2|CRB1|SOX8|WDPCP|TMX3|SALL4|DSEL|SYCE1,-1.2,0
1,-4,C0156273,M1,1,0,DisGeNET,35,Bladder Diverticulum,,-4,16,7.6,30293,18,415,4,0.96,0.48,538|1281|4015|57167,ATP7A|COL3A1|LOX|SALL4,-1.1,0
1,-4,C1854882,M1,1,0,DisGeNET,35,Absent speech,,-4,3.8,5,30293,232,415,12,2.9,0.82,546|774|2904|8450|9839|10352|54892|56052|57231|57492|80055|93627,ATRX|CACNA1B|GRIN2B|CUL4B|ZEB2|WARS2|NCAPG2|ALG1|SNX14|ARID1B|PGAP1|TBCK,-1.1,0
1,-4,C0344482,M1,1,0,DisGeNET,35,Hypoplasia of corpus callosum,,-4,3,4.7,30293,385,415,16,3.9,0.95,4983|6935|9839|10352|10735|10982|25914|27286|51124|56171|57492|57582|79633|80055|93627|259266,OPHN1|ZEB1|ZEB2|WARS2|STAG2|MAPRE2|RTTN|SRPX2|IER3IP1|DNAH7|ARID1B|KCNT1|FAT4|PGAP1|TBCK|ASPM,-1.1,0
1,-4,C3278923,M1,1,0,DisGeNET,35,Dilated ventricles (finding),,-4,2.9,4.7,30293,427,415,17,4.1,0.97,1281|4983|7516|8450|9839|10352|11113|24137|25914|55869|57492|57520|79633|80781|93627|259266|285362,COL3A1|OPHN1|XRCC2|CUL4B|ZEB2|WARS2|CIT|KIF4A|RTTN|HDAC8|ARID1B|HECW2|FAT4|COL18A1|TBCK|ASPM|SUMF1,-1.1,0
1,-4,C2239219,M1,1,0,DisGeNET,35,von Willebrand's factor (lab test),,-4,8,6.1,30293,55,415,6,1.4,0.59,2155|2159|23263|23418|259266|360023,F7|F10|MCF2L|CRB1|ASPM|ZBTB41,-1.1,0
1,-3.9,C0037369,M1,1,0,DisGeNET,35,Smoking,,-3.9,3,4.7,30293,391,415,16,3.9,0.95,463|1080|3708|4255|4542|5142|10352|10973|25834|51057|51760|53353|55843|57118|64839|283455,ZFHX3|CFTR|ITPR1|MGMT|MYO1F|PDE4B|WARS2|ASCC3|MGAT4C|WDPCP|SYT17|LRP1B|ARHGAP15|CAMK1D|FBXL17|KSR2,-1.1,0
1,-3.9,C0220650,M1,1,0,DisGeNET,35,Metastatic malignant neoplasm to brain,,-3.9,3,4.6,30293,392,415,16,3.9,0.95,367|407|2633|3169|4015|4121|4255|4478|6935|8912|9839|10232|56994|80781|81849|100616151,AR|ARR3|GBP1|FOXA1|LOX|MAN1A1|MGMT|MSN|ZEB1|CACNA1H|ZEB2|MSLN|CHPT1|COL18A1|ST6GALNAC5|MIR4480,-1.1,0
1,-3.9,C0423224,M1,1,0,DisGeNET,35,Sunken eyes,,-3.9,4.3,5.1,30293,171,415,10,2.4,0.75,1281|1806|2904|4983|9839|10274|23418|55869|85358|93627,COL3A1|DPYD|GRIN2B|OPHN1|ZEB2|STAG1|CRB1|HDAC8|SHANK3|TBCK,-1,0
1,-3.9,C0040124,M1,1,0,DisGeNET,35,Thyroglossal Cyst,,-3.9,27,8.8,30293,8,415,3,0.72,0.42,546|4907|56994,ATRX|NT5E|CHPT1,-1,0
1,-3.9,C0175754,M1,1,0,DisGeNET,35,Agenesis of corpus callosum,,-3.9,2.5,4.4,30293,615,415,21,5.1,1.1,214|331|546|1349|2904|3685|4255|5564|6935|9839|11113|24137|25914|26053|30061|50937|57492|79633|80055|85358|259266,ALCAM|XIAP|ATRX|COX7B|GRIN2B|ITGAV|MGMT|PRKAB1|ZEB1|ZEB2|CIT|KIF4A|RTTN|AUTS2|SLC40A1|CDON|ARID1B|FAT4|PGAP1|SHANK3|ASPM,-1,0
1,-3.8,C4707243,M1,1,0,DisGeNET,35,Familial thoracic aortic aneurysm and aortic dissection,,-3.8,7.4,5.8,30293,59,415,6,1.4,0.59,1281|1290|4015|80781|81794|153443,COL3A1|COL5A2|LOX|COL18A1|ADAMTS10|SRFBP1,-1,0
1,-3.8,C0001807,M1,1,0,DisGeNET,35,Aggressive behavior,,-3.8,4.1,4.9,30293,176,415,10,2.4,0.75,1806|3953|5602|7915|8322|8450|10352|11098|51132|57492,DPYD|LEPR|MAPK10|ALDH5A1|FZD4|CUL4B|WARS2|PRSS23|RLIM|ARID1B,-0.97,0
1,-3.8,C1843367,M1,1,0,DisGeNET,35,Poor school performance,,-3.8,3.8,4.8,30293,211,415,11,2.7,0.79,546|2904|8450|25914|26053|55869|57492|58508|79158|85358|259266,ATRX|GRIN2B|CUL4B|RTTN|AUTS2|HDAC8|ARID1B|KMT2C|GNPTAB|SHANK3|ASPM,-0.97,0
1,-3.7,C1531647,M1,1,0,DisGeNET,35,Cerebral ventriculomegaly,,-3.7,2.8,4.4,30293,410,415,16,3.9,0.95,1281|4983|7516|8450|9839|10352|11113|25914|55869|57492|57520|79633|80781|93627|259266|285362,COL3A1|OPHN1|XRCC2|CUL4B|ZEB2|WARS2|CIT|RTTN|HDAC8|ARID1B|HECW2|FAT4|COL18A1|TBCK|ASPM|SUMF1,-0.94,0
1,-3.7,C0025990,M1,1,0,DisGeNET,35,Micrognathism,,-3.7,2.5,4.3,30293,586,415,20,4.8,1.1,538|546|1281|1349|1806|4921|5424|7516|10082|10735|10982|26053|51057|51132|54892|55603|55869|56052|57492|79633,ATP7A|ATRX|COL3A1|COX7B|DPYD|DDR2|POLD1|XRCC2|GPC6|STAG2|MAPRE2|AUTS2|WDPCP|RLIM|NCAPG2|TENT5A|HDAC8|ALG1|ARID1B|FAT4,-0.94,0
1,-3.7,C0917816,M1,1,0,DisGeNET,35,Mental deficiency,,-3.7,4.4,4.9,30293,148,415,9,2.2,0.72,2904|7915|10274|10973|54892|57231|65084|80781|85358,GRIN2B|ALDH5A1|STAG1|ASCC3|NCAPG2|SNX14|TMEM135|COL18A1|SHANK3,-0.93,0
1,-3.6,C0025362,M1,1,0,DisGeNET,35,Mental Retardation,,-3.6,2.6,4.3,30293,504,415,18,4.3,1,186|367|546|1741|2904|3953|4983|5230|8450|8671|9829|9839|23229|26053|27286|54741|85358|259266,AGTR2|AR|ATRX|DLG3|GRIN2B|LEPR|OPHN1|PGK1|CUL4B|SLC4A4|DNAJC6|ZEB2|ARHGEF9|AUTS2|SRPX2|LEPROT|SHANK3|ASPM,-0.89,0
1,-3.5,C1832117,M1,1,0,DisGeNET,35,Short humerus,,-3.5,12,6.4,30293,24,415,4,0.96,0.48,538|10082|57167|79087,ATP7A|GPC6|SALL4|ALG12,-0.85,0
1,-3.5,C4021745,M1,1,0,DisGeNET,35,Abnormality of the musculature,,-3.5,12,6.4,30293,24,415,4,0.96,0.48,2159|8450|8942|10982,F10|CUL4B|KYNU|MAPRE2,-0.85,0
1,-3.5,C0015300,M1,1,0,DisGeNET,35,Exophthalmos,,-3.5,3.6,4.6,30293,225,415,11,2.7,0.79,1281|4921|5424|7516|10735|25914|26053|50937|56052|80781|259266,COL3A1|DDR2|POLD1|XRCC2|STAG2|RTTN|AUTS2|CDON|ALG1|COL18A1|ASPM,-0.85,0
1,-3.5,C0240543,M1,1,0,DisGeNET,35,Bulbous nose,,-3.5,4.7,4.9,30293,123,415,8,1.9,0.67,6492|8450|9839|10735|11113|57520|85358|93627,SIM1|CUL4B|ZEB2|STAG2|CIT|HECW2|SHANK3|TBCK,-0.85,0
1,-3.5,C0020619,M1,1,0,DisGeNET,35,Hypogonadism,,-3.5,3.1,4.4,30293,304,415,13,3.1,0.86,367|546|2159|3953|5424|7516|8450|8654|23418|51057|55869|56052|84100,AR|ATRX|F10|LEPR|POLD1|XRCC2|CUL4B|PDE5A|CRB1|WDPCP|HDAC8|ALG1|ARL6,-0.83,0
1,-3.5,C0410702,M1,1,0,DisGeNET,35,Adolescent idiopathic scoliosis,,-3.5,2.3,4.1,30293,656,415,21,5.1,1.1,367|3953|4015|5142|8671|10982|11113|53353|54212|64431|65084|79698|91526|120863|143872|220929|255631|282974|285555|338645|100132891,AR|LEPR|LOX|PDE4B|SLC4A4|MAPRE2|CIT|LRP1B|SNTG1|ACTR6|TMEM135|ZMAT4|ANKRD44|DEPDC4|ARHGAP42|ZNF438|COL24A1|STK32C|STPG2|LUZP2|MSC-AS1,-0.83,0
1,-3.4,C0020796,M1,1,0,DisGeNET,35,Profound Mental Retardation,,-3.4,4.1,4.6,30293,160,415,9,2.2,0.72,186|2904|7915|10274|10973|57231|65084|80781|85358,AGTR2|GRIN2B|ALDH5A1|STAG1|ASCC3|SNX14|TMEM135|COL18A1|SHANK3,-0.77,0
1,-3.4,C4551563,M1,1,0,DisGeNET,35,Microcephaly (physical finding),,-3.4,4.1,4.6,30293,160,415,9,2.2,0.72,546|1741|2904|3708|4210|11113|55869|56052|259266,ATRX|DLG3|GRIN2B|ITPR1|MEFV|CIT|HDAC8|ALG1|ASPM,-0.77,0
1,-3.4,C4072903,M1,1,0,DisGeNET,35,Primary Caesarian section,,-3.4,20,7.4,30293,11,415,3,0.72,0.42,26053|56052|93627,AUTS2|ALG1|TBCK,-0.77,0
1,-3.4,C0031036,M1,1,0,DisGeNET,35,Polyarteritis Nodosa,,-3.4,6.3,5.2,30293,70,415,6,1.4,0.59,49|3953|4210|4478|8821|317754,ACR|LEPR|MEFV|MSN|INPP4B|POTED,-0.76,0
1,-3.4,C1306503,M1,1,0,DisGeNET,35,Congenital exomphalos,,-3.4,3.4,4.4,30293,235,415,11,2.7,0.79,538|546|1281|1290|7516|10082|10982|26053|57492|79158|85358,ATP7A|ATRX|COL3A1|COL5A2|XRCC2|GPC6|MAPRE2|AUTS2|ARID1B|GNPTAB|SHANK3,-0.74,0
1,-3.3,C0026838,M1,1,0,DisGeNET,35,Muscle Spasticity,,-3.3,2.4,4,30293,580,415,19,4.6,1,367|538|546|774|2904|3748|4983|9829|9839|10352|11113|25914|26053|51132|55187|57231|57582|80055|285362,AR|ATP7A|ATRX|CACNA1B|GRIN2B|KCNC3|OPHN1|DNAJC6|ZEB2|WARS2|CIT|RTTN|AUTS2|RLIM|VPS13D|SNX14|KCNT1|PGAP1|SUMF1,-0.71,0
1,-3.3,C1848519,M1,1,0,DisGeNET,35,"WAARDENBURG SYNDROME, TYPE 4A",,-3.3,18,7,30293,12,415,3,0.72,0.42,9839|30812|84059,ZEB2|SOX8|ADGRV1,-0.68,0
1,-3.3,C1866231,M1,1,0,DisGeNET,35,Full cheeks,,-3.3,5,4.7,30293,103,415,7,1.7,0.63,538|1806|6492|10735|51057|51124|85358,ATP7A|DPYD|SIM1|STAG2|WDPCP|IER3IP1|SHANK3,-0.66,0
1,-3.2,C4317146,M1,1,0,DisGeNET,35,Acid reflux,,-3.2,7.3,5.3,30293,50,415,5,1.2,0.54,2904|26053|55869|56052|93627,GRIN2B|AUTS2|HDAC8|ALG1|TBCK,-0.64,0
1,-3.2,C0013720,M1,1,0,DisGeNET,35,Ehlers-Danlos Syndrome,,-3.2,5.8,4.9,30293,76,415,6,1.4,0.59,367|538|1281|1290|9839|11113,AR|ATP7A|COL3A1|COL5A2|ZEB2|CIT,-0.63,0
1,-3.2,C1856118,M1,1,0,DisGeNET,35,Prominent nasal tip,,-3.2,17,6.7,30293,13,415,3,0.72,0.42,9839|26053|57492,ZEB2|AUTS2|ARID1B,-0.61,0
1,-3.2,C0280324,M1,1,0,DisGeNET,35,Laryngeal Squamous Cell Carcinoma,,-3.2,2.5,3.9,30293,504,415,17,4.1,0.97,317|1571|1730|4478|4907|5564|5618|6755|6935|7035|7049|8436|9839|51427|56052|146336|100303491,APAF1|CYP2E1|DIAPH2|MSN|NT5E|PRKAB1|PRLR|SSTR5|ZEB1|TFPI|TGFBR3|CAVIN2|ZEB2|ZNF107|ALG1|SSTR5-AS1|ZEB2-AS1,-0.61,0
1,-3.1,C1865017,M1,1,0,DisGeNET,35,Thin upper lip vermilion,,-3.1,3.5,4.2,30293,211,415,10,2.4,0.75,186|546|1741|4983|10735|11113|55869|57492|79087|259266,AGTR2|ATRX|DLG3|OPHN1|STAG2|CIT|HDAC8|ARID1B|ALG12|ASPM,-0.59,0
1,-3.1,C0851887,M1,1,0,DisGeNET,35,Adenoviral infections,,-3.1,5.6,4.8,30293,78,415,6,1.4,0.59,331|407|594|1571|2159|3169,XIAP|ARR3|BCKDHB|CYP2E1|F10|FOXA1,-0.59,0
1,-3.1,C1849172,M1,1,0,DisGeNET,35,Frontal lobe hypoplasia,,-3.1,9.7,5.6,30293,30,415,4,0.96,0.48,11113|23229|25914|259266,CIT|ARHGEF9|RTTN|ASPM,-0.59,0
1,-3.1,C1136249,M1,1,0,DisGeNET,35,"Mental Retardation, X-Linked",,-3.1,4.2,4.4,30293,140,415,8,1.9,0.67,186|367|546|1741|4983|8450|23229|254065,AGTR2|AR|ATRX|DLG3|OPHN1|CUL4B|ARHGEF9|BRWD3,-0.59,0
1,-3.1,C0220633,M1,1,0,DisGeNET,35,Uveal melanoma,,-3.1,2.7,4,30293,375,415,14,3.4,0.89,214|331|3620|4255|5037|6755|6935|7035|8322|10352|53353|83478|84061|100302692,ALCAM|XIAP|IDO1|MGMT|PEBP1|SSTR5|ZEB1|TFPI|FZD4|WARS2|LRP1B|ARHGAP24|MAGT1|FTX,-0.59,0
1,-3.1,C0000772,M1,1,0,DisGeNET,35,Multiple congenital anomalies,,-3.1,3.2,4.1,30293,251,415,11,2.7,0.79,546|3708|5424|8942|9839|10274|26053|55869|57492|79158|259266,ATRX|ITPR1|POLD1|KYNU|ZEB2|STAG1|AUTS2|HDAC8|ARID1B|GNPTAB|ASPM,-0.59,0
1,-3.1,C1836830,M1,1,0,DisGeNET,35,Developmental regression,,-3.1,2.8,4,30293,333,415,13,3.1,0.86,538|774|1327|2904|4210|5378|23229|26053|57582|79158|84059|93627|285362,ATP7A|CACNA1B|COX4I1|GRIN2B|MEFV|PMS1|ARHGEF9|AUTS2|KCNT1|GNPTAB|ADGRV1|TBCK|SUMF1,-0.59,0
1,-3.1,C1839767,M1,1,0,DisGeNET,35,Tented upper lip vermilion,,-3.1,5.5,4.8,30293,79,415,6,1.4,0.59,546|50937|51124|54892|79633|93627,ATRX|CDON|IER3IP1|NCAPG2|FAT4|TBCK,-0.59,0
1,-3.1,C0005823,M1,1,0,DisGeNET,35,Blood Pressure,,-3.1,4.7,4.5,30293,109,415,7,1.7,0.63,5378|5586|8912|11077|55603|143872|219621,PMS1|PKN2|CACNA1H|HSF2BP|TENT5A|ARHGAP42|CABCOCO1,-0.59,0
1,-3.1,C0025363,M1,1,0,DisGeNET,35,"Mental Retardation, Psychosocial",,-3.1,4.1,4.4,30293,142,415,8,1.9,0.67,2904|7915|10274|10973|57231|65084|80781|85358,GRIN2B|ALDH5A1|STAG1|ASCC3|SNX14|TMEM135|COL18A1|SHANK3,-0.58,0
1,-3.1,C0158026,M1,1,0,DisGeNET,35,Monoarthritis,,-3.1,16,6.5,30293,14,415,3,0.72,0.42,49|2904|4210,ACR|GRIN2B|MEFV,-0.58,0
1,-3.1,C1519214,M1,1,0,DisGeNET,35,"Glioblastoma, IDH-Mutant",,-3.1,16,6.5,30293,14,415,3,0.72,0.42,3620|4255|8739,IDO1|MGMT|HRK,-0.58,0
1,-3.1,C1855514,M1,1,0,DisGeNET,35,Severe failure to thrive,,-3.1,16,6.5,30293,14,415,3,0.72,0.42,538|5230|25914,ATP7A|PGK1|RTTN,-0.58,0
1,-3.1,C0151744,M1,1,0,DisGeNET,35,Myocardial Ischemia,,-3.1,2.1,3.7,30293,756,415,22,5.3,1.1,1290|1327|2159|2634|2822|2992|3620|3953|4015|4478|5037|5142|5166|5564|5602|6935|7035|7112|11098|23576|80781|259266,COL5A2|COX4I1|F10|GBP2|GPLD1|GYG1|IDO1|LEPR|LOX|MSN|PEBP1|PDE4B|PDK4|PRKAB1|MAPK10|ZEB1|TFPI|TMPO|PRSS23|DDAH1|COL18A1|ASPM,-0.58,0
1,-3,C0026106,M1,1,0,DisGeNET,35,Mild Mental Retardation,,-3,2.8,3.9,30293,340,415,13,3.1,0.86,546|1806|1837|3748|9839|10352|27286|57492|79633|80055|81794|85358|254065,ATRX|DPYD|DTNA|KCNC3|ZEB2|WARS2|SRPX2|ARID1B|FAT4|PGAP1|ADAMTS10|SHANK3|BRWD3,-0.55,0
1,-3,C0156181,M1,1,0,DisGeNET,35,Peritoneal adhesion,,-3,9.1,5.4,30293,32,415,4,0.96,0.48,3600|3685|4210|10232,IL15|ITGAV|MEFV|MSLN,-0.55,0
1,-3,C1849367,M1,1,0,DisGeNET,35,Nasal bridge wide,,-3,2.6,3.8,30293,429,415,15,3.6,0.92,546|1290|1349|9839|10082|10735|23418|25914|26053|51132|55603|57492|79633|84100|85358,ATRX|COL5A2|COX7B|ZEB2|GPC6|STAG2|CRB1|RTTN|AUTS2|RLIM|TENT5A|ARID1B|FAT4|ARL6|SHANK3,-0.55,0
1,-3,C1861324,M1,1,0,DisGeNET,35,Short philtrum,,-3,3.6,4.2,30293,182,415,9,2.2,0.72,1281|4983|8450|10735|26053|50937|57492|79087|79633,COL3A1|OPHN1|CUL4B|STAG2|AUTS2|CDON|ARID1B|ALG12|FAT4,-0.55,0
1,-3,C1853241,M1,1,0,DisGeNET,35,Flat face,,-3,5.3,4.6,30293,83,415,6,1.4,0.59,546|1281|10082|10982|79633|285362,ATRX|COL3A1|GPC6|MAPRE2|FAT4|SUMF1,-0.54,0
1,-3,C4553743,M1,1,0,DisGeNET,35,"Spasticity, CTCAE",,-3,2.4,3.8,30293,477,415,16,3.9,0.95,538|546|774|2904|4983|9829|10352|11113|25914|26053|51132|55187|57231|57582|80055|285362,ATP7A|ATRX|CACNA1B|GRIN2B|OPHN1|DNAJC6|WARS2|CIT|RTTN|AUTS2|RLIM|VPS13D|SNX14|KCNT1|PGAP1|SUMF1,-0.54,0
1,-3,C4023722,M1,1,0,DisGeNET,35,Abnormality of hair texture,,-3,15,6.2,30293,15,415,3,0.72,0.42,538|1281|5230,ATP7A|COL3A1|PGK1,-0.54,0
1,-3,C0024433,M1,1,0,DisGeNET,35,Macrostomia,,-3,3.9,4.2,30293,148,415,8,1.9,0.67,546|1741|1806|8450|10274|57492|57520|80055,ATRX|DLG3|DPYD|CUL4B|STAG1|ARID1B|HECW2|PGAP1,-0.54,0
1,-3,C0035305,M1,1,0,DisGeNET,35,Retinal Detachment,,-3,3.9,4.2,30293,148,415,8,1.9,0.67,317|331|1290|8322|11098|23418|79087|80781,APAF1|XIAP|COL5A2|FZD4|PRSS23|CRB1|ALG12|COL18A1,-0.54,0
1,-3,C0920296,M1,1,0,DisGeNET,35,Developmental reading disorder,,-3,8.8,5.3,30293,33,415,4,0.96,0.48,2904|9856|55856|79158,GRIN2B|KIAA0319|ACOT13|GNPTAB,-0.54,0
1,-3,C1857679,M1,1,0,DisGeNET,35,Sloping forehead,,-3,3.9,4.2,30293,149,415,8,1.9,0.67,546|7516|10735|11113|25914|51057|51132|259266,ATRX|XRCC2|STAG2|CIT|RTTN|WDPCP|RLIM|ASPM,-0.53,0
1,-3,C1266042,M1,1,0,DisGeNET,35,Chromophobe Renal Cell Carcinoma,,-3,3.6,4.1,30293,185,415,9,2.2,0.72,317|3685|5037|5230|8821|9476|53353|54821|79577,APAF1|ITGAV|PEBP1|PGK1|INPP4B|NAPSA|LRP1B|ERCC6L|CDC73,-0.53,0
1,-3,C1306837,M1,1,0,DisGeNET,35,Papillary Renal Cell Carcinoma,,-3,3.3,4,30293,223,415,10,2.4,0.75,317|5037|5230|8821|9476|28985|53353|58508|79577|84864,APAF1|PEBP1|PGK1|INPP4B|NAPSA|MCTS1|LRP1B|KMT2C|CDC73|RIOX2,-0.53,0
1,-2.9,C1837461,M1,1,0,DisGeNET,35,"SCOLIOSIS, ISOLATED, SUSCEPTIBILITY TO, 3",,-2.9,2.3,3.6,30293,578,415,18,4.3,1,5142|8671|10982|11113|53353|54212|64431|65084|79698|91526|120863|143872|220929|255631|282974|285555|338645|100132891,PDE4B|SLC4A4|MAPRE2|CIT|LRP1B|SNTG1|ACTR6|TMEM135|ZMAT4|ANKRD44|DEPDC4|ARHGAP42|ZNF438|COL24A1|STK32C|STPG2|LUZP2|MSC-AS1,-0.52,0
1,-2.9,C0015625,M1,1,0,DisGeNET,35,Fanconi Anemia,,-2.9,2.6,3.8,30293,393,415,14,3.4,0.89,367|546|1327|4255|5250|5378|5424|6935|7516|8450|11167|55729|57167|83478,AR|ATRX|COX4I1|MGMT|SLC25A3|PMS1|POLD1|ZEB1|XRCC2|CUL4B|FSTL1|ATF7IP|SALL4|ARHGAP24,-0.52,0
1,-2.9,C1389018,M1,1,0,DisGeNET,35,Atrioventricular Septal Defect,,-2.9,6.3,4.8,30293,58,415,5,1.2,0.54,6573|26053|51057|55869|57167,SLC19A1|AUTS2|WDPCP|HDAC8|SALL4,-0.52,0
1,-2.9,C0432072,M1,1,0,DisGeNET,35,Dysmorphic features,,-2.9,2.5,3.7,30293,439,415,15,3.6,0.92,546|1327|1741|4210|8450|9839|10274|10735|23229|26053|55869|57492|57520|79158|259266,ATRX|COX4I1|DLG3|MEFV|CUL4B|ZEB2|STAG1|STAG2|ARHGEF9|AUTS2|HDAC8|ARID1B|HECW2|GNPTAB|ASPM,-0.52,0
1,-2.9,C0152421,M1,1,0,DisGeNET,35,Macrotia,,-2.9,3.5,4,30293,188,415,9,2.2,0.72,2904|4983|6492|11113|55869|57520|80055|85358|254065,GRIN2B|OPHN1|SIM1|CIT|HDAC8|HECW2|PGAP1|SHANK3|BRWD3,-0.52,0
1,-2.9,C0007758,M1,1,0,DisGeNET,35,Cerebellar Ataxia,,-2.9,2.5,3.7,30293,440,415,15,3.6,0.92,22|49|367|1741|3708|3748|4983|5424|6191|8450|10352|22901|51567|55187|57231,ABCB7|ACR|AR|DLG3|ITPR1|KCNC3|OPHN1|POLD1|RPS4X|CUL4B|WARS2|ARSG|TDP2|VPS13D|SNX14,-0.52,0
1,-2.9,C0345050,M1,1,0,DisGeNET,35,Congenital aneurysm of ascending aorta,,-2.9,14,6,30293,16,415,3,0.72,0.42,1281|4015|153443,COL3A1|LOX|SRFBP1,-0.52,0
1,-2.9,C2825856,M1,1,0,DisGeNET,35,Factor VII measurement,,-2.9,14,6,30293,16,415,3,0.72,0.42,2155|2159|23263,F7|F10|MCF2L,-0.52,0
1,-2.9,C3501611,M1,1,0,DisGeNET,35,"Mental Retardation, X-Linked Nonsyndromic",,-2.9,14,6,30293,16,415,3,0.72,0.42,186|1741|51132,AGTR2|DLG3|RLIM,-0.52,0
1,-2.9,C1853242,M1,1,0,DisGeNET,35,Midface retrusion,,-2.9,3.2,3.9,30293,228,415,10,2.4,0.75,186|546|1349|1741|4921|57520|58508|79087|79633|80781,AGTR2|ATRX|COX7B|DLG3|DDR2|HECW2|KMT2C|ALG12|FAT4|COL18A1,-0.52,0
1,-2.9,C0521158,M1,1,0,DisGeNET,35,Recurrent tumor,,-2.9,2.1,3.5,30293,735,415,21,5.1,1.1,49|331|367|407|546|1806|2984|3600|4255|5424|5618|6935|7035|9476|28985|51377|56994|57167|79577|80781|84864,ACR|XIAP|AR|ARR3|ATRX|DPYD|GUCY2C|IL15|MGMT|POLD1|PRLR|ZEB1|TFPI|NAPSA|MCTS1|UCHL5|CHPT1|SALL4|CDC73|COL18A1|RIOX2,-0.5,0
1,-2.9,C3887461,M1,1,0,DisGeNET,35,Head and Neck Carcinoma,,-2.9,2,3.5,30293,786,415,22,5.3,1.1,49|214|331|367|1571|1806|4015|4255|4907|5586|6596|7035|7376|7516|8654|9839|9886|51567|58508|79577|80781|83478,ACR|ALCAM|XIAP|AR|CYP2E1|DPYD|LOX|MGMT|NT5E|PKN2|HLTF|TFPI|NR1H2|XRCC2|PDE5A|ZEB2|RHOBTB1|TDP2|KMT2C|CDC73|COL18A1|ARHGAP24,-0.5,0
1,-2.9,C0751569,M1,1,0,DisGeNET,35,Genitourinary Cancer,,-2.9,6.1,4.6,30293,60,415,5,1.2,0.54,331|367|407|4255|8322,XIAP|AR|ARR3|MGMT|FZD4,-0.5,0
1,-2.9,C0087012,M1,1,0,DisGeNET,35,"Ataxia, Spinocerebellar",,-2.9,3.8,4.1,30293,155,415,8,1.9,0.67,367|3708|3748|6191|51567|55187|57231|285362,AR|ITPR1|KCNC3|RPS4X|TDP2|VPS13D|SNX14|SUMF1,-0.5,0
1,-2.8,C0020534,M1,1,0,DisGeNET,35,Orbital separation excessive,,-2.8,2.2,3.5,30293,590,415,18,4.3,1,546|1281|1349|4015|4921|6492|7516|9839|11113|26053|51057|51132|55869|56052|57167|57492|58508|79633,ATRX|COL3A1|COX7B|LOX|DDR2|SIM1|XRCC2|ZEB2|CIT|AUTS2|WDPCP|RLIM|HDAC8|ALG1|SALL4|ARID1B|KMT2C|FAT4,-0.48,0
1,-2.8,C3469521,M1,1,0,DisGeNET,35,"FANCONI ANEMIA, COMPLEMENTATION GROUP A (disorder)",,-2.8,2.6,3.7,30293,359,415,13,3.1,0.86,367|546|1327|4255|5250|5378|5424|7516|8450|11167|55729|57167|83478,AR|ATRX|COX4I1|MGMT|SLC25A3|PMS1|POLD1|XRCC2|CUL4B|FSTL1|ATF7IP|SALL4|ARHGAP24,-0.48,0
1,-2.8,C0431384,M1,1,0,DisGeNET,35,Colpocephaly,,-2.8,13,5.8,30293,17,415,3,0.72,0.42,1349|54892|57492,COX7B|NCAPG2|ARID1B,-0.48,0
1,-2.8,C0595948,M1,1,0,DisGeNET,35,Atypical absence seizure,,-2.8,13,5.8,30293,17,415,3,0.72,0.42,5602|27286|85358,MAPK10|SRPX2|SHANK3,-0.48,0
1,-2.8,C3897558,M1,1,0,DisGeNET,35,Soluble Interleukin 6 Receptor Measurement,,-2.8,13,5.8,30293,17,415,3,0.72,0.42,3708|55187|283455,ITPR1|VPS13D|KSR2,-0.48,0
1,-2.8,C0085271,M1,1,0,DisGeNET,35,Self-Injurious Behavior,,-2.8,4.8,4.3,30293,91,415,6,1.4,0.59,546|2904|7915|25914|51132|79633,ATRX|GRIN2B|ALDH5A1|RTTN|RLIM|FAT4,-0.47,0
1,-2.8,C0423112,M1,1,0,DisGeNET,35,Short palpebral fissure,,-2.8,4.8,4.3,30293,91,415,6,1.4,0.59,7516|10982|26053|57167|57231|79633,XRCC2|MAPRE2|AUTS2|SALL4|SNX14|FAT4,-0.47,0
1,-2.8,C3665346,M1,1,0,DisGeNET,35,Unspecified visual loss,,-2.8,3.1,3.8,30293,235,415,10,2.4,0.75,49|367|1349|7035|9839|22901|23418|80781|81794|84059,ACR|AR|COX7B|TFPI|ZEB2|ARSG|CRB1|COL18A1|ADAMTS10|ADGRV1,-0.47,0
1,-2.8,C0021704,M1,1,0,DisGeNET,35,Intelligence,,-2.8,2.2,3.5,30293,645,415,19,4.6,1,1806|9839|10274|23262|26053|53353|54901|55729|55843|57118|57492|64788|64839|79739|83473|85358|116154|338645|400765,DPYD|ZEB2|STAG1|PPIP5K2|AUTS2|LRP1B|CDKAL1|ATF7IP|ARHGAP15|CAMK1D|ARID1B|LMF1|FBXL17|TTLL7|KATNAL2|SHANK3|PHACTR3|LUZP2|MIR137HG,-0.47,0
1,-2.8,C0426429,M1,1,0,DisGeNET,35,Broad nasal tip,,-2.8,4.1,4.1,30293,125,415,7,1.7,0.63,186|546|1741|1806|51132|55869|57492,AGTR2|ATRX|DLG3|DPYD|RLIM|HDAC8|ARID1B,-0.45,0
1,-2.7,C0178417,M1,1,0,DisGeNET,35,Anhedonia,,-2.7,4.7,4.2,30293,93,415,6,1.4,0.59,3620|11113|23263|55729|56994|169355,IDO1|CIT|MCF2L|ATF7IP|CHPT1|IDO2,-0.45,0
1,-2.7,C0750940,M1,1,0,DisGeNET,35,"Tremor, Rubral",,-2.7,12,5.6,30293,18,415,3,0.72,0.42,22|538|11113,ABCB7|ATP7A|CIT,-0.45,0
1,-2.7,C1848654,M1,1,0,DisGeNET,35,Broad ribs,,-2.7,12,5.6,30293,18,415,3,0.72,0.42,538|79158|81794,ATP7A|GNPTAB|ADAMTS10,-0.45,0
1,-2.7,C1853377,M1,1,0,DisGeNET,35,Enlarged cisterna magna,,-2.7,12,5.6,30293,18,415,3,0.72,0.42,3708|4983|57492,ITPR1|OPHN1|ARID1B,-0.45,0
1,-2.7,C4525405,M1,1,0,DisGeNET,35,Eyelid Sebaceous Gland Carcinoma,,-2.7,12,5.6,30293,18,415,3,0.72,0.42,367|6935|9839,AR|ZEB1|ZEB2,-0.45,0
1,-2.7,C2243051,M1,1,0,DisGeNET,35,Large head (disorder),,-2.7,5.7,4.4,30293,64,415,5,1.2,0.54,2904|4210|26053|57492|79158,GRIN2B|MEFV|AUTS2|ARID1B|GNPTAB,-0.44,0
1,-2.7,C0023015,M1,1,0,DisGeNET,35,Language Disorders,,-2.7,4.7,4.2,30293,94,415,6,1.4,0.59,2904|6492|9856|27286|29969|85358,GRIN2B|SIM1|KIAA0319|SRPX2|MDFIC|SHANK3,-0.44,0
1,-2.7,C1865014,M1,1,0,DisGeNET,35,Long philtrum,,-2.7,2.8,3.7,30293,282,415,11,2.7,0.79,186|538|1741|10082|10735|10982|55869|57231|57492|79158|85358,AGTR2|ATP7A|DLG3|GPC6|STAG2|MAPRE2|HDAC8|SNX14|ARID1B|GNPTAB|SHANK3,-0.44,0
1,-2.7,C0162298,M1,1,0,DisGeNET,35,Joint stiffness,,-2.7,3.6,3.9,30293,163,415,8,1.9,0.67,546|3081|4907|55869|57167|79158|81794|285362,ATRX|HGD|NT5E|HDAC8|SALL4|GNPTAB|ADAMTS10|SUMF1,-0.44,0
1,-2.7,C0280099,M1,1,0,DisGeNET,35,Adult Solid Neoplasm,,-2.7,3.6,3.9,30293,163,415,8,1.9,0.67,407|1806|2159|4015|4907|10232|10274|56994,ARR3|DPYD|F10|LOX|NT5E|MSLN|STAG1|CHPT1,-0.44,0
1,-2.7,C0431350,M1,1,0,DisGeNET,35,Primary microcephaly,,-2.7,7.5,4.8,30293,39,415,4,0.96,0.48,11113|25914|51124|259266,CIT|RTTN|IER3IP1|ASPM,-0.44,0
1,-2.7,C2749675,M1,1,0,DisGeNET,35,Cortical gyral simplification,,-2.7,7.5,4.8,30293,39,415,4,0.96,0.48,11113|25914|51124|259266,CIT|RTTN|IER3IP1|ASPM,-0.44,0
1,-2.7,C3489393,M1,1,0,DisGeNET,35,Hiatal Hernia,,-2.7,7.5,4.8,30293,39,415,4,0.96,0.48,538|1281|1290|84059,ATP7A|COL3A1|COL5A2|ADGRV1,-0.44,0
1,-2.7,C1333762,M1,1,0,DisGeNET,35,Gastric Cardia Adenocarcinoma,,-2.7,5.6,4.4,30293,65,415,5,1.2,0.54,574|5037|6596|7516|83478,BAGE|PEBP1|HLTF|XRCC2|ARHGAP24,-0.44,0
1,-2.7,C1847879,M1,1,0,DisGeNET,35,X-linked dominant inheritance,,-2.7,5.6,4.4,30293,65,415,5,1.2,0.54,546|1349|1730|55869|90167,ATRX|COX7B|DIAPH2|HDAC8|FRMD7,-0.44,0
1,-2.7,C0013274,M1,1,0,DisGeNET,35,Patent ductus arteriosus,,-2.7,2.3,3.5,30293,510,415,16,3.9,0.95,407|1080|1837|3169|4015|6935|7516|8942|9839|10232|51057|54892|57492|79087|80781|81794,ARR3|CFTR|DTNA|FOXA1|LOX|ZEB1|XRCC2|KYNU|ZEB2|MSLN|WDPCP|NCAPG2|ARID1B|ALG12|COL18A1|ADAMTS10,-0.44,0
1,-2.7,C0524528,M1,1,0,DisGeNET,35,Pervasive Development Disorder,,-2.7,2.7,3.6,30293,328,415,12,2.9,0.82,367|1806|2904|6573|7226|23229|26053|57492|58508|64216|85358|94121,AR|DPYD|GRIN2B|SLC19A1|TRPM2|ARHGEF9|AUTS2|ARID1B|KMT2C|TFB2M|SHANK3|SYTL4,-0.43,0
1,-2.7,C0232939,M1,1,0,DisGeNET,35,Primary physiologic amenorrhea,,-2.7,4,4,30293,129,415,7,1.7,0.63,367|3953|7049|50937|55869|93426|402381,AR|LEPR|TGFBR3|CDON|HDAC8|SYCE1|SOHLH1,-0.43,0
1,-2.7,C0042880,M1,1,0,DisGeNET,35,Vitamin K Deficiency,,-2.7,12,5.4,30293,19,415,3,0.72,0.42,1080|2155|2159,CFTR|F7|F10,-0.42,0
1,-2.7,C0017551,M1,1,0,DisGeNET,35,Gilbert Disease (disorder),,-2.7,7.3,4.7,30293,40,415,4,0.96,0.48,1806|4907|5564|56994,DPYD|NT5E|PRKAB1|CHPT1,-0.42,0
1,-2.7,C0241165,M1,1,0,DisGeNET,35,Thick skin,,-2.7,7.3,4.7,30293,40,415,4,0.96,0.48,538|10982|79158|81794,ATP7A|MAPRE2|GNPTAB|ADAMTS10,-0.42,0
1,-2.7,C0085078,M1,1,0,DisGeNET,35,Lysosomal Storage Diseases,,-2.7,3.9,3.9,30293,130,415,7,1.7,0.63,1327|4210|5564|22901|79158|93627|285362,COX4I1|MEFV|PRKAB1|ARSG|GNPTAB|TBCK|SUMF1,-0.42,0
1,-2.7,C3642347,M1,1,0,DisGeNET,35,Basal-Like Breast Carcinoma,,-2.7,3,3.7,30293,245,415,10,2.4,0.75,3169|3620|3685|3953|4255|8821|10232|57118|57167|100126317,FOXA1|IDO1|ITGAV|LEPR|MGMT|INPP4B|MSLN|CAMK1D|SALL4|MIR374B,-0.42,0
1,-2.7,C0030297,M1,1,0,DisGeNET,35,Pancreatic Neoplasm,,-2.7,2,3.3,30293,764,415,21,5.1,1.1,331|546|1806|2159|4015|4255|4478|5378|6755|7049|7516|10232|25913|26118|56159|56994|58508|80781|169355|285282|442919,XIAP|ATRX|DPYD|F10|LOX|MGMT|MSN|PMS1|SSTR5|TGFBR3|XRCC2|MSLN|POT1|WSB1|TEX11|CHPT1|KMT2C|COL18A1|IDO2|RABL3|MIR374A,-0.42,0
1,-2.6,C0019079,M1,1,0,DisGeNET,35,Hemoptysis,,-2.6,5.4,4.3,30293,67,415,5,1.2,0.54,1080|1281|4015|4210|57582,CFTR|COL3A1|LOX|MEFV|KCNT1,-0.41,0
1,-2.6,C0278996,M1,1,0,DisGeNET,35,Malignant Head and Neck Neoplasm,,-2.6,2,3.3,30293,767,415,21,5.1,1.1,49|214|331|367|1571|1806|4015|4255|4907|5586|6596|7376|7516|8654|9839|9886|51567|58508|79577|80781|83478,ACR|ALCAM|XIAP|AR|CYP2E1|DPYD|LOX|MGMT|NT5E|PKN2|HLTF|NR1H2|XRCC2|PDE5A|ZEB2|RHOBTB1|TDP2|KMT2C|CDC73|COL18A1|ARHGAP24,-0.41,0
1,-2.6,C4021107,M1,1,0,DisGeNET,35,Non-obstructive azoospermia,,-2.6,3.5,3.8,30293,168,415,8,1.9,0.67,49|1080|7516|50511|56159|93426|402381|441531,ACR|CFTR|XRCC2|SYCP3|TEX11|SYCE1|SOHLH1|PGAM4,-0.41,0
1,-2.6,C0424230,M1,1,0,DisGeNET,35,Motor retardation,,-2.6,4.5,4.1,30293,98,415,6,1.4,0.59,1349|5096|7915|8942|56052|79087,COX7B|PCCB|ALDH5A1|KYNU|ALG1|ALG12,-0.41,0
1,-2.6,C0279068,M1,1,0,DisGeNET,35,Childhood Solid Neoplasm,,-2.6,3.5,3.8,30293,169,415,8,1.9,0.67,407|1806|2159|4015|4907|10232|10274|56994,ARR3|DPYD|F10|LOX|NT5E|MSLN|STAG1|CHPT1,-0.4,0
1,-2.6,C1848207,M1,1,0,DisGeNET,35,Poor speech,,-2.6,3.2,3.7,30293,208,415,9,2.2,0.72,186|1741|10352|24137|25914|51132|55869|80055|93627,AGTR2|DLG3|WARS2|KIF4A|RTTN|RLIM|HDAC8|PGAP1|TBCK,-0.4,0
1,-2.6,C1519383,M1,1,0,DisGeNET,35,Smoking Behaviors,,-2.6,2.9,3.6,30293,249,415,10,2.4,0.75,1080|3708|4255|4542|10352|51760|53353|55843|57118|283455,CFTR|ITPR1|MGMT|MYO1F|WARS2|SYT17|LRP1B|ARHGAP15|CAMK1D|KSR2,-0.4,0
1,-2.6,C0262587,M1,1,0,DisGeNET,35,Parathyroid Adenoma,,-2.6,3.8,3.9,30293,133,415,7,1.7,0.63,407|546|5618|8490|25913|79577|83478,ARR3|ATRX|PRLR|RGS5|POT1|CDC73|ARHGAP24,-0.4,0
1,-2.6,C0423798,M1,1,0,DisGeNET,35,Increased tendency to bruise,,-2.6,3.8,3.9,30293,133,415,7,1.7,0.63,538|546|1281|1290|2155|2159|4015,ATP7A|ATRX|COL3A1|COL5A2|F7|F10|LOX,-0.4,0
1,-2.6,C0022716,M1,1,0,DisGeNET,35,Menkes Kinky Hair Syndrome,,-2.6,11,5.2,30293,20,415,3,0.72,0.42,538|4015|5230,ATP7A|LOX|PGK1,-0.4,0
1,-2.6,C0344290,M1,1,0,DisGeNET,35,Vitreoretinal degeneration,,-2.6,11,5.2,30293,20,415,3,0.72,0.42,8322|23418|80781,FZD4|CRB1|COL18A1,-0.4,0
1,-2.6,C4087504,M1,1,0,DisGeNET,35,Peritoneal dissemination,,-2.6,3.4,3.8,30293,170,415,8,1.9,0.67,3620|4921|5230|6935|9839|10232|56159|80781,IDO1|DDR2|PGK1|ZEB1|ZEB2|MSLN|TEX11|COL18A1,-0.4,0
1,-2.6,C4021768,M1,1,0,DisGeNET,35,Abnormality of metabolism/homeostasis,,-2.6,3.4,3.7,30293,171,415,8,1.9,0.67,22|546|1349|3081|7915|50511|56159|64788,ABCB7|ATRX|COX7B|HGD|ALDH5A1|SYCP3|TEX11|LMF1,-0.39,0
1,-2.6,C0042063,M1,1,0,DisGeNET,35,Urogenital Abnormalities,,-2.6,7,4.5,30293,42,415,4,0.96,0.48,546|4983|5230|9839,ATRX|OPHN1|PGK1|ZEB2,-0.39,0
1,-2.6,C0201850,M1,1,0,DisGeNET,35,Alkaline phosphatase measurement,,-2.6,7,4.5,30293,42,415,4,0.96,0.48,2822|7915|9856|51567,GPLD1|ALDH5A1|KIAA0319|TDP2,-0.39,0
1,-2.6,C0266294,M1,1,0,DisGeNET,35,Unilateral agenesis of kidney,,-2.6,5.3,4.2,30293,69,415,5,1.2,0.54,186|8942|11113|25914|259266,AGTR2|KYNU|CIT|RTTN|ASPM,-0.39,0
1,-2.6,C0426848,M1,1,0,DisGeNET,35,Sacral dimple,,-2.6,5.3,4.2,30293,69,415,5,1.2,0.54,1349|54892|57492|79633|85358,COX7B|NCAPG2|ARID1B|FAT4|SHANK3,-0.39,0
1,-2.6,C0018817,M1,1,0,DisGeNET,35,Atrial Septal Defects,,-2.6,2.5,3.4,30293,384,415,13,3.1,0.86,1290|1349|1571|4210|7516|9839|10082|26053|55869|57167|57492|85358|94121,COL5A2|COX7B|CYP2E1|MEFV|XRCC2|ZEB2|GPC6|AUTS2|HDAC8|SALL4|ARID1B|SHANK3|SYTL4,-0.38,0
1,-2.6,C1854301,M1,1,0,DisGeNET,35,Motor delay,,-2.6,2.5,3.4,30293,384,415,13,3.1,0.86,1806|2904|3708|3748|7915|8450|9839|10352|10982|55603|80055|85358|259266,DPYD|GRIN2B|ITPR1|KCNC3|ALDH5A1|CUL4B|ZEB2|WARS2|MAPRE2|TENT5A|PGAP1|SHANK3|ASPM,-0.38,0
1,-2.6,C2931038,M1,1,0,DisGeNET,35,"Pancreatic carcinoma, familial",,-2.6,6.8,4.5,30293,43,415,4,0.96,0.48,1080|84061|169355|285282,CFTR|MAGT1|IDO2|RABL3,-0.37,0
1,-2.5,C0347509,M1,1,0,DisGeNET,35,Benign neoplasm of central nervous system,,-2.5,10,5.1,30293,21,415,3,0.72,0.42,5378|51057|79633,PMS1|WDPCP|FAT4,-0.37,0
1,-2.5,C1399793,M1,1,0,DisGeNET,35,skin fold (abnormality),,-2.5,10,5.1,30293,21,415,3,0.72,0.42,331|10982|50937,XIAP|MAPRE2|CDON,-0.37,0
1,-2.5,C1850601,M1,1,0,DisGeNET,35,Abnormality of brainstem morphology,,-2.5,10,5.1,30293,21,415,3,0.72,0.42,1281|5602|7049,COL3A1|MAPK10|TGFBR3,-0.37,0
1,-2.5,C0686377,M1,1,0,DisGeNET,35,CNS metastases,,-2.5,4.3,3.9,30293,102,415,6,1.4,0.59,367|3600|4907|4921|56994|259266,AR|IL15|NT5E|DDR2|CHPT1|ASPM,-0.37,0
1,-2.5,C0018784,M1,1,0,DisGeNET,35,Sensorineural Hearing Loss (disorder),,-2.5,2,3.2,30293,783,415,21,5.1,1.1,546|4542|4907|5424|7112|8322|8654|10735|11098|22901|23262|23418|55869|57167|57492|79087|79633|84059|84100|160335|285362,ATRX|MYO1F|NT5E|POLD1|TMPO|FZD4|PDE5A|STAG2|PRSS23|ARSG|PPIP5K2|CRB1|HDAC8|SALL4|ARID1B|ALG12|FAT4|ADGRV1|ARL6|TMTC2|SUMF1,-0.36,0
1,-2.5,C0025322,M1,1,0,DisGeNET,35,Premature Menopause,,-2.5,2.7,3.5,30293,299,415,11,2.7,0.79,186|367|594|1730|1901|5424|5618|7049|57167|93426|402381,AGTR2|AR|BCKDHB|DIAPH2|S1PR1|POLD1|PRLR|TGFBR3|SALL4|SYCE1|SOHLH1,-0.35,0
1,-2.5,C0423110,M1,1,0,DisGeNET,35,Downward slant of palpebral fissure,,-2.5,2.4,3.3,30293,391,415,13,3.1,0.86,186|538|546|774|1741|8450|9839|10982|26053|51057|51132|57492|84100,AGTR2|ATP7A|ATRX|CACNA1B|DLG3|CUL4B|ZEB2|MAPRE2|AUTS2|WDPCP|RLIM|ARID1B|ARL6,-0.34,0
1,-2.5,C0239174,M1,1,0,DisGeNET,35,Late tooth eruption,,-2.5,3.7,3.7,30293,139,415,7,1.7,0.63,186|1741|9839|55869|57231|57492|79633,AGTR2|DLG3|ZEB2|HDAC8|SNX14|ARID1B|FAT4,-0.34,0
1,-2.5,C0030521,M1,1,0,DisGeNET,35,Parathyroid Neoplasms,,-2.5,4.2,3.9,30293,104,415,6,1.4,0.59,367|546|8322|8490|79577|83478,AR|ATRX|FZD4|RGS5|CDC73|ARHGAP24,-0.34,0
1,-2.5,C0424574,M1,1,0,DisGeNET,35,Duration of sleep,,-2.5,4.2,3.9,30293,104,415,6,1.4,0.59,1806|5096|5142|5795|26053|283455,DPYD|PCCB|PDE4B|PTPRJ|AUTS2|KSR2,-0.34,0
1,-2.5,C0424605,M1,1,0,DisGeNET,35,Developmental delay (disorder),,-2.5,2.1,3.2,30293,584,415,17,4.1,0.97,546|1806|2904|4983|6492|7915|8450|8671|10492|10735|26053|57167|57492|57520|80055|85358|259266,ATRX|DPYD|GRIN2B|OPHN1|SIM1|ALDH5A1|CUL4B|SLC4A4|SYNCRIP|STAG2|AUTS2|SALL4|ARID1B|HECW2|PGAP1|SHANK3|ASPM,-0.34,0
1,-2.5,C1387005,M1,1,0,DisGeNET,35,Penis agenesis,,-2.5,3,3.5,30293,217,415,9,2.2,0.72,367|546|1349|4983|8450|51132|55869|79087|79633,AR|ATRX|COX7B|OPHN1|CUL4B|RLIM|HDAC8|ALG12|FAT4,-0.34,0
1,-2.5,C0268353,M1,1,0,DisGeNET,35,"Cutis laxa, x-linked",,-2.5,10,5,30293,22,415,3,0.72,0.42,538|4015|5230,ATP7A|LOX|PGK1,-0.34,0
1,-2.5,C1852504,M1,1,0,DisGeNET,35,Misalignment of teeth,,-2.5,10,5,30293,22,415,3,0.72,0.42,6492|9839|81794,SIM1|ZEB2|ADAMTS10,-0.34,0
1,-2.5,C0520947,M1,1,0,DisGeNET,35,Clumsiness - motor delay,,-2.5,2.4,3.3,30293,393,415,13,3.1,0.86,1806|3708|3748|7915|8450|9839|10352|10982|27286|55603|80055|85358|259266,DPYD|ITPR1|KCNC3|ALDH5A1|CUL4B|ZEB2|WARS2|MAPRE2|SRPX2|TENT5A|PGAP1|SHANK3|ASPM,-0.33,0
1,-2.5,C0687720,M1,1,0,DisGeNET,35,Central Diabetes Insipidus,,-2.5,4.2,3.8,30293,105,415,6,1.4,0.59,49|1571|3600|3953|9476|259266,ACR|CYP2E1|IL15|LEPR|NAPSA|ASPM,-0.33,0
1,-2.5,C0024668,M1,1,0,DisGeNET,35,"Mammary Neoplasms, Experimental",,-2.5,3,3.5,30293,218,415,9,2.2,0.72,186|214|317|331|367|1901|5037|5618|80781,AGTR2|ALCAM|APAF1|XIAP|AR|S1PR1|PEBP1|PRLR|COL18A1,-0.33,0
1,-2.5,C2673431,M1,1,0,DisGeNET,35,Abnormality of the periventricular white matter,,-2.5,6.5,4.3,30293,45,415,4,0.96,0.48,10352|25914|93627|285362,WARS2|RTTN|TBCK|SUMF1,-0.33,0
1,-2.5,C0854723,M1,1,0,DisGeNET,35,Retinal Dystrophies,,-2.5,3,3.5,30293,219,415,9,2.2,0.72,1349|5230|6573|8322|23418|80055|80781|84059|84100,COX7B|PGK1|SLC19A1|FZD4|CRB1|PGAP1|COL18A1|ADGRV1|ARL6,-0.33,0
1,-2.5,C0029925,M1,1,0,DisGeNET,35,Ovarian Carcinoma,,-2.5,2.2,3.2,30293,539,415,16,3.9,0.95,331|367|1806|3600|3685|4907|5378|5602|6935|7516|8490|9476|9839|10232|11113|57167,XIAP|AR|DPYD|IL15|ITGAV|NT5E|PMS1|MAPK10|ZEB1|XRCC2|RGS5|NAPSA|ZEB2|MSLN|CIT|SALL4,-0.33,0
1,-2.5,C0151889,M1,1,0,DisGeNET,35,Hyperreflexia,,-2.5,2.2,3.2,30293,539,415,16,3.9,0.95,22|546|3708|3748|4210|7516|9829|10352|11113|23418|26053|51132|55187|80055|84100|259266,ABCB7|ATRX|ITPR1|KCNC3|MEFV|XRCC2|DNAJC6|WARS2|CIT|CRB1|AUTS2|RLIM|VPS13D|PGAP1|ARL6|ASPM,-0.33,0
1,-2.5,C1839758,M1,1,0,DisGeNET,35,Narrow forehead,,-2.5,4.1,3.8,30293,106,415,6,1.4,0.59,546|51124|79158|79633|93627|259266,ATRX|IER3IP1|GNPTAB|FAT4|TBCK|ASPM,-0.33,0
1,-2.5,C1854113,M1,1,0,DisGeNET,35,Prominent nasal bridge,,-2.5,3.2,3.6,30293,180,415,8,1.9,0.67,6492|10274|25914|51057|51132|55869|84100|93627,SIM1|STAG1|RTTN|WDPCP|RLIM|HDAC8|ARL6|TBCK,-0.32,0
1,-2.4,C0376532,M1,1,0,DisGeNET,35,"Epilepsy, Rolandic",,-2.4,6.3,4.3,30293,46,415,4,0.96,0.48,27286|51124|57582|85358,SRPX2|IER3IP1|KCNT1|SHANK3,-0.31,0
1,-2.4,C0154832,M1,1,0,DisGeNET,35,Exudative retinopathy,,-2.4,9.5,4.8,30293,23,415,3,0.72,0.42,8322|11098|23418,FZD4|PRSS23|CRB1,-0.31,0
1,-2.4,C0268070,M1,1,0,DisGeNET,35,Hypocupremia,,-2.4,9.5,4.8,30293,23,415,3,0.72,0.42,538|4015|11113,ATP7A|LOX|CIT,-0.31,0
1,-2.4,C1705254,M1,1,0,DisGeNET,35,Neonatal Deformity,,-2.4,9.5,4.8,30293,23,415,3,0.72,0.42,317|367|9839,APAF1|AR|ZEB2,-0.31,0
1,-2.4,C4048270,M1,1,0,DisGeNET,35,Decreased antibody level in blood,,-2.4,4.9,4,30293,75,415,5,1.2,0.54,331|1080|4478|79087|79633,XIAP|CFTR|MSN|ALG12|FAT4,-0.31,0
1,-2.4,C0037822,M1,1,0,DisGeNET,35,Speech Disorders,,-2.4,3.2,3.5,30293,183,415,8,1.9,0.67,22|4983|8450|27286|51057|55869|57492|84100,ABCB7|OPHN1|CUL4B|SRPX2|WDPCP|HDAC8|ARID1B|ARL6,-0.29,0
1,-2.4,C0004030,M1,1,0,DisGeNET,35,Aspergillosis,,-2.4,6.2,4.2,30293,47,415,4,0.96,0.48,1080|3600|3620|169355,CFTR|IL15|IDO1|IDO2,-0.29,0
1,-2.4,C0271183,M1,1,0,DisGeNET,35,Severe myopia,,-2.4,3.2,3.5,30293,184,415,8,1.9,0.67,407|5801|6573|9839|23074|79839|80781|81794,ARR3|PTPRR|SLC19A1|ZEB2|BLTP3B|CCDC102B|COL18A1|ADAMTS10,-0.28,0
1,-2.4,C1609433,M1,1,0,DisGeNET,35,Congenital absence of kidneys syndrome,,-2.4,4,3.7,30293,110,415,6,1.4,0.59,546|1080|11113|30812|50937|57167,ATRX|CFTR|CIT|SOX8|CDON|SALL4,-0.28,0
1,-2.4,C0233849,M1,1,0,DisGeNET,35,Personality Traits,,-2.4,9.1,4.7,30293,24,415,3,0.72,0.42,9063|83473|100132891,PIAS2|KATNAL2|MSC-AS1,-0.28,0
1,-2.4,C0424790,M1,1,0,DisGeNET,35,Rigor - Temperature-associated observation,,-2.4,9.1,4.7,30293,24,415,3,0.72,0.42,6573|9856|317716,SLC19A1|KIAA0319|BPIFA4P,-0.28,0
1,-2.4,C2939175,M1,1,0,DisGeNET,35,Meconium ileus,,-2.4,9.1,4.7,30293,24,415,3,0.72,0.42,1080|2984|11254,CFTR|GUCY2C|SLC6A14,-0.28,0
1,-2.4,C0428474,M1,1,0,DisGeNET,35,Serum LDL cholesterol measurement,,-2.4,2.7,3.3,30293,269,415,10,2.4,0.75,367|2155|3953|5142|7035|7049|10082|54741|54901|255631,AR|F7|LEPR|PDE4B|TFPI|TGFBR3|GPC6|LEPROT|CDKAL1|COL24A1,-0.28,0
1,-2.4,C0221356,M1,1,0,DisGeNET,35,Brachycephaly,,-2.4,3.1,3.4,30293,186,415,8,1.9,0.67,538|546|6492|26053|51567|55869|57492|81794,ATP7A|ATRX|SIM1|AUTS2|TDP2|HDAC8|ARID1B|ADAMTS10,-0.28,0
1,-2.4,C0235946,M1,1,0,DisGeNET,35,Cerebral atrophy,,-2.4,2.3,3.2,30293,454,415,14,3.4,0.89,546|774|1806|5096|9829|10352|25823|25914|56052|57520|80055|80781|93627|285362,ATRX|CACNA1B|DPYD|PCCB|DNAJC6|WARS2|TPSG1|RTTN|ALG1|HECW2|PGAP1|COL18A1|TBCK|SUMF1,-0.28,0
1,-2.4,C1840077,M1,1,0,DisGeNET,35,Anteverted nostril,,-2.4,2.3,3.2,30293,407,415,13,3.1,0.86,546|10082|23418|26053|50937|51124|55869|57231|57520|79158|84100|93627|285362,ATRX|GPC6|CRB1|AUTS2|CDON|IER3IP1|HDAC8|SNX14|HECW2|GNPTAB|ARL6|TBCK|SUMF1,-0.27,0
1,-2.4,C0015672,M1,1,0,DisGeNET,35,Fatigue,,-2.4,1.9,3,30293,759,415,20,4.8,1.1,49|367|407|538|546|1290|3600|3620|3685|4210|5378|5564|5801|9829|10352|30061|56994|57492|79577|93627,ACR|AR|ARR3|ATP7A|ATRX|COL5A2|IL15|IDO1|ITGAV|MEFV|PMS1|PRKAB1|PTPRR|DNAJC6|WARS2|SLC40A1|CHPT1|ARID1B|CDC73|TBCK,-0.27,0
1,-2.3,C2937421,M1,1,0,DisGeNET,35,Prostatic Hyperplasia,,-2.3,3.9,3.6,30293,112,415,6,1.4,0.59,367|1806|3953|4015|8654|83478,AR|DPYD|LEPR|LOX|PDE5A|ARHGAP24,-0.26,0
1,-2.3,C0006625,M1,1,0,DisGeNET,35,Cachexia,,-2.3,2.7,3.3,30293,273,415,10,2.4,0.75,1080|1290|3600|3953|5142|5564|8450|55729|58508|79577,CFTR|COL5A2|IL15|LEPR|PDE4B|PRKAB1|CUL4B|ATF7IP|KMT2C|CDC73,-0.25,0
1,-2.3,C0040128,M1,1,0,DisGeNET,35,Thyroid Diseases,,-2.3,2.9,3.3,30293,230,415,9,2.2,0.72,49|331|3600|7035|8821|51454|56052|84061|163882,ACR|XIAP|IL15|TFPI|INPP4B|GULP1|ALG1|MAGT1|CNST,-0.25,0
1,-2.3,C0394005,M1,1,0,DisGeNET,35,Ataxic cerebral palsy,,-2.3,8.8,4.6,30293,25,415,3,0.72,0.42,1080|1571|3708,CFTR|CYP2E1|ITPR1,-0.25,0
1,-2.3,C1849211,M1,1,0,DisGeNET,35,Generalized hirsutism,,-2.3,3.9,3.6,30293,113,415,6,1.4,0.59,10982|51057|55869|57492|79158|84100,MAPRE2|WDPCP|HDAC8|ARID1B|GNPTAB|ARL6,-0.25,0
1,-2.3,C1858085,M1,1,0,DisGeNET,35,Malar flattening,,-2.3,3.1,3.4,30293,190,415,8,1.9,0.67,546|4921|10082|10735|51132|57492|79633|85358,ATRX|DDR2|GPC6|STAG2|RLIM|ARID1B|FAT4|SHANK3,-0.24,0
1,-2.3,C0238395,M1,1,0,DisGeNET,35,Male Pseudohermaphroditism,,-2.3,5.8,4,30293,50,415,4,0.96,0.48,367|546|1349|51057,AR|ATRX|COX7B|WDPCP,-0.24,0
1,-2.3,C2938924,M1,1,0,DisGeNET,35,Oestrogen receptor positive breast cancer,,-2.3,2.1,3.1,30293,510,415,15,3.6,0.92,367|463|3169|3620|4015|4478|5424|6573|6935|7112|7226|8821|11254|58508|80781,AR|ZFHX3|FOXA1|IDO1|LOX|MSN|POLD1|SLC19A1|ZEB1|TMPO|TRPM2|INPP4B|SLC6A14|KMT2C|COL18A1,-0.24,0
1,-2.3,C0008925,M1,1,0,DisGeNET,35,Cleft Palate,,-2.3,2,3,30293,611,415,17,4.1,0.97,546|2159|4907|6573|7516|8322|10735|10982|11124|50937|51057|55869|57167|57492|254065|442919|100192378,ATRX|F10|NT5E|SLC19A1|XRCC2|FZD4|STAG2|MAPRE2|FAF1|CDON|WDPCP|HDAC8|SALL4|ARID1B|BRWD3|MIR374A|ZFHX4-AS1,-0.24,0
1,-2.3,C3665386,M1,1,0,DisGeNET,35,Abnormal vision,,-2.3,3.8,3.6,30293,115,415,6,1.4,0.59,1349|6935|22901|80781|81794|84059,COX7B|ZEB1|ARSG|COL18A1|ADAMTS10|ADGRV1,-0.23,0
1,-2.3,C0151526,M1,1,0,DisGeNET,35,Premature Birth,,-2.3,3,3.3,30293,192,415,8,1.9,0.67,1281|1290|8322|50937|55869|57492|93627|255631,COL3A1|COL5A2|FZD4|CDON|HDAC8|ARID1B|TBCK|COL24A1,-0.23,0
1,-2.3,C1863416,M1,1,0,DisGeNET,35,Autosomal dominant compelling helio ophthalmic outburst syndrome,,-2.3,8.4,4.5,30293,26,415,3,0.72,0.42,463|26053|254065,ZFHX3|AUTS2|BRWD3,-0.22,0
1,-2.3,C2939186,M1,1,0,DisGeNET,35,Disturbance in mood,,-2.3,8.4,4.5,30293,26,415,3,0.72,0.42,5142|7226|23263,PDE4B|TRPM2|MCF2L,-0.22,0
1,-2.3,C0205969,M1,1,0,DisGeNET,35,Thymic Carcinoma,,-2.3,4.5,3.7,30293,82,415,5,1.2,0.54,367|1806|3620|4255|10232,AR|DPYD|IDO1|MGMT|MSLN,-0.21,0
1,-2.2,C0751956,M1,1,0,DisGeNET,35,Acute Cerebrovascular Accidents,,-2.2,3.3,3.4,30293,155,415,7,1.7,0.63,407|463|2904|3685|7035|22938|57380,ARR3|ZFHX3|GRIN2B|ITGAV|TFPI|SNW1|MRS2,-0.2,0
1,-2.2,C0476254,M1,1,0,DisGeNET,35,Dyslexia,,-2.2,3.7,3.5,30293,118,415,6,1.4,0.59,2904|8912|9856|51567|55856|79158,GRIN2B|CACNA1H|KIAA0319|TDP2|ACOT13|GNPTAB,-0.19,0
1,-2.2,C1963184,M1,1,0,DisGeNET,35,"Nystagmus, CTCAE 3.0",,-2.2,1.9,2.9,30293,779,415,20,4.8,1.1,22|774|1806|3708|3748|4983|6492|7516|10352|23418|51057|54892|55187|55869|57167|57492|57520|80781|84059|84100,ABCB7|CACNA1B|DPYD|ITPR1|KCNC3|OPHN1|SIM1|XRCC2|WARS2|CRB1|WDPCP|NCAPG2|VPS13D|HDAC8|SALL4|ARID1B|HECW2|COL18A1|ADGRV1|ARL6,-0.19,0
1,-2.2,C4554036,M1,1,0,DisGeNET,35,"Nystagmus, CTCAE 5.0",,-2.2,1.9,2.9,30293,779,415,20,4.8,1.1,22|774|1806|3708|3748|4983|6492|7516|10352|23418|51057|54892|55187|55869|57167|57492|57520|80781|84059|84100,ABCB7|CACNA1B|DPYD|ITPR1|KCNC3|OPHN1|SIM1|XRCC2|WARS2|CRB1|WDPCP|NCAPG2|VPS13D|HDAC8|SALL4|ARID1B|HECW2|COL18A1|ADGRV1|ARL6,-0.19,0
1,-2.2,C0266361,M1,1,0,DisGeNET,35,True Hermaphroditism (disorder),,-2.2,8.1,4.4,30293,27,415,3,0.72,0.42,367|1349|51057,AR|COX7B|WDPCP,-0.19,0
1,-2.2,C0205698,M1,1,0,DisGeNET,35,Undifferentiated carcinoma,,-2.2,2.6,3.1,30293,283,415,10,2.4,0.75,214|1806|1901|2822|4478|5037|5618|6935|10232|57492,ALCAM|DPYD|S1PR1|GPLD1|MSN|PEBP1|PRLR|ZEB1|MSLN|ARID1B,-0.18,0
1,-2.2,C0007113,M1,1,0,DisGeNET,35,Rectal Carcinoma,,-2.2,2.2,3,30293,472,415,14,3.4,0.89,214|331|367|1571|1806|3600|3620|4015|4255|5378|7516|51377|56994|442919,ALCAM|XIAP|AR|CYP2E1|DPYD|IL15|IDO1|LOX|MGMT|PMS1|XRCC2|UCHL5|CHPT1|MIR374A,-0.18,0
1,-2.2,C0026826,M1,1,0,DisGeNET,35,Muscle Hypertonia,,-2.2,3,3.3,30293,197,415,8,1.9,0.67,538|594|1806|5378|8942|23229|54892|55869,ATP7A|BCKDHB|DPYD|PMS1|KYNU|ARHGEF9|NCAPG2|HDAC8,-0.18,0
1,-2.2,C0162701,M1,1,0,DisGeNET,35,Polysomnography,,-2.2,3.7,3.5,30293,119,415,6,1.4,0.59,3708|10082|26053|51057|57118|285282,ITPR1|GPC6|AUTS2|WDPCP|CAMK1D|RABL3,-0.18,0
1,-2.2,C0278488,M1,1,0,DisGeNET,35,Carcinoma breast stage IV,,-2.2,2,3,30293,573,415,16,3.9,0.95,22|367|1806|3169|3620|4015|4907|5037|5250|5424|5618|8436|8821|56994|80781|442919,ABCB7|AR|DPYD|FOXA1|IDO1|LOX|NT5E|PEBP1|SLC25A3|POLD1|PRLR|CAVIN2|INPP4B|CHPT1|COL18A1|MIR374A,-0.18,0
1,-2.2,C0871215,M1,1,0,DisGeNET,35,Reading Disabilities,,-2.2,7.8,4.3,30293,28,415,3,0.72,0.42,9856|51567|55856,KIAA0319|TDP2|ACOT13,-0.16,0
1,-2.2,C0034194,M1,1,0,DisGeNET,35,Pyloric Stenosis,,-2.2,3.6,3.4,30293,121,415,6,1.4,0.59,186|1741|26053|55869|79633|80781,AGTR2|DLG3|AUTS2|HDAC8|FAT4|COL18A1,-0.16,0
1,-2.2,C0040822,M1,1,0,DisGeNET,35,Tremor,,-2.2,2.1,2.9,30293,528,415,15,3.6,0.92,186|367|538|774|3708|5230|8450|9829|10352|11113|23263|51132|55187|79784|84059,AGTR2|AR|ATP7A|CACNA1B|ITPR1|PGK1|CUL4B|DNAJC6|WARS2|CIT|MCF2L|RLIM|VPS13D|MYH14|ADGRV1,-0.15,0
1,-2.2,C1860236,M1,1,0,DisGeNET,35,Irregular hyperpigmentation,,-2.2,5.3,3.8,30293,55,415,4,0.96,0.48,1281|3081|7516|10982,COL3A1|HGD|XRCC2|MAPRE2,-0.14,0
1,-2.2,C0021843,M1,1,0,DisGeNET,35,Intestinal Obstruction,,-2.2,4.2,3.5,30293,87,415,5,1.2,0.54,1080|2984|4210|11254|56994,CFTR|GUCY2C|MEFV|SLC6A14|CHPT1,-0.14,0
1,-2.1,C0085996,M1,1,0,DisGeNET,35,Child Development Deviations,,-2.1,7.6,4.2,30293,29,415,3,0.72,0.42,8671|57582|85358,SLC4A4|KCNT1|SHANK3,-0.12,0
1,-2.1,C0043094,M1,1,0,DisGeNET,35,Weight Gain,,-2.1,3.5,3.3,30293,124,415,6,1.4,0.59,463|3620|3953|11167|55187|84064,ZFHX3|IDO1|LEPR|FSTL1|VPS13D|HDHD2,-0.12,0
1,-2.1,C1535926,M1,1,0,DisGeNET,35,Neurodevelopmental Disorders,,-2.1,2.1,2.9,30293,534,415,15,3.6,0.92,538|2904|3708|7376|9839|10352|23229|26053|27286|57492|57520|58508|79712|83473|85358,ATP7A|GRIN2B|ITPR1|NR1H2|ZEB2|WARS2|ARHGEF9|AUTS2|SRPX2|ARID1B|HECW2|KMT2C|GTDC1|KATNAL2|SHANK3,-0.12,0
1,-2.1,C0334583,M1,1,0,DisGeNET,35,Pilocytic Astrocytoma,,-2.1,3.1,3.2,30293,163,415,7,1.7,0.63,367|546|4255|6935|11113|80781|83478,AR|ATRX|MGMT|ZEB1|CIT|COL18A1|ARHGAP24,-0.12,0
1,-2.1,C0424711,M1,1,0,DisGeNET,35,Orbital separation diminished,,-2.1,4.1,3.5,30293,89,415,5,1.2,0.54,4983|25914|50937|51132|57492,OPHN1|RTTN|CDON|RLIM|ARID1B,-0.11,0
1,-2.1,C0431659,M1,1,0,DisGeNET,35,Hypoplasia of scrotum,,-2.1,5.1,3.7,30293,57,415,4,0.96,0.48,546|4983|10982|79087,ATRX|OPHN1|MAPRE2|ALG12,-0.11,0
1,-2.1,C1096155,M1,1,0,DisGeNET,35,Macrophage Activation Syndrome,,-2.1,5.1,3.7,30293,57,415,4,0.96,0.48,49|4210|4907|11167,ACR|MEFV|NT5E|FSTL1,-0.11,0
1,-2.1,C1302790,M1,1,0,DisGeNET,35,Congenital malformation syndrome,,-2.1,5.1,3.7,30293,57,415,4,0.96,0.48,8942|9839|10735|55869,KYNU|ZEB2|STAG2|HDAC8,-0.11,0
1,-2.1,C1858036,M1,1,0,DisGeNET,35,Periorbital fullness,,-2.1,5.1,3.7,30293,57,415,4,0.96,0.48,186|1741|9839|57492,AGTR2|DLG3|ZEB2|ARID1B,-0.11,0
1,-2.1,C0085997,M1,1,0,DisGeNET,35,"Child Development Disorders, Specific",,-2.1,7.3,4.1,30293,30,415,3,0.72,0.42,8671|57582|85358,SLC4A4|KCNT1|SHANK3,-0.11,0
1,-2.1,C0747548,M1,1,0,DisGeNET,35,Pharyngeal Carcinoma,,-2.1,7.3,4.1,30293,30,415,3,0.72,0.42,1571|4255|7516,CYP2E1|MGMT|XRCC2,-0.11,0
1,-2.1,C1836508,M1,1,0,DisGeNET,35,Generalized tonic seizures,,-2.1,7.3,4.1,30293,30,415,3,0.72,0.42,5602|23229|84059,MAPK10|ARHGEF9|ADGRV1,-0.11,0
1,-2.1,C1844820,M1,1,0,DisGeNET,35,Range of joint movement increased,,-2.1,7.3,4.1,30293,30,415,3,0.72,0.42,1290|2904|57492,COL5A2|GRIN2B|ARID1B,-0.11,0
1,-2.1,C1854494,M1,1,0,DisGeNET,35,Slow progression,,-2.1,3.1,3.2,30293,165,415,7,1.7,0.63,367|538|2992|3708|3748|8322|9829,AR|ATP7A|GYG1|ITPR1|KCNC3|FZD4|DNAJC6,-0.11,0
1,-2.1,C0027092,M1,1,0,DisGeNET,35,Myopia,,-2.1,2.1,2.9,30293,490,415,14,3.4,0.89,546|1290|1806|4015|4907|6492|9839|55869|57492|79698|79839|80781|84059|84100,ATRX|COL5A2|DPYD|LOX|NT5E|SIM1|ZEB2|HDAC8|ARID1B|ZMAT4|CCDC102B|COL18A1|ADGRV1|ARL6,-0.098,0
1,-2.1,C0241210,M1,1,0,DisGeNET,35,Speech Delay,,-2.1,5,3.6,30293,58,415,4,0.96,0.48,1806|4983|23229|85358,DPYD|OPHN1|ARHGEF9|SHANK3,-0.098,0
1,-2.1,C0729353,M1,1,0,DisGeNET,35,Subfertility,,-2.1,4,3.4,30293,91,415,5,1.2,0.54,367|1080|3953|50511|63922,AR|CFTR|LEPR|SYCP3|CHTF18,-0.096,0
1,-2.1,C1265996,M1,1,0,DisGeNET,35,Large cell neuroendocrine carcinoma,,-2.1,4,3.4,30293,91,415,5,1.2,0.54,367|4255|5037|5230|9476,AR|MGMT|PEBP1|PGK1|NAPSA,-0.096,0
1,-2.1,C1847540,M1,1,0,DisGeNET,35,"Azoospermia, Nonobstructive",,-2.1,4,3.4,30293,91,415,5,1.2,0.54,367|1080|10388|50511|402381,AR|CFTR|SYCP2|SYCP3|SOHLH1,-0.096,0
1,-2.1,C0456909,M1,1,0,DisGeNET,35,Blindness,,-2.1,2.2,2.9,30293,393,415,12,2.9,0.82,546|1349|4210|5230|7035|8322|8671|11098|23418|79839|81794|84100,ATRX|COX7B|MEFV|PGK1|TFPI|FZD4|SLC4A4|PRSS23|CRB1|CCDC102B|ADAMTS10|ARL6,-0.09,0
1,-2.1,C0038663,M1,1,0,DisGeNET,35,Suicide attempt,,-2.1,7.1,4,30293,31,415,3,0.72,0.42,5142|8671|10082,PDE4B|SLC4A4|GPC6,-0.086,0
1,-2.1,C0078981,M1,1,0,DisGeNET,35,Arachnoid Cysts,,-2.1,7.1,4,30293,31,415,3,0.72,0.42,25914|55869|85358,RTTN|HDAC8|SHANK3,-0.086,0
1,-2.1,C0494475,M1,1,0,DisGeNET,35,Tonic - clonic seizures,,-2.1,2.4,2.9,30293,300,415,10,2.4,0.75,186|538|1741|5602|7376|7915|8912|56052|84059|85358,AGTR2|ATP7A|DLG3|MAPK10|NR1H2|ALDH5A1|CACNA1H|ALG1|ADGRV1|SHANK3,-0.082,0
1,-2.1,C0266544,M1,1,0,DisGeNET,35,Microcornea,,-2.1,3.4,3.2,30293,129,415,6,1.4,0.59,1290|9839|10982|51057|55869|57167,COL5A2|ZEB2|MAPRE2|WDPCP|HDAC8|SALL4,-0.082,0
1,-2.1,C1837404,M1,1,0,DisGeNET,35,"High, narrow palate",,-2.1,3.4,3.2,30293,129,415,6,1.4,0.59,538|1281|1290|4015|26053|57520,ATP7A|COL3A1|COL5A2|LOX|AUTS2|HECW2,-0.082,0
1,-2,C2267233,M1,1,0,DisGeNET,35,Neonatal Hypotonia,,-2,3,3.1,30293,169,415,7,1.7,0.63,51124|56052|57492|79158|80055|85358|285362,IER3IP1|ALG1|ARID1B|GNPTAB|PGAP1|SHANK3|SUMF1,-0.082,0
1,-2,C0242350,M1,1,0,DisGeNET,35,Erectile dysfunction,,-2,2.6,3,30293,256,415,9,2.2,0.72,214|367|1080|4015|6492|8654|11113|23576|30061,ALCAM|AR|CFTR|LOX|SIM1|PDE5A|CIT|DDAH1|SLC40A1,-0.074,0
1,-2,C1837397,M1,1,0,DisGeNET,35,Severe global developmental delay,,-2,3.4,3.2,30293,130,415,6,1.4,0.59,546|2904|25914|56052|57492|79158,ATRX|GRIN2B|RTTN|ALG1|ARID1B|GNPTAB,-0.074,0
1,-2,C0027498,M1,1,0,DisGeNET,35,Nausea and vomiting,,-2,2.6,3,30293,257,415,9,2.2,0.72,538|546|1080|1806|4210|5142|5378|79577|85358,ATP7A|ATRX|CFTR|DPYD|MEFV|PDE4B|PMS1|CDC73|SHANK3,-0.07,0
1,-2,C0333516,M1,1,0,DisGeNET,35,Tumor necrosis,,-2,2.3,2.9,30293,350,415,11,2.7,0.79,367|407|3600|4210|4255|5037|5564|56994|80781|84100|400765,AR|ARR3|IL15|MEFV|MGMT|PEBP1|PRKAB1|CHPT1|COL18A1|ARL6|MIR137HG,-0.07,0
1,-2,C0549629,M1,1,0,DisGeNET,35,Abnormal delivery,,-2,6.8,3.9,30293,32,415,3,0.72,0.42,26053|56052|93627,AUTS2|ALG1|TBCK,-0.07,0
1,-2,C4023909,M1,1,0,DisGeNET,35,Aplasia/Hypoplasia of the abdominal wall musculature,,-2,6.8,3.9,30293,32,415,3,0.72,0.42,538|1281|1290,ATP7A|COL3A1|COL5A2,-0.07,0
1,-2,C4551492,M1,1,0,DisGeNET,35,Micropenis,,-2,6.8,3.9,30293,32,415,3,0.72,0.42,367|546|84100,AR|ATRX|ARL6,-0.07,0
1,-2,C0027794,M1,1,0,DisGeNET,35,Neural Tube Defects,,-2,2.4,2.9,30293,304,415,10,2.4,0.75,317|546|3953|4255|5567|6573|8450|9839|30061|57167,APAF1|ATRX|LEPR|MGMT|PRKACB|SLC19A1|CUL4B|ZEB2|SLC40A1|SALL4,-0.064,0
1,-2,C0026034,M1,1,0,DisGeNET,35,Microstomia,,-2,3,3.1,30293,172,415,7,1.7,0.63,1281|5424|10982|25914|26053|51132|79633,COL3A1|POLD1|MAPRE2|RTTN|AUTS2|RLIM|FAT4,-0.06,0
1,-2,C0013132,M1,1,0,DisGeNET,35,Drooling,,-2,3.8,3.3,30293,95,415,5,1.2,0.54,186|546|1741|9839|27286,AGTR2|ATRX|DLG3|ZEB2|SRPX2,-0.056,0
1,-2,C0334588,M1,1,0,DisGeNET,35,Giant Cell Glioblastoma,,-2,3.8,3.3,30293,95,415,5,1.2,0.54,546|4255|60487|65084|90355,ATRX|MGMT|TRMT11|TMEM135|MACIR,-0.056,0
