Network,Annotation
gene,GO:0031424|keratinization|-41.9;R-HSA-6809371|Formation of the cornified envelope|-37.4;GO:0030216|keratinocyte differentiation|-35.7
gene_MCODE_ALL,GO:0031424|keratinization|-56.2;R-HSA-6809371|Formation of the cornified envelope|-53.8;GO:0030216|keratinocyte differentiation|-47.8
gene_SUB1_MCODE_1,R-HSA-6809371|Formation of the cornified envelope|-77.7;GO:0031424|keratinization|-73.2;R-HSA-6805567|Keratinization|-69.9
gene_SUB1_MCODE_2,R-HSA-445095|Interaction between L1 and Ankyrins|-11.3;GO:0042391|regulation of membrane potential|-10.3;R-HSA-373760|L1CAM interactions|-8.3
gene_SUB1_MCODE_3,R-HSA-418555|G alpha (s) signalling events|-5.3;GO:0007188|adenylate cyclase-modulating G protein-coupled receptor signaling pathway|-4.8;hsa04080|Neuroactive ligand-receptor interaction|-4.2
gene_SUB1_MCODE_4,R-HSA-204005|COPII-mediated vesicle transport|-9.9;R-HSA-199977|ER to Golgi Anterograde Transport|-8.5;R-HSA-948021|Transport to the Golgi and subsequent modification|-8.2
gene_SUB1_MCODE_5,GO:0008544|epidermis development|-5.3
gene_SUB1_MCODE_6,hsa04512|ECM-receptor interaction|-10.2;hsa04510|Focal adhesion|-8.7;M5887|NABA BASEMENT MEMBRANES|-8.1
gene_SUB1_MCODE_7,hsa00230|Purine metabolism|-9.5;R-HSA-8956319|Nucleotide catabolism|-8.2;hsa00240|Pyrimidine metabolism|-7.6
gene_SUB1_MCODE_8,R-HSA-416476|G alpha (q) signalling events|-6.4;R-HSA-373076|Class A/1 (Rhodopsin-like receptors)|-5.9;R-HSA-500792|GPCR ligand binding|-5.4
gene_SUB1_MCODE_10,R-HSA-202733|Cell surface interactions at the vascular wall|-7.0;GO:0007565|female pregnancy|-6.8;GO:0044703|multi-organism reproductive process|-6.6
gene_SUB2_MCODE_12,GO:0051056|regulation of small GTPase mediated signal transduction|-6.0
