Cluster,Score,Type,Gene,Symbol,Network
1,15.5,Clustered,353143,LCE3B,gene_SUB1
1,15.5,Clustered,6698,SPRR1A,gene_SUB1
1,15.5,Clustered,7062,TCHH,gene_SUB1
1,15.5,Clustered,353135,LCE1E,gene_SUB1
1,15.5,Clustered,6700,SPRR2A,gene_SUB1
1,15.5,Clustered,254910,LCE5A,gene_SUB1
1,15.5,Clustered,6701,SPRR2B,gene_SUB1
1,15.5,Clustered,353140,LCE2C,gene_SUB1
1,15.5,Clustered,6703,SPRR2D,gene_SUB1
1,15.5,Clustered,6705,SPRR2F,gene_SUB1
1,15.5,Clustered,448835,LCE6A,gene_SUB1
1,15.5,Seed,126638,RPTN,gene_SUB1
1,15.5,Clustered,6699,SPRR1B,gene_SUB1
1,15.5,Clustered,26239,LCE2B,gene_SUB1
1,15.5,Clustered,353142,LCE3A,gene_SUB1
1,15.5,Clustered,353139,LCE2A,gene_SUB1
1,15.5,Clustered,353131,LCE1A,gene_SUB1
1,15.5,Clustered,3713,IVL,gene_SUB1
1,15.5,Clustered,84648,LCE3D,gene_SUB1
1,15.5,Clustered,6706,SPRR2G,gene_SUB1
1,15.5,Clustered,353145,LCE3E,gene_SUB1
1,15.5,Clustered,353134,LCE1D,gene_SUB1
1,15.5,Clustered,353137,LCE1F,gene_SUB1
1,15.5,Clustered,353133,LCE1C,gene_SUB1
1,15.5,Clustered,353132,LCE1B,gene_SUB1
1,15.5,Clustered,353141,LCE2D,gene_SUB1
1,15.5,Clustered,4014,LORICRIN,gene_SUB1
1,15.5,Clustered,353144,LCE3C,gene_SUB1
1,15.5,Clustered,6704,SPRR2E,gene_SUB1
1,15.5,Clustered,6707,SPRR3,gene_SUB1
1,15.5,Clustered,199834,LCE4A,gene_SUB1
1,15.5,Clustered,149018,LELP1,gene_SUB1
2,2.3529411764705883,Clustered,54210,TREM1,gene_SUB1
2,2.3529411764705883,Clustered,23114,NFASC,gene_SUB1
2,2.3529411764705883,Clustered,1237,CCR8,gene_SUB1
2,2.3529411764705883,Clustered,285852,TREML4,gene_SUB1
2,2.3529411764705883,Clustered,2900,GRIK4,gene_SUB1
2,2.3529411764705883,Clustered,6336,SCN10A,gene_SUB1
2,2.3529411764705883,Clustered,6340,SCNN1G,gene_SUB1
2,2.3529411764705883,Clustered,351,APP,gene_SUB1
2,2.3529411764705883,Clustered,4897,NRCAM,gene_SUB1
2,2.3529411764705883,Seed,1813,DRD2,gene_SUB1
2,2.3529411764705883,Clustered,5726,TAS2R38,gene_SUB1
2,2.3529411764705883,Clustered,79865,TREML2,gene_SUB1
2,2.3529411764705883,Clustered,54209,TREM2,gene_SUB1
2,2.3529411764705883,Clustered,11280,SCN11A,gene_SUB1
2,2.3529411764705883,Clustered,10563,CXCL13,gene_SUB1
2,2.3529411764705883,Clustered,6334,SCN8A,gene_SUB1
2,2.3529411764705883,Clustered,340205,TREML1,gene_SUB1
4,1.6,Clustered,149111,CNIH3,gene_SUB1
4,1.6,Clustered,5265,SERPINA1,gene_SUB1
4,1.6,Clustered,2890,GRIA1,gene_SUB1
4,1.6,Clustered,89866,SEC16B,gene_SUB1
4,1.6,Seed,729993,SHISA9,gene_SUB1
5,1.5,Seed,100129271,KPLCE,gene_SUB1
5,1.5,Clustered,388698,FLG2,gene_SUB1
5,1.5,Clustered,448834,KPRP,gene_SUB1
5,1.5,Clustered,7053,TGM3,gene_SUB1
6,1.5,Clustered,3680,ITGA9,gene_SUB1
6,1.5,Clustered,284217,LAMA1,gene_SUB1
6,1.5,Clustered,3914,LAMB3,gene_SUB1
6,1.5,Seed,22798,LAMB4,gene_SUB1
7,1.5,Clustered,5137,PDE1C,gene_SUB1
7,1.5,Seed,100526794,NT5C1B-RDH14,gene_SUB1
7,1.5,Clustered,956,ENTPD3,gene_SUB1
7,1.5,Clustered,93034,NT5C1B,gene_SUB1
3,1.2857142857142858,Clustered,1769,DNAH8,gene_SUB1
3,1.2857142857142858,Seed,122042,RXFP2,gene_SUB1
3,1.2857142857142858,Clustered,2740,GLP1R,gene_SUB1
3,1.2857142857142858,Clustered,79745,CLIP4,gene_SUB1
3,1.2857142857142858,Clustered,117,ADCYAP1R1,gene_SUB1
3,1.2857142857142858,Clustered,221458,KIF6,gene_SUB1
3,1.2857142857142858,Clustered,23329,TBC1D30,gene_SUB1
8,1.0,Seed,10887,PROKR1,gene_SUB1
8,1.0,Clustered,2798,GNRHR,gene_SUB1
8,1.0,Clustered,885,CCK,gene_SUB1
9,1.0,Clustered,84867,PTPN5,gene_SUB1
9,1.0,Clustered,26095,PTPN20,gene_SUB1
9,1.0,Seed,5596,MAPK4,gene_SUB1
10,1.0,Clustered,5669,PSG1,gene_SUB1
10,1.0,Seed,5671,PSG3,gene_SUB1
10,1.0,Clustered,5672,PSG4,gene_SUB1
11,1.0,Clustered,6657,SOX2,gene_SUB1
11,1.0,Seed,11137,PWP1,gene_SUB1
11,1.0,Clustered,10694,CCT8,gene_SUB1
12,1.0,Seed,58504,ARHGAP22,gene_SUB2
12,1.0,Clustered,79822,ARHGAP28,gene_SUB2
12,1.0,Clustered,93663,ARHGAP18,gene_SUB2
