"gene_id","SYMBOL","log2Average.HMEC","HMEC_rep1","HMEC_rep2","log2Average.TNBC","BT549_rep1","BT549_rep2","HCC70_rep1","HCC70_rep2","MB231_rep1","MB231_rep2","MB231_rep3"
"ENSG00000004846","ABCB5",0,0,0,0,0,0,0,0,0,0,0
"ENSG00000005020","SKAP2",4.14498347739115,3.99409278172308,4.28157621909899,4.39868410163327,3.54616104352117,3.44431994044712,5.33257393314082,5.32560871063478,3.78582366404486,3.79109542257487,4.09162042825741
"ENSG00000008118","CAMK1G",0,0,0,0,0,0,0,0,0,0,0
"ENSG00000009765","IYD",0,0,0,0,0,0,0,0,0,0,0
"ENSG00000009790","TRAF3IP3",0.289934105541259,0.531238084329846,0,0.672306923302672,0,0,0,0.153212892113519,1.33874578149921,1.15551047315421,1.19304400693234
"ENSG00000013016","EHD3",4.09606492030343,4.02006947247244,4.16825675355078,1.03982140999824,1.77165695009643,1.83300078273078,1.17911430074398,1.1044724161968,0,0,0
"ENSG00000019485","PRDM11",2.0998050231129,2.0415464760875,2.15580201824365,3.25395134978543,1.78916376177542,1.49682294230177,0.319896178958825,0.176140614689212,4.25143130823423,4.27679800092138,4.29950461539234
"ENSG00000019505","SYT13",0.0628718634059782,0.0563805915196758,0.0693340591957275,0.0123584541796686,0,0,0,0.0155551933720794,0,0.0695382790524101,0
"ENSG00000042832","TG",0.0497336916422757,0.0672207532543217,0.0320320640407455,0.329005208405007,0.336640995043789,0.421695807777125,0.166406606561115,0.30666550820584,0.483991602582021,0.0748886968180681,0.464376736602606
"ENSG00000043462","LCP2",0.0932357425955145,0,0.180810049544776,0,0,0,0,0,0,0,0
"ENSG00000053108","FSTL4",1.10326873812754,1.25473877447189,0.934009781208704,0.13264638877394,0.217454234947178,0.595923523550228,0,0,0,0,0
"ENSG00000058056","USP13",2.35228965789845,2.40531801701022,2.29723754147667,3.49343037756097,3.7893240426635,3.72868377777461,2.5914769297456,2.77346050936116,3.76104051354383,3.78176607005901,3.53316808481717
"ENSG00000058091","CDK14",4.69134106321818,4.78716674826885,4.58869479372849,2.36112756594416,0.760925670648937,0.532239753956671,2.50351827263744,2.6693113426226,2.67186379664372,2.94193631685702,2.75155209918626
"ENSG00000058866","DGKG",1.20831517025199,1.13245182532177,1.28038778562745,0.0287846144097897,0,0,0.0116627485537475,0.180083750019729,0,0,0
"ENSG00000065675","PRKCQ",2.7351776809218,2.54158100458623,2.9058423807452,0,0,0,0,0,0,0,0
"ENSG00000066468","FGFR2",4.42941450680736,4.5587132774617,4.28737648860833,1.87719993842408,2.67611772377238,3.51261930469104,1.04418705989739,1.33502730462481,0.226326185360206,0.0927076426058687,0.123834235567567
"ENSG00000067141","NEO1",3.15294783346954,3.42481988715567,2.81766092221888,0.489371294543771,0.407246369363849,0.470543376633169,0.653146572917043,1.01675028460499,0.221376204107597,0.307814524607911,0.157587737732879
"ENSG00000070601","FRMPD1",0.17177006068561,0.0866647056285553,0.252133438636413,0.0437186014657927,0,0.0162433649279225,0.105371153507773,0.174121246417985,0,0,0
"ENSG00000071909","MYO3B",0.132499789974322,0.0240409586429725,0.233371939274478,0.0457565321195466,0.0151560915647228,0.0155999264081387,0.192211604858976,0.0862728355816456,0,0,0
"ENSG00000074590","NUAK1",4.08197502606791,3.55506623641927,4.46708547392698,2.82650645326701,2.70011047627067,2.04149986634291,0.184404653211656,0.767421303480247,3.49723547519957,3.62749463781618,3.64960311572162
"ENSG00000075035","WSCD2",0.226854030493708,0.205894351296937,0.247513559898807,0,0,0,0,0,0,0,0
"ENSG00000076356","PLXNA2",3.31275777358135,3.3371493961861,3.28794665969605,3.22488880367082,0.439493525229207,1.98254635509499,4.55754933661951,4.08947749402657,2.53037628574289,2.86753891778662,2.69844298977799
"ENSG00000077063","CTTNBP2",1.85730036814489,1.43353680433808,2.18443887961236,0.103121774850053,0,0.316980143499713,0.016669169187875,0.0196912734385629,0.0429537561695218,0.0523101226441383,0.239321066304933
"ENSG00000078549","ADCYAP1R1",0,0,0,0.00176438392766318,0,0,0,0.0123056123698361,0,0,0
"ENSG00000079385","CEACAM1",1.87727791965983,1.97775613825126,1.76927439804423,2.6071830043443,0.0996257666058775,0.0944674954851155,3.7967141420885,4.48786526709342,0.436280395190846,0.354060909853064,0.628960124471157
"ENSG00000079819","EPB41L2",4.37776741564273,4.18408754704436,4.54849674143807,5.12357720109566,6.38427134007988,5.95560633934006,0.172174212623594,0.2392428019631,4.93246199884054,4.97686980265645,5.09190443911101
"ENSG00000082258","CCNT2",3.69270196292821,3.49877974811148,3.86361951200567,3.95117485700065,3.22714803655934,3.49734473437603,4.08086631597857,4.07529850748754,4.1766768545963,4.35375670463031,3.93599328324471
"ENSG00000087095","NLK",3.18526449120591,2.98036532840637,3.36464900436792,2.79664476411806,2.62845117337223,2.82186463467823,3.26914393109907,3.1395811719728,2.47469853921442,2.52159259011042,2.49290945116021
"ENSG00000088756","ARHGAP28",0.540714323463246,0.535220880869978,0.546186927644902,1.83791999441793,0.507327797472223,0.618910640529499,0.787684776574727,0.598212047294513,2.57749585274708,2.76335039393116,2.60136042857451
"ENSG00000089123","TASP1",3.09796173308635,3.12099148165573,3.07455838874564,2.27513152258153,1.89841890990478,1.84960408340161,2.4897004232159,2.6810056669761,2.24272707107299,2.31784282663453,2.2637722269456
"ENSG00000090376","IRAK3",1.03756706380729,0.94203984019021,1.12715991513989,0.0972698144198779,0.0809378233150738,0.247522545364294,0.114155954421151,0.215388117567628,0,0,0
"ENSG00000091128","LAMB4",0.231087041661807,0.147042881035921,0.310503558774302,0,0,0,0,0,0,0,0
"ENSG00000091129","NRCAM",3.04974383209934,2.70208013652753,3.32968374484623,0.335809215374246,0.223827252509282,0.263843582790882,0,0.0192934005413127,0.232064341421742,0.977742933109295,0.388173852989273
"ENSG00000091972","CD200",1.71675208563397,1.89888565426727,1.50825692521545,0.142164283357697,0.426615816675904,0.465544867887475,0,0,0,0,0
"ENSG00000095970","TREM2",6.1731157944601,6.34787203388289,5.97423525692737,0.0174660693067962,0.118041997472114,0,0,0,0,0,0
"ENSG00000100058",NA,5.28901275247933,5.30589633640608,5.27192924118092,5.19965860044207,3.33063245570965,3.456221449727,5.52888872983507,5.84946660285674,5.51331584831979,5.6024337196851,5.25260240614947
"ENSG00000100077","GRK3",2.81545740191005,2.40186548891846,3.13651744924178,0.147908634291278,0.311027392174122,0.383508628555989,0.117800947165458,0.170635507246835,0,0,0
"ENSG00000100099","HPS4",4.2636778116716,4.27512801240369,4.25213600690896,4.00250150329044,3.73648123527266,3.92531791182536,4.61153417735126,4.78684592575397,3.40529783738769,3.46759256016055,3.3167950926768
"ENSG00000100104","SRRD",5.19672517745188,5.20115927600211,5.19227740874977,4.13466426639665,5.14280054154516,4.62565625465033,4.02777653568915,3.95457931548911,3.09167998447597,3.51227652337494,3.48430218298852
"ENSG00000100109","TFIP11",4.24376409234458,4.31161797810153,4.17256066729223,4.24582101382964,4.41573101176663,4.56959805547239,4.66539464947883,4.46210144923334,3.96618488571352,3.73471965407698,3.50562162800915
"ENSG00000100122","CRYBB1",0,0,0,0,0,0,0,0,0,0,0
"ENSG00000100154","TTC28",1.46866701759443,1.07607055733259,1.77696100150962,1.98092977535279,2.58798764169429,2.98989325474184,0.637156485430029,0.361431594266227,1.83154072976353,1.91702328259707,1.80735924266167
"ENSG00000100170","SLC5A1",0.0652745781546152,0.0430730544704247,0.0871396159047412,2.14364010525186,0,0,3.39249399389687,3.94766646725816,0,0,0
"ENSG00000100220","RTCB",5.90274556469246,5.96282863087511,5.84005110568821,5.76905574348061,6.03679821644909,5.7618164246127,5.80262193415677,5.78949853140021,5.68231646106107,5.66051478512392,5.60756196440709
"ENSG00000100225","FBXO7",5.98406125931197,6.00416515654353,5.96367325134902,6.00368360852067,6.18111647364775,6.15940585887791,6.38947586181044,6.3285050708459,5.55441823197715,5.60555900646268,5.49897907159378
"ENSG00000100234","TIMP3",7.44459713285062,7.4339111445815,7.45520455200577,3.67116948115822,3.50980068742204,3.18387557327126,0.888028656010004,0.904384012400218,4.43915425841257,4.42991439281142,4.44123555175877
"ENSG00000100678","SLC8A3",0.0165365850700364,0,0.032885769067166,0.0860420464425368,0.0150886584119599,0.0296755516712548,0,0,0.290924059332416,0.0949669561073085,0.147200322186324
"ENSG00000101230","ISM1",0.839776542534377,0.856207231726766,0.823156568282244,0.523953020286477,0.156793041112467,0.22076873486208,0,0,0.741073391555844,1.03101294611118,1.04976308250735
"ENSG00000101443","WFDC2",3.71336540756137,3.97395380220846,3.39509857121462,5.67693844078748,0.585101067263785,0.670737937685399,7.72930192767668,7.12746200088759,0,0,0
"ENSG00000101446","SPINT3",0,0,0,0,0,0,0,0,0,0,0
"ENSG00000101448","EPPIN",0,0,0,0.00247837752266008,0,0,0.0172598940371237,0,0,0,0
"ENSG00000101493","ZNF516",3.37671139844766,3.02246724893318,3.66089456912208,0.668250878723054,0.0928898026062712,0.249421337081011,0.104887743637519,0.194940762925938,0.554620595111608,0.891079138930588,1.73350546199436
"ENSG00000101680","LAMA1",4.54560927569526,4.66353322894428,4.41718143671246,0.0548611590096738,0.0159284103682222,0.00823060964672273,0,0.0151926464164147,0.038355944834623,0.13552219672006,0.161527934410778
"ENSG00000101812","H2BW2",0.124032927360292,0.238241428681643,0,0.00581832974815852,0,0.0402439876149429,0,0,0,0,0
"ENSG00000102195","GPR50",0,0,0,0,0,0,0,0,0,0,0
"ENSG00000102893","PHKB",5.30953504687183,5.13845591734784,5.4624607784811,5.42182720353948,4.41665736216033,4.22291672452364,6.09989117013169,6.211468561775,5.1796992661003,5.36774101912276,5.31533987018476
"ENSG00000103404","USP31",3.91177118473996,3.87331935665375,3.94922471471246,3.20158272743887,3.00222340893662,2.78843853109642,3.72862269917653,3.6443294849144,2.90963825573362,2.82672321286472,3.18699223605613
"ENSG00000103569","AQP9",0.0136846763869245,0.0272407656042628,0,0,0,0,0,0,0,0,0
"ENSG00000103647","CORO2B",0.904471111586807,1.00188953034628,0.799995039164622,0.290072693858999,0.863328139423095,0.798824410728669,0,0,0,0,0
"ENSG00000104327","CALB1",0.615218666746335,0.41117637129806,0.793946338504435,3.07097853664518,0.299707919426118,0.445905835700772,4.56170242919959,4.86525370801389,0.101548554656621,0.0876108484006597,0.414355022939821
"ENSG00000104369","JPH1",1.83662791578061,1.7185434747823,1.94577413871897,1.06795973589717,0.0927675814254091,0.167372717130395,1.25320663955666,1.43709822815754,1.1736339065624,1.12296369282559,1.56591158111236
"ENSG00000106066","CPVL",0.650964228009168,0.944803986099817,0.2815585228329,2.25586627311582,0.114968219889162,0.0508748386231351,0.610867972492889,0.924554712499894,3.23941401440859,3.33219392022095,3.0658883774943
"ENSG00000106069","CHN2",0.128799655264801,0.0600350597754316,0.194435232195228,0.932138045434731,0,0,0.123804718239001,0,1.48774167607142,1.0110288421458,2.15291771673481
"ENSG00000106128","GHRHR",0,0,0,0,0,0,0,0,0,0,0
"ENSG00000106341","PPP1R17",0,0,0,0,0,0,0,0,0,0,0
"ENSG00000106714","CNTNAP3",3.95181989113552,3.9181117025227,3.98475844492581,2.70084697055501,3.59536763289602,4.10683931933821,1.10540453591843,1.19711016120518,2.00552672244776,1.98862800894695,1.91371638621232
"ENSG00000109163","GNRHR",0.173487567092071,0.211417028524434,0.134533926629979,0.0168244872488839,0,0,0,0,0,0.055916804979687,0.0601737045432605
"ENSG00000109684","CLNK",0,0,0,0,0,0,0,0,0,0,0
"ENSG00000109944","JHY",2.37439318732949,2.25757571848488,2.48245618802984,0.0680988045969599,0.04287974675689,0,0.17620899789642,0.236659045951178,0,0,0
"ENSG00000110328","GALNT18",4.24762782984017,4.19015443069488,4.30289907917289,0.222416522417179,0.634900585884905,0.672737551794947,0.028395760087236,0,0,0,0
"ENSG00000110786","PTPN5",0,0,0,0,0,0,0,0,0,0,0
"ENSG00000110851","PRDM4",3.9284826940049,3.78339683960555,4.0603018853142,3.81877161386957,4.19829560447259,4.16955807373547,3.40385647298194,3.06845431901787,3.96704347714697,3.80860726106075,3.78678843488698
"ENSG00000111218","PRMT8",0.781314227537638,0.719968169118965,0.840157787427876,0,0,0,0,0,0,0,0
"ENSG00000111224","PARP11",2.43600472979637,2.4429906706675,2.42898479633847,0.0373960296291243,0,0,0.210751795728515,0.0377724973096502,0,0,0
"ENSG00000111490","TBC1D30",0.116997683945017,0.0890168258770617,0.14444616636429,1.80340658876363,0.582899323588552,0.228091244071316,2.37298579565834,2.51374288715718,1.73268260686624,1.71181857560239,2.09544983264972
"ENSG00000111536","IL26",0,0,0,0,0,0,0,0,0,0,0
"ENSG00000111537","IFNG",0,0,0,0,0,0,0,0,0,0,0
"ENSG00000112164","GLP1R",0.0486022298107374,0.0956203449874308,0,0.269297566438826,0,0,0.587942822780098,0.951173142767349,0,0,0
"ENSG00000112167","SAYSD1",3.09637910273802,3.11853092719919,3.07388183769816,3.03322492105674,3.32819696757928,2.9792165514935,2.97421163144599,3.09003935990032,3.1959011013815,3.05406104858458,2.46807822014954
"ENSG00000112182","BACH2",1.00964688657199,1.15361278095344,0.849705825562112,0.247276307162513,0.179069706864893,0.245538985162836,0.00743561835217029,0.0615191691476471,0.571855899232029,0.0470627028251306,0.508666349550794
"ENSG00000112195","TREML2",0,0,0,0,0,0,0,0,0,0,0
"ENSG00000112902","SEMA5A",2.64819601760855,2.34237362833637,2.90039252322136,0.0503005792005735,0,0,0.0342642645920031,0.188779747327243,0.0324087860237443,0.0184418620462256,0.0689424923707991
"ENSG00000113088","GZMK",0,0,0,0,0,0,0,0,0,0,0
"ENSG00000114113","RBP2",0,0,0,0,0,0,0,0,0,0,0
"ENSG00000114120","SLC25A36",5.18026897085479,4.98395177306018,5.35304361756539,5.72913461432714,5.7648874828838,5.74555163987743,5.17721660746667,5.23735367700839,5.86137048931015,6.08068430856362,5.99010353807017
"ENSG00000114742","WDR48",3.79111346491307,3.46827833742775,4.05475224249044,4.16239406736483,4.63779162313034,4.56179659672106,3.45411690408738,3.59693628465484,4.16235016294025,4.11943488741651,4.20827604328016
"ENSG00000114757","PEX5L",1.62497886935799,1.65706927794014,1.59215839175924,0.0280548390816904,0.00905881975055671,0,0,0,0.0845648396313482,0.0607051927367053,0.0395777095591497
"ENSG00000114784","EIF1B",5.01490844145332,5.15243924471299,4.86287200568475,5.61260805468233,5.3022578887644,5.23526436452404,4.83313929712303,4.74395579789311,6.2165043005728,6.08662382147696,6.08215532807819
"ENSG00000114805","PLCH1",0.665034653311347,0.50375310927464,0.810085501256504,0.270972388504319,0.012976267247233,0,1.055126683595,0.442980734763145,0,0,0
"ENSG00000114850","SSR3",8.77786279502488,8.77187224183344,8.78382857625833,7.46868671450398,8.30359550567166,7.96243968988016,7.60359763689779,7.50057791137768,6.54586162455085,6.64316317348357,6.7221282955036
"ENSG00000114948","ADAM23",3.16081436884419,3.12281298128998,3.19784041486625,0.00812962680288282,0,0.0559682288440037,0,0,0,0,0
"ENSG00000115295","CLIP4",5.56553990782498,5.34761524620223,5.75482506272507,3.91635784423202,3.35128813105382,3.13877441516654,5.05938664270409,5.41953329837735,1.48228460256144,1.5022233515405,2.29475047494642
"ENSG00000115956","PLEK",0,0,0,0.0108772831030543,0,0.0296516131839363,0,0,0.0457375845598984,0,0
"ENSG00000116667","C1orf21",5.44958672595681,5.58142272102985,5.30448051197418,4.06051470958743,1.55044102686632,2.23322896895412,5.76012778033251,5.69961852297284,0,0,0
"ENSG00000117322","CR2",0,0,0,0.0178603632443895,0,0.0642877083651573,0,0,0,0.0283466069828689,0.0310936318662695
"ENSG00000117594","HSD11B1",0.766588435037725,0.350205013463156,1.08932348100696,0,0,0,0,0,0,0,0
"ENSG00000117595","IRF6",7.56077441381328,7.28082664876254,7.7951275489716,3.91443770493212,0.269170787090998,0.0936834397831937,5.6945040467196,5.59842905772965,0.05918163512275,0,0
"ENSG00000118113","MMP8",0.307765339520067,0.276260418527593,0.338596947631491,0,0,0,0,0,0,0,0
"ENSG00000118507","AKAP7",1.55801823665051,1.73296278816626,1.35889368263703,1.49512936801372,0.763606567080134,1.07612318281254,0,0,2.16241075682987,2.07300115779769,2.39009927770538
"ENSG00000118729","CASQ2",0,0,0,0.0134214532915761,0.0659887579797288,0,0.0266202367370812,0,0,0,0
"ENSG00000118971","CCND2",6.47842404151786,6.30730812254064,6.63137916167927,0.0122727154950622,0.0245380360853316,0.0500253657092826,0.0105858273406924,0,0,0,0
"ENSG00000119147","ECRG4",1.90805759862629,2.36884724223378,1.22699353123994,0,0,0,0,0,0,0,0
"ENSG00000119698","PPP4R4",2.29952653439211,1.77284115808739,2.68451823721558,1.27080645425768,2.72797749413211,2.39230002605072,0,0.0222614196835859,0,0,0
"ENSG00000119801","YPEL5",6.01667739538451,5.85820166795129,6.15945519583144,5.22138317967295,5.52105327776296,5.54079943656326,5.21468086329378,5.34387733781185,4.88170326504313,4.98508065716381,4.89619878581121
"ENSG00000120162","MOB3B",4.08797189146833,3.90361158193645,4.25142013048157,1.91130288595525,0.037408393405416,0.100236632630802,3.26393266883723,3.05169353478882,1.08786187056547,1.06339525102261,1.08333524000516
"ENSG00000120341","SEC16B",0.792556030506488,0.405692665447339,1.09731170532811,0.177598738960764,0.280558132646074,0.454168771557321,0.376427559984849,0.0485397408534845,0,0,0
"ENSG00000120664","SPART-AS1",0.260133400519297,0.215912452837282,0.303039118313491,0.708921669512619,1.33844446551663,1.4497763769484,0,0,0,0.750802979091686,0.583906044862648
"ENSG00000120685","PROSER1",3.92902566675607,3.84157855348247,4.01147384638033,4.67241161082826,5.21894047770125,4.79583823428833,4.84580854377876,5.37335201367409,3.89691880022412,3.8733901783465,3.77785090546983
"ENSG00000121207","LRAT",3.09025562542025,3.30081627172526,2.84362436135796,1.39654138563667,0,0.0181002825555279,2.59524338531949,2.88231882672669,0,0,0
"ENSG00000121417","ZNF211",3.25741796256191,3.07610903097012,3.41846396332341,2.47810811349144,2.54467086847097,2.45800518659151,2.4472946805485,2.7198865973378,2.33634482679245,2.34486971281806,2.45938821061917
"ENSG00000122254","HS3ST2",5.49078030572509,5.57299250913776,5.40359861409612,0.00524152498358127,0,0,0,0.0362969536737028,0,0,0
"ENSG00000122574","WIPF3",0.657570577240391,0.582532458492976,0.728897986840558,0.425605895760847,0,0,1.2204884841141,1.00257274160819,0.0950865332327087,0,0
"ENSG00000122852","SFTPA1",0,0,0,0,0,0,0,0,0,0,0
"ENSG00000122877","EGR2",0.544879577794048,0.643387761787015,0.439149030153594,1.27067982314515,0.827886802231512,2.07435431640843,2.23736465397397,1.62883446825824,0.0890924684330319,0,0.0439650647980162
"ENSG00000123569","H2BW1",0,0,0,0,0,0,0,0,0,0,0
"ENSG00000123689","G0S2",5.10035056520545,4.8184966747727,5.33603674269106,0.808013032728106,0.115367381300465,0.601707411329961,1.38291862248671,2.01680744901419,0,0,0
"ENSG00000124215","CDH26",0.494647068743845,0.642576485250614,0.329798040941304,0.289694976940849,0.203956010664815,0.065343464650388,0.935026518688368,0.315837069056082,0.0896043446047465,0.0688155389034636,0.122862393578011
"ENSG00000124467","PSG8",0.0703009739446536,0.137334843337658,0,0.00817666181704609,0,0.0562867055026217,0,0,0,0,0
"ENSG00000124469","CEACAM8",0,0,0,0,0,0,0,0,0,0,0
"ENSG00000124491","F13A1",0,0,0,0,0,0,0,0,0,0,0
"ENSG00000124615","MOCS1",2.10784168942452,2.12735899271345,2.08805672378554,1.2303270872835,2.09229947758291,1.70272221441772,0.0256439415821639,0.173292313501264,0.949842634331554,1.30100750775508,1.24047352273878
"ENSG00000124721","DNAH8",0.00344019650764644,0,0.00687220916271363,0.000859179330589453,0,0.00600353781575458,0,0,0,0,0
"ENSG00000124731","TREM1",0.586073930897088,0.460062698805985,0.701957473441528,0.456859237684835,0,0,1.25688352468114,1.14930104629278,0,0,0
"ENSG00000125780","TGM3",0,0,0,0.00456347639507042,0,0,0,0.0316452917320068,0,0,0
"ENSG00000126838","PZP",0.00943833100479763,0.018815316125334,0,0.744013621617329,0,0,0,0,1.5924906134722,0.706498157782762,1.6211811831356
"ENSG00000127311","HELB",0.86255532854076,0.872574620173654,0.852465967588959,1.10901891445106,1.19249623386155,1.57482311380972,0.751068024081,0.875065382126937,0.817206015536211,1.06150022378132,1.30347992258251
"ENSG00000127989","MTERF1",3.12463852572085,3.15298060437843,3.0957284839561,3.34000819182443,3.80995817201788,3.371201436717,2.89361300180223,3.06206036272854,3.20842654763406,3.48529887415501,3.36242621773457
"ENSG00000128203","ASPHD2",2.99563303396318,2.98098614058144,3.01013271872728,0.284197258831276,0.648388807918234,0.882799410577825,0.041047162017569,0,0.0392355626212236,0.0380535593933631,0.0420892326001498
"ENSG00000128805","ARHGAP22",5.10353960475687,4.91465292421217,5.2705346240198,1.3141755475622,0.131623300844479,0.509390029460499,0.40777665481375,0.421481485595196,1.88645863636544,2.39435429813918,1.70779619333323
"ENSG00000128849","CGNL1",0.120123372188649,0.143815168832865,0.0960360061406083,0.143269809491839,0.386618243097518,0.502872851844531,0.00931811345015428,0,0,0,0
"ENSG00000128918","ALDH1A2",0.316116254501289,0.138733395243437,0.474058000093895,1.95004309509213,0.0611096081281615,0,2.75553493172518,3.90109645668612,0,0.199406512545126,0.217384079210428
"ENSG00000129437","KLK14",1.90832420715352,1.19705441375734,2.38259688381946,1.9427929556886,0.494704367939657,0.240500030363882,2.98178327250481,3.68302429351616,0.572195361826119,0,0.125109702336442
"ENSG00000129451","KLK10",7.64913079057051,7.79055260774338,7.49232417464117,3.75686617063506,0,0.116531187953621,5.23913494972351,5.69422441592819,0,0,0
"ENSG00000129455","KLK8",8.80506384400728,8.98354987484452,8.6013365495647,3.46541715102799,0,0.302614881752333,4.93143642178452,5.37753902475043,0,0,0
"ENSG00000130038","CRACR2A",1.34532058790708,0.949821878997454,1.65539711674723,0,0,0,0,0,0,0,0
"ENSG00000131016","AKAP12",4.35450865117187,4.26321159798998,4.44037046610622,2.26572024330383,2.49230370987337,2.37795927490104,0.021935431289664,0,2.74459743716335,2.87792876217455,2.75906133458793
"ENSG00000131126","TEX101",0,0,0,0.0222092112229604,0,0,0,0,0.148730425361197,0,0
"ENSG00000133026","MYH10",4.87931070592508,4.78963571588796,4.96373637703723,4.33298949008659,5.90933136496007,5.55671151564262,0.249355502414847,0.307883967691511,3.18650878344552,3.5823463390835,3.37821400551114
"ENSG00000133083","DCLK1",0.428318289217804,0.479461090254518,0.375295658986306,1.2933205453958,2.3614759484812,2.34294333757989,0.997390794432496,0.931371060668614,0,0.0574264322985926,0
"ENSG00000133104","SPART",4.96514198487746,5.02596459210585,4.90164186072578,5.54089388076631,6.53786718538277,6.5944333801521,1.46368365819351,1.81924094029535,5.42801399266116,5.46420630850345,5.42147705928535
"ENSG00000133105","RXFP2",0,0,0,0,0,0,0,0,0,0,0
"ENSG00000133115","STOML3",0,0,0,0,0,0,0,0,0,0,0
"ENSG00000133661","SFTPD",0,0,0,0.0819399735770541,0,0,0.384425792849804,0.142403427883934,0,0,0
"ENSG00000133687","TMTC1",4.6743981280639,4.71211279103497,4.6356710088054,3.71570105596501,1.82066129728896,2.18578583086655,0.0495072629999036,0.0285880866135442,4.65883462986508,4.83301492386608,4.81081644529948
"ENSG00000133958","UNC79",0.0699925414683974,0.0537350498398078,0.0860688697190631,0.0202353562718973,0.0274271557915827,0.0100651344088194,0.0237060559103916,0.0280499085712972,0,0.0249159644087405,0.0272383005596775
"ENSG00000135063","ENTREP1",2.53066216259528,2.63490361194457,2.41829807544342,0.332584426358507,0.0646031790509725,0.16869108488461,0.757253692042909,0.966995108506124,0,0,0
"ENSG00000135960","EDAR",0.700558587148234,0.503329801935509,0.87403865297615,0.0666791830783907,0,0,0,0,0.119143705858102,0.195855904209505,0.13701677700614
"ENSG00000136040","PLXNC1",1.08845782197439,0.938359057830399,1.22440138626539,0.195404882222789,0.0106414268623442,0.0958314856795766,0.170474530060238,0.010825200241788,0.30943784871025,0.129590990668844,0.558821312863121
"ENSG00000136045","PWP1",5.94070646401899,5.90059768140682,5.97973026660496,5.52113232091865,6.14874557206959,6.05487490317426,4.65857053773737,4.80228665198978,5.47031970386168,5.38666327247827,5.48217378051165
"ENSG00000136250","AOAH",0.0727986664534408,0.0655070097891681,0.0800536549406569,0.362022995793095,0.644886695587982,1.28271929110628,0,0,0,0,0
"ENSG00000136379","ABHD17C",4.08019285583159,3.97214521001947,4.18070926051057,4.18339415903445,2.52297580451088,2.41864796077088,4.26308584286709,4.48600953287645,4.57690779389596,4.63106907722399,4.69108679963262
"ENSG00000136404","TM6SF1",0.0694766627356819,0,0.135760661683335,0.722313191574005,0,0.122249951258886,0.102670922879148,0.238673528764111,1.37310222087525,1.22269081524537,1.19067374751673
"ENSG00000136928","GABBR2",0,0,0,0.0253987350217924,0.0403303768250127,0.0950114044841868,0,0,0,0.0190245187415656,0.0209527922372285
"ENSG00000137142","IGFBPL1",0.0410130471354727,0.0808923287031848,0,0.397596184148162,0.824046813162689,1.23092756313809,0.142262828922134,0,0,0,0
"ENSG00000137675","MMP27",0,0,0,0,0,0,0,0,0,0,0
"ENSG00000137707","BTG4",0.13199749128882,0.252923906184414,0,0,0,0,0,0,0,0,0
"ENSG00000137727","ARHGAP20",0,0,0,0,0,0,0,0,0,0,0
"ENSG00000137878","GCOM1",1.17518018620874,1.52987173853396,0.703827185616399,1.85786346906853,0.952330997331736,0.127978835357473,2.92346344879851,2.66461468479869,1.60293962821835,0.947396537659716,1.78740612825453
"ENSG00000138311","ZNF365",3.84905174744584,3.61024691399519,4.05388475526761,2.50960554126961,3.33645506415171,3.15705207808855,2.53982885696439,2.64974450635612,1.63116081438165,1.25438679665839,1.70805964275304
"ENSG00000138759","FRAS1",3.83792757700835,3.73782460827021,3.93153318176642,0.164851736774169,0.00781869794553452,0.0666107231254737,0.380622205270792,0.549089590035479,0,0.0420881830920711,0
"ENSG00000138795","LEF1",0.0126201934547197,0.025130946509747,0,0.143322067860673,0.284957003423449,0.457300814045454,0.102575124109836,0,0,0,0.0923221778210376
"ENSG00000139223","ANP32D",0,0,0,0,0,0,0,0,0,0,0
"ENSG00000140093","SERPINA10",0,0,0,0,0,0,0,0,0,0,0
"ENSG00000140557","ST8SIA2",3.48628342438644,3.30938166829178,3.64384373082171,0.552360559607726,1.12808594112428,1.62278834051625,0,0,0,0,0
"ENSG00000140945","CDH13",6.56875977693933,6.40225733468254,6.71801896497537,2.81421659248269,1.76494394405188,1.87200871455205,0,0,3.63920142829424,3.84200307719077,3.74141815069849
"ENSG00000141639","MAPK4",0.0491630870406999,0.0342815500747824,0.0638926854604152,0.0022605459424418,0,0,0.0157499402123654,0,0,0,0
"ENSG00000142168","SOD1",7.42597843479667,7.5224944351129,7.32253963354106,8.04274366292111,7.74231658227759,7.81074738280662,7.81928158094415,7.77933241360715,8.43654531194129,8.27284390890804,8.25704434594908
"ENSG00000142192","APP",9.94710617572541,9.80000400945197,10.0805874295075,8.71870023698084,8.57632604686131,8.66959808043451,9.40864349029729,9.56974975598393,7.90050572808898,7.93278687878759,7.89059050513011
"ENSG00000143341","HMCN1",3.80782869589334,4.00087260479103,3.58490432838217,0.439637008704552,0.889539982465696,1.09081644816963,0.0111212768986699,0.15340280158079,0.157644617687212,0.175478028195419,0.19733626631768
"ENSG00000143520","FLG2",0,0,0,0,0,0,0,0,0,0,0
"ENSG00000143536","CRNN",0,0,0,0,0,0,0,0,0,0,0
"ENSG00000143631","FLG",0.728585706147389,0.532227868058752,0.901391818621326,0.0145467429390506,0.00607203054591687,0.00625765456893565,0.00524112558788013,0.0123939090811274,0.0297282120739785,0.0416447658300174,0
"ENSG00000143641","GALNT2",6.92756563207211,6.73373808991278,7.09840965832705,6.03240139959737,6.62366653844324,6.44989062944508,5.97660951261665,5.92128072403774,5.58475972423811,5.79807994122873,5.48988337039909
"ENSG00000143643","TTC13",3.01010322451368,2.85770039346804,3.14793372393846,4.08900829018303,4.29110612976086,4.14150916624248,3.82767863205784,4.0180233613395,4.00189981576324,4.11694224770922,4.18027327038884
"ENSG00000143674","MAP3K21",2.38999688765215,2.39150250173404,2.38848970065145,2.71486296947996,0.0917753363522956,0.145331514488705,2.97563728822695,3.09325003205401,3.13188331222513,3.17324028195532,3.26285475738192
"ENSG00000143786","CNIH3",1.14120920568078,0.87399829194873,1.36657746176925,1.26917666230543,1.5311862025263,1.45194160334027,1.20171075710685,0.845349038856994,1.45184732794565,0.830287149920799,1.39793561970843
"ENSG00000144357","UBR3",3.98451563033076,3.65470365150724,4.25278212506721,3.55211376560738,3.51007557145046,3.51768276433141,4.21626569264834,3.95260847070838,2.89126556697649,3.03509457634928,3.25943355026078
"ENSG00000144647","POMGNT2",2.67962482953614,2.68485855444863,2.67437204887138,2.73937538781219,3.10584336975467,3.20207789251997,2.1603229759868,2.27764196349894,2.81041716343413,2.59563552820762,2.71247241471059
"ENSG00000144649","GASK1A",0.214593690730124,0.177630446239549,0.250633510866518,0.480029359750527,0.130147610413033,0.0887861679894384,1.22893851206815,1.17733038029648,0,0,0
"ENSG00000144668","ITGA9",0.0779251660175339,0.08926192478192,0.0664986164769694,0.0518589287864533,0.0293891140710452,0.286136770101563,0.00850071079263495,0,0,0,0.014837912862083
"ENSG00000145335","SNCA",6.53493962370922,6.46979196919115,6.59727207928396,3.25185589727716,0.382031917517547,1.42367492109228,0.0962895185387717,0,4.24729379929542,4.18723711509255,4.54951467624136
"ENSG00000145649","GZMA",0,0,0,0,0,0,0,0,0,0,0
"ENSG00000145700","ANKRD31",0.0683637739660778,0.0608063832734312,0.0758817823539033,0.0549826143883873,0.0136028797726929,0.0550056433308486,0.0342699826591168,0.0402028176933114,0.08537815798422,0.0371184129638451,0.116716711208907
"ENSG00000145824","CXCL14",5.76812940911974,5.24668778460977,6.15032592968594,0,0,0,0,0,0,0,0
"ENSG00000146021","KLHL3",1.0613485054401,1.08703124436965,1.03520026516321,0.344811618048538,0.059060496058697,0.10762305539451,0.35509779571491,0.684677918621383,0.216158567314767,0.31140659000675,0.567242203046288
"ENSG00000146122","DAAM2",0.211686923517309,0.0235404468933509,0.378103288960442,0.0132515456483067,0,0,0.0533263762918673,0.0383497067793847,0,0,0
"ENSG00000146376","ARHGAP18",4.75200685679363,4.82775873910872,4.67205595831644,5.05061819724048,4.66336192183896,4.51105576734092,4.23175433556379,4.1639216015536,5.5286095087116,5.65835106226202,5.65756549904731
"ENSG00000146555","SDK1",2.72374705054664,2.24432043315508,3.08297286535541,0.0618756305355754,0,0,0.0347915594828595,0.335245405316883,0,0.0141492721074188,0.0156360105238102
"ENSG00000146592","CREB5",1.54553080517799,1.31978071675172,1.74068901510321,1.63209030006326,2.65423834823356,2.78151155399324,1.30889984425642,1.60830566716912,0,0,0
"ENSG00000146938","NLGN4X",0.251478432982115,0.182531292026619,0.317280297588245,0.387976726487531,0.894541049915622,1.1927362753331,0.0215103631928431,0,0,0,0
"ENSG00000147647","DPYS",0,0,0,0.154182406455475,0.0785950881629188,0,0.32881819116418,0.563219010562442,0,0,0
"ENSG00000148655","LRMDA",0.757298943236658,0.793120721012932,0.720565022821428,2.743208438259,1.0008762879334,4.43448610977743,3.8859451395729,1.82929365613437,0.467452855182628,0.852011276752617,0.78227814341313
"ENSG00000149256","TENM4",3.37501044804444,3.41559184028722,3.33325442608098,0.0124533099247392,0,0.0273462935913338,0.0425539862348953,0.0166590332484428,0,0,0
"ENSG00000149289","ZC3H12C",2.33366922616912,2.09745785880202,2.53659233620195,1.73460135378352,2.05296999806824,1.92197762498268,0.231796809702042,0.244359471581198,1.99367661546118,2.27057065190765,2.06681346731758
"ENSG00000149292","TTC12",3.87254207876608,4.07174678265562,3.64135683531172,2.80889962467671,3.74501935021444,3.10952973142924,2.79297350380044,3.42604147698674,1.76469661582753,1.85464732222857,1.21409002848518
"ENSG00000149295","DRD2",1.91764389581953,2.0949193689881,1.71549284627708,0.0358719608922638,0.0338496317607102,0.158865013231878,0.0511424410176926,0,0,0,0
"ENSG00000149403","GRIK4",0.015969574933101,0,0.0317643119575465,0.012133185435702,0,0.0828644667438895,0,0,0,0,0
"ENSG00000149557","FEZ1",7.87144114177118,8.01439439481146,7.71274918974251,0.186010768035283,0.361708452728676,0.643283497354064,0.0817566906522714,0,0,0.0815627217063287,0
"ENSG00000149948","HMGA2",5.83574796984256,5.70058520539238,5.95932531384284,2.40308753363105,4.00267028769336,3.61664895785693,0,0,1.44051320800148,0.502003196593965,1.37790374529814
"ENSG00000149968","MMP3",0.711482265942838,0.847373614377072,0.561447165559284,0.125927432674558,0.27323862789937,0.515959854856783,0,0,0,0,0
"ENSG00000150893","FREM2",1.16672444512443,1.42971578037157,0.844860953706175,0.0185443444201316,0.0105891247588188,0.00545616549709362,0.0539603597590766,0.0583744570182297,0,0,0
"ENSG00000151117","TMEM86A",0.457564620028993,0.25054983897716,0.638567937387007,0.11634019718676,0.0870315843866624,0.153364716490769,0.181768943595592,0.131708830370079,0,0.0603744846653124,0.190206839842889
"ENSG00000151136","ABTB3",2.06015575643095,1.97456742238459,2.14094964086241,0.277062631866694,0.0224186202220959,0,0.849899995882985,0.734690196430137,0,0,0
"ENSG00000151474","FRMD4A",4.13524363672683,4.23510606177956,4.02795131986493,3.47283089374815,4.54236369143221,5.08836159524703,2.85703740745912,3.09068937212334,0.790961245817851,0.212221148506054,0.801241433324166
"ENSG00000152092","ASTN1",0.241873258657659,0.312128509678938,0.168020852943288,0.0194425249008261,0,0,0.0393091635849665,0.0940368663982886,0,0,0
"ENSG00000152127","MGAT5",4.3770768083368,3.98934221094305,4.68237165055987,3.77493578136546,3.90092648783911,3.67148085511319,4.46181448577355,4.46909387777125,2.84073598653877,2.91980511097602,3.20587841439225
"ENSG00000152128","TMEM163",0.0214485709478854,0.042582931309387,0,0.0166375853386224,0,0,0.039319984032529,0.0752779582127927,0,0,0
"ENSG00000152443","ZNF776",2.2285584106579,2.44372575630043,1.9755787055017,2.54097671737536,2.38905593063326,2.63251747354188,2.32925969614232,2.432385701843,2.36236854097692,2.68289078710038,2.87040551435588
"ENSG00000153086","ACMSD",0.036925852086987,0.072930123971481,0,0,0,0,0,0,0,0,0
"ENSG00000153802","TMPRSS11D",0.032785327471777,0.0648421315783083,0,0.118519185753976,0,0,0.20408337677859,0.533449410444083,0,0,0
"ENSG00000153814","JAZF1",3.01133376695922,2.57244183633892,3.34738746386991,2.58840622396709,0.329623190249877,0.755587965053229,0.84492375333265,0.602414383353356,3.5110074188013,3.49334342802943,3.72016432798726
"ENSG00000154589","LY96",0.90500775098889,0.858152221557837,0.950389264218237,0.756194927933501,0.729182273082749,1.12370498452531,1.41995379216185,1.20831908309056,0,0,0
"ENSG00000154678","PDE1C",3.67279219936636,3.76616417197513,3.57295638932647,3.29470385898664,5.07025438325246,4.90164448562604,0.145597361471091,0.133961706547766,0,0,0
"ENSG00000154721","JAM2",0.0299893593831542,0,0.0593680022030598,2.65247094484399,4.04471488729505,4.45283296941618,0,0.233806196694614,0.272949722706955,0.171659658587771,0.135125998284424
"ENSG00000154723","ATP5PF",7.28244442407573,7.25464125608819,7.30972189323936,8.00117855332249,7.55671745187236,7.68126981174267,6.76373873563877,6.75771385366308,8.58968413819171,8.58942151816496,8.68862982248681
"ENSG00000154727","GABPA",3.45951559506812,3.41798430280622,3.49988469208763,3.78586599782009,4.09379287601251,4.01311921257904,3.4612407061543,3.49994439258655,3.65161852617617,3.74288953429637,3.91145079299782
"ENSG00000154839","SKA1",2.87794504495745,3.10441285023309,2.60918569144921,4.29585492492814,4.70811621334124,4.4935336649069,3.90699189621204,4.18395452911743,4.12143874926425,4.2221325002961,4.29147628388899
"ENSG00000155011","DKK2",0,0,0,0.00998380433878357,0,0,0.0207405414474197,0.0484170544437149,0,0,0
"ENSG00000155511","GRIA1",0.066637030473888,0.114399570544472,0.0172389394946692,0.111721497981147,0.237243806749651,0.161943158505341,0,0,0.340375358616599,0,0
"ENSG00000155719","OTOA",0.664817308469302,0.730880609889607,0.595583080997,0.00896589665472684,0,0.0616217404406223,0,0,0,0,0
"ENSG00000155849","ELMO1",1.69174484529271,1.49136929781429,1.86765392639913,0.126930281909681,0,0.22034487504159,0.358120610936447,0,0,0.259431953638415,0
"ENSG00000155890","TRIM42",0,0,0,0,0,0,0,0,0,0,0
"ENSG00000155926","SLA",0,0,0,0.0685864771684697,0,0,0.0201567578198782,0.129608851526458,0,0.13128599844036,0.185847000500621
"ENSG00000155962","CLIC2",0.126294682013329,0.174375131752857,0.0765564562508154,0.988664674925725,0.223367818850355,0.838840404938381,2.24355021807241,1.50422130611642,0.175079004450029,0.218103502919814,0.0973545373948594
"ENSG00000155966","AFF2",0.250916071240467,0.327809555552742,0.16969240454122,0.0015897730787557,0,0.0110917975347939,0,0,0,0,0
"ENSG00000155974","GRIP1",4.61525299728645,5.4510443395493,2.39876307511588,1.36895627285297,0.699558920935247,0.448188194664587,2.39775124020877,2.76307383648022,0,0.0228551918681296,0.0247892143390811
"ENSG00000156076","WIF1",0.128792510605809,0.207937420146946,0.0450524817445128,0,0,0,0,0,0,0,0
"ENSG00000156113","KCNMA1",3.78047064034606,3.76752269371692,3.79330341421049,4.25261560911656,6.24843930812989,5.7044864850589,0.0113536052819858,0,0.212650014388325,0.0356544296870293,0.0950789294685031
"ENSG00000156206","CFAP161",0.0507311318170656,0.0997387802266644,0,0.352074715747144,0.657739148883294,0.81758825512034,0,0.261337225066122,0.0867313526654094,0.144275354680177,0.297452597744107
"ENSG00000156218","ADAMTSL3",0.01438801382942,0.0106390685103202,0.0181272424923563,0.233222054469518,0,0,0.577940790327975,0.795337679935556,0,0,0
"ENSG00000156232","WHAMM",2.74325467101684,2.76664392286675,2.71947997052945,2.70860603748292,2.38017099059132,2.65702579089108,2.12394186900793,2.13880465679924,3.03353299056405,3.1916049363516,3.02817799240021
"ENSG00000156234","CXCL13",0,0,0,0.0243421047434493,0.0824415037075067,0.0844756338464148,0,0,0,0,0
"ENSG00000156239","N6AMT1",2.35890736380341,2.36035258519376,2.35746069320903,2.44841758554156,2.41267847779195,1.77443852195791,1.45718428355432,1.28410974282626,3.11756958224057,3.03467888706478,2.88881458567941
"ENSG00000156253","RWDD2B",4.14638760524518,4.16912203291993,4.12328917786661,4.02845159649103,4.20051450424298,4.12538942480472,0,0,4.60548901051185,4.5744968038133,4.81873250605471
"ENSG00000156256","USP16",4.75509639200341,4.82440488548264,4.68228947569397,4.47638676484906,4.87002263468232,4.74670225223263,4.34541213457077,4.59659110539017,4.22667504132067,4.06727920570815,4.30171944409331
"ENSG00000156261","CCT8",7.35079240987492,7.42762406156906,7.26963773473331,7.575332924374,7.95604080897789,7.73578618064194,6.74288347306102,6.66762200455525,7.75118465364749,7.7664120884668,7.85572825656589
"ENSG00000156265","MAP3K7CL",2.86272429498664,2.69358838150062,3.01409580717095,1.81314542024277,3.43212622111213,2.46221193922391,0.154089972899229,0,0.762265491110785,1.20346839462336,1.12588919176783
"ENSG00000156273","BACH1",3.46824896991706,3.27465247638064,3.6389135277299,3.99539400536291,3.26218309378728,4.94055944348601,4.23944353390059,3.91266201049032,3.10588270951766,3.72231265116955,3.9619715354484
"ENSG00000156282","CLDN17",0,0,0,0,0,0,0,0,0,0,0
"ENSG00000156284","CLDN8",0.0540215480106445,0.0476797854323007,0.0603355555887715,2.84366044186601,0,0,4.58582810758767,4.40832672160673,0,0,0
"ENSG00000156299","TIAM1",2.66792965715952,2.90663757326021,2.38173906602508,2.94821895320763,2.85672781879678,2.8060278121461,3.85709599620943,4.10131439513399,1.51742560987875,1.43655808684922,1.35826881686752
"ENSG00000156304","SCAF4",3.98136414088745,3.75155770022016,4.17954483633934,4.22457694459891,4.38166336220636,4.50572730236217,4.32307814940246,4.36356790786383,3.88336282035424,4.008173937355,3.98658182157249
"ENSG00000156564","LRFN2",0,0,0,0,0,0,0,0,0,0,0
"ENSG00000157093","LYZL4",0,0,0,0,0,0,0,0,0,0,0
"ENSG00000157240","FZD1",3.32831648015288,3.31293468403638,3.34353600646299,1.95930264702146,1.29350794929201,1.2851444339152,3.09245242634904,2.8340451308936,1.16047787294813,1.08961006862502,1.20742091279158
"ENSG00000157445","CACNA2D3",0.0915123906899619,0.10480065310592,0.0781005950766069,1.21793903629346,0.0886221093154263,0.16029831888314,0.0401007847512457,0,1.89217495518941,2.28305824351972,1.80525307516708
"ENSG00000157570","TSPAN18",0.0315419960791667,0.0350201990607438,0.0280553872051968,0.0620501656701048,0,0,0.094349553138633,0.0732307805645466,0.248514867272986,0,0
"ENSG00000158089","GALNT14",5.10929548802817,5.20912047778824,5.00204638560579,2.4152235750499,0.825081919320522,1.76101714380926,3.83190268538156,3.90080808709714,0,0,0
"ENSG00000158125","XDH",3.704820836029,3.56239367464916,3.83444195233992,0.40185573123934,0.300095267602757,0.237030860091558,0.698210157633934,0.738582117700222,0.328991984620682,0.0745920474099903,0.308511352343693
"ENSG00000158258","CLSTN2",1.19042292028306,1.42401768435893,0.911557647192762,0.058777130592502,0.00541993691505536,0.035149722531919,0,0.0349588383836672,0.101991039766255,0.148563747605107,0.0791615665456017
"ENSG00000158427","TMSB15B",4.45667725006567,4.54394426246324,4.36378975291138,1.32427682326988,2.60488847816182,2.63928763854586,0.186464028545917,0.106827979200221,0,0,0
"ENSG00000158901","WFDC8",0,0,0,0,0,0,0,0,0,0,0
"ENSG00000159082","SYNJ1",2.54897832191614,2.38156198696214,2.69897133660404,2.75221317785727,3.13597851516762,2.82551690996929,3.02874510105301,2.97748351936851,2.18778116819991,2.48086425860476,2.35265814011227
"ENSG00000159086","PAXBP1",4.0263168503084,4.08022520392606,3.97031568032387,4.83500359824142,4.9963488428025,5.03350542467577,4.38707375239605,4.55395354792805,4.82497001501189,4.96751512926107,4.95775434313577
"ENSG00000159217","IGF2BP1",0.00439828523374132,0.00878320234011945,0,3.0237694988186,0,0.139550056611786,0.279528208666401,0,4.03775187916344,4.1684345445953,4.18660389773035
"ENSG00000159450","TCHH",0.0251058305156254,0.0107342850105173,0.0393356234086047,0.278272574941001,0.394242027629731,0.369771683348395,0.481436665729882,0.572074545377026,0,0,0
"ENSG00000159455","LCE2B",0,0,0,0,0,0,0,0,0,0,0
"ENSG00000159516","SPRR2G",0.130704637321064,0,0.25054520224304,0,0,0,0,0,0,0,0
"ENSG00000159527","PGLYRP3",0.08271224644441,0.0744030444490311,0.0909738655145039,0.103633461806444,0,0,0.368502990628705,0.299034236820848,0,0,0
"ENSG00000161911","TREML1",1.77624412964783,1.53717018642494,1.98127497600524,0,0,0,0,0,0,0,0
"ENSG00000161912",NA,1.60189660508114,1.41277633306991,1.76907412451639,0.636638259947902,1.72526677685828,0.797604039719978,0.555679114238858,0.230899159322868,0.0988192124271911,0.120777103373109,0.0519250634614344
"ENSG00000162510","MATN1",0.0621834723826531,0.0993347141610434,0.0240501942383087,0.401582442508599,0.907911431450318,0.44650026117594,0.0532363570342595,0.205565900798232,0.0344303465881154,0.314626224594928,0.631397001338116
"ENSG00000162757","C1orf74",5.18773295310574,4.70751170776042,5.54740290583181,2.74040029104312,2.27250527872743,2.20884708403464,3.05755578097708,3.13186609138942,2.71198188054386,2.82041561737623,2.72597459451474
"ENSG00000162946","DISC1",0.101053054407399,0.0627835166222536,0.138333615790189,0.390337971930405,0.513408456538988,0.56212578993417,0.204623928548398,0.455688489440916,0.647980222336719,0.117482301405422,0.131464715431897
"ENSG00000162949","CAPN13",0.0167210962153567,0.0332506102560859,0,0.47693799991527,0,0,1.25689060042554,1.23432035223036,0,0,0
"ENSG00000162959","MEMO1",5.88311235831242,5.82857493530092,5.93566300942403,5.24462860728648,5.06111378103694,4.76027775090627,5.54325820874237,5.36593613765337,5.4215235012954,5.27060540002434,5.15277053570103
"ENSG00000163069","SGCB",5.06025548608783,4.95918565014377,5.15470594559505,4.19420257839278,5.61544091798671,5.56827963772339,2.74876532280514,3.07715453165149,2.58250037050102,2.44287249797044,2.34408510457918
"ENSG00000163071","SPATA18",3.34674871119043,3.35817154946428,3.33523470791906,0.162940142494655,0,0.0573609630262319,0.4997910263432,0.437027505704606,0,0.0406591347572331,0
"ENSG00000163202","LCE3D",0.385272671610867,0.349928139656374,0.41977196539108,0,0,0,0,0,0,0,0
"ENSG00000163206","SMCP",0,0,0,0.0208431599877414,0,0,0,0.139948415782511,0,0,0
"ENSG00000163207","IVL",3.34386854638046,2.39504007091726,3.91136242761651,4.31826398990166,0,0,5.86287828637215,6.25640055269534,0,0,0
"ENSG00000163209","SPRR3",0.322797576701972,0.390031728859744,0.252276285360364,0.0537679113817577,0,0,0.239931448937548,0.117521365527361,0,0,0
"ENSG00000163216","SPRR2D",1.76327301047189,0.421854703969642,2.44617660324713,1.10545927509548,0,0,1.56507470454958,2.71533871182492,0.477203710622585,0,0.193165877639531
"ENSG00000163217","BMP10",0,0,0,0,0,0,0,0,0,0,0
"ENSG00000163219","ARHGAP25",4.08626602180063,4.03529526723269,4.13549725073234,0.336518499866682,0,0,0.0384608381141688,0,0.419704119414351,0.790532177210251,0.802860903227108
"ENSG00000163531","NFASC",3.67371132627928,3.23513357457029,4.00958138200708,0.321600744483412,0.341502838505936,0.57345052552211,0.732966827212659,0.360742636699465,0.0487252386903165,0.0177364386943056,0
"ENSG00000163638","ADAMTS9",0.374729524220133,0.280308171317067,0.463348977158832,0.00634439492780499,0,0,0.0438357937782453,0,0,0,0
"ENSG00000163864","NMNAT3",0.612293557888828,0.750777412920215,0.459091376413679,0.0756857404983245,0.177719172000269,0,0.167559820208578,0.167077107990914,0,0,0
"ENSG00000164099","PRSS12",5.32618587270137,5.44885572222607,5.19210811544887,0.428309506537947,0.769700870662532,1.22069872193545,0.261786178475723,0.205351811696139,0,0.0456519385470064,0
"ENSG00000164265","SCGB3A2",0,0,0,0.348170102159876,0,0,0,0,0,1.32093577977111,0.498081368548306
"ENSG00000164266","SPINK1",0,0,0,0.144143952236569,0.44573495784609,0.457873100287227,0,0,0,0,0
"ENSG00000164283","ESM1",0.136548846785968,0.0382825373041242,0.228546640705071,0.0303693730792105,0.161612340289112,0.0431743641698197,0,0,0,0,0
"ENSG00000164483","SAMD3",0.965584701272452,0.789950354133999,1.12213905899754,0.0670719868194396,0.206921271909436,0.237436886358374,0,0,0,0,0
"ENSG00000164484","TMEM200A",4.8200786268478,4.40095022391389,5.14445570740492,0.222961782405089,0.630169663477033,0.68270598007693,0,0.0243135352496538,0,0,0
"ENSG00000164600","NEUROD6",0,0,0,0,0,0,0,0,0,0,0
"ENSG00000164627","KIF6",0.767024981219477,0.80420662721679,0.728859669445686,0.0197574116116576,0,0.0959517564387611,0.0394932050308785,0,0,0,0
"ENSG00000164651","SP8",0.0601230436432321,0,0.117840431823723,0.113840131731881,0,0,0,0,0.0929691050939717,0.468343037909842,0.169476855482723
"ENSG00000164935","DCSTAMP",0,0,0,0,0,0,0,0,0,0,0
"ENSG00000165072","MAMDC2",4.21798873732361,4.15868699411777,4.27494882864972,0.687416714512975,0.0233709501657105,0,1.49642010603002,1.75980290202115,0.037347937629755,0.0318024667522669,0
"ENSG00000165323","FAT3",0.107048822834478,0.10131672857116,0.112758232527251,0.178617088655912,0.657840922689566,0.367633985392506,0.0356906561188799,0.0420657809500075,0,0,0
"ENSG00000165406","MARCHF8",3.38812939587384,3.17226537983438,3.57585870951354,2.82936332981953,1.96534436094167,2.10271138589468,0.405913197154758,0.462653456776016,3.45732454062678,3.74661651330922,3.85232231790724
"ENSG00000165495","PKNOX2",0.108213795074019,0.118384252784587,0.0979711301247454,0.20233085286438,0,0.683630972250879,0.387619085389672,0.188376019029694,0,0,0
"ENSG00000165512","ZNF22",3.41178688327544,3.45988529104507,3.36202943940419,2.79560075146777,3.52439235727598,3.34405720018501,2.91469334700788,2.86141944181114,2.09970960130784,1.8116239402877,2.11657556920755
"ENSG00000165521","EML5",0.900339942507289,0.860849238882553,0.938778410987986,0.92992486396325,0.0502561824293493,0.0898761785038295,0.15691265784832,0.243661967409823,1.53445030064919,1.50157673840579,1.68226607918034
"ENSG00000165953","SERPINA12",0,0,0,0,0,0,0,0,0,0,0
"ENSG00000166069","TMCO5A",0,0,0,0,0,0,0,0,0,0,0
"ENSG00000166265","CYYR1",2.89502098330512,2.70194366053064,3.06528208566121,1.48530321113902,2.67622364089679,2.92501246704471,0.46922390298051,0.295543694635966,0,0,0
"ENSG00000166503","HDGFL3",5.10149703152264,5.06172394472478,5.1402029835251,4.41965058118714,4.38263188971251,4.15471401272281,0.890526159351432,1.07668948440584,5.13622774921891,5.02444052610253,5.3024009006669
"ENSG00000166670","MMP10",2.87846350080598,2.45305808764983,3.20657676718847,0.0147428182367545,0,0.100169434425374,0,0,0,0,0
"ENSG00000166828","SCNN1G",0.461534417284263,0.489927840740271,0.432570950236894,0.097109075274802,0,0,0.457121840495661,0.156519995698224,0,0,0
"ENSG00000166948","TGM6",0,0,0,0,0,0,0,0,0,0,0
"ENSG00000167531","LALBA",0,0,0,0,0,0,0,0,0,0,0
"ENSG00000167749","KLK4",1.20720995942716,0,1.85511810384201,0.0208624244555101,0,0.140072576728188,0,0,0,0,0
"ENSG00000167754","KLK5",10.0870208800838,10.2889584270895,9.85214465559801,6.22382735262459,0.13593054274985,0.205105657029727,7.80348123214407,8.2022994289666,0,0,0
"ENSG00000167755","KLK6",6.63717288194261,7.12012739035889,5.90595960836845,1.91447713710744,0,0.133664089453148,3.06810797976054,3.64601213614984,0.233983680207286,0.0914533499119525,0.194569826071399
"ENSG00000167757","KLK11",2.96889303878537,2.74442781976187,3.16309076295185,0.142976437242451,0,0,0.123361993021768,0.713691765173002,0,0,0
"ENSG00000167759","KLK13",2.10754349255428,2.13028771738842,2.08443495170469,0.0839463624151135,0,0,0.435071810170902,0.0941218780110085,0,0,0
"ENSG00000167858","TEKT1",0.241170408264494,0.447740300552033,0,0,0,0,0,0,0,0,0
"ENSG00000168032","ENTPD3",2.68603239375657,2.45145416823542,2.88774975019865,2.05924127240915,0,0,3.38478138094398,3.77564825816913,0.0464577672621573,0,0
"ENSG00000168314","MOBP",0,0,0,0.00393895410810754,0,0.0273494727685516,0,0,0,0,0
"ENSG00000168329","CX3CR1",0.0123164603644488,0.0245286630638724,0,0.0643164752291796,0,0.0804714333540957,0,0,0.042137788192079,0.301147641120367,0
"ENSG00000168356","SCN11A",0,0,0,0,0,0,0,0,0,0,0
"ENSG00000168621","GDNF",1.25802109431063,0.856121160577778,1.57200883928859,1.15610071941753,2.85968530930722,1.74037945576408,0,0,0,0,0
"ENSG00000168658","VWA3B",0.0388860122027428,0.0411044973912547,0.0366641103133585,0.0440747508627311,0,0.158756074508011,0,0.0790821487379893,0.0627878944301525,0,0
"ENSG00000169035","KLK7",4.73610544100252,4.98369948652022,4.43703239673469,3.52588750896564,0,0.0934162747433538,5.09408069296648,5.37179064659594,0,0,0
"ENSG00000169116","PARM1",0.0576323948069733,0.0724665988450802,0.0426440751974899,0.0317845548837873,0.0188385321735841,0.0648204287346005,0.040941437753294,0.0949762314332433,0,0,0
"ENSG00000169184","MN1",3.05824012231084,2.49526665558569,3.46215613317836,0.316727596223478,0.0295957303589078,0.119222905330603,0.263649244192593,0.20412927477121,0.557918935426047,0.580107753380876,0.369642267269828
"ENSG00000169271","HSPB3",0,0,0,0.0622105818416861,0.267363710364775,0.143842371863885,0,0,0,0,0
"ENSG00000169282","KCNAB1",0.421887468832433,0.122716658497489,0.669548441166184,0.376144916682673,0,0.0595116202146641,0.267308587860253,0.939024997915164,0.354660924858104,0.61286064032238,0.156014543748072
"ENSG00000169436","COL22A1",5.24975696217825,4.91157303208343,5.52352771640261,0.176429786400882,0.012279974613841,0,0.304821643454649,0.737057360556168,0,0,0
"ENSG00000169469","SPRR1B",5.17506778159139,4.14862424367917,5.76873817178331,3.55681689078989,0,0,3.73899367601209,6.00056415691486,0,0,0
"ENSG00000169474","SPRR1A",2.11056895703926,1.58199244667049,2.49656491576521,1.3731971719053,0,0,2.1622771140611,3.11384581669037,0,0,0
"ENSG00000169509","CRCT1",1.04993433515173,0.630589238216959,1.37444082854098,0.0236773740327202,0,0,0,0.158118849738704,0,0,0
"ENSG00000169594","BNC1",5.90312547607269,5.57772553149351,6.16846981536289,1.50862571305518,0,0,2.78849118547429,2.98235240643748,0.0805810490802203,0.0682871804834137,0
"ENSG00000169618","PROKR1",0,0,0,0,0,0,0,0,0,0,0
"ENSG00000169621","APLF",1.55641860182118,1.24237947829637,1.8141696251264,0.506451772096578,1.18419780310494,0.980637638606253,0.0522471342901017,0,0.206081229269012,0.206678559386746,0.436907962582923
"ENSG00000170011","MYRIP",0.0178694036933486,0,0.035520179874145,0.0297546571570522,0,0.19644282348374,0,0,0,0,0
"ENSG00000170054","SERPINA9",0.218207193031733,0.292627081820092,0.13973864100445,0,0,0,0,0,0,0,0
"ENSG00000170099","SERPINA6",0.140703847541574,0.105556279195939,0.175015460973307,0.127161806045715,0.265307928893618,0.321095533797253,0.0972362684691449,0.168780056112972,0,0,0
"ENSG00000170209","ANKK1",1.61093009360984,1.57203776118226,1.64880142625654,0.00400933276081091,0,0,0.0278341240485589,0,0,0,0
"ENSG00000170255","MRGPRX1",0,0,0,0,0,0,0,0,0,0,0
"ENSG00000170549","IRX1",5.3447117289215,5.5259396082004,5.13740303456963,0,0,0,0,0,0,0,0
"ENSG00000170848","PSG6",0.166819978385725,0.157947497469514,0.175638227472198,0.062404895512961,0.121197761573561,0.054150663283768,0,0,0,0,0.243119985005489
"ENSG00000170927","PKHD1",0.0381823783884105,0.0389307081358698,0.0374336602788712,0.0542164432192951,0,0,0.215446249193384,0.146658119816983,0,0,0
"ENSG00000171044","XKR6",2.24650195088889,2.3554574124817,2.1286407803699,0.950770055396478,0.225871754010613,0,0,0,1.21941959780345,1.71940089371144,1.90277533461047
"ENSG00000171094","ALK",0,0,0,0.00935680629082702,0.0642579832750515,0,0,0,0,0,0
"ENSG00000171234","UGT2B7",0.188170932635774,0.239367355080158,0.135090664009603,0.655962261014156,0.942119859760273,0.458438979481991,1.45473916929321,0.995080885691488,0,0,0
"ENSG00000171385","KCND3",0.823682107098804,0.696212269846316,0.940797945951236,0.0175132852862878,0.0387382153571817,0.0626257256160357,0.00916690229992954,0.0108353823993412,0,0,0
"ENSG00000171557","FGG",0.0946865353679524,0.0578958359407854,0.130562305181692,0.472326605051821,0,0,1.66795125747918,0.617096093895021,0,0,0
"ENSG00000171560","FGA",0,0,0,0.0425188793201987,0,0.0385651134243464,0.032384158527013,0,0.117238806513544,0.0507161637570982,0.0553963353871343
"ENSG00000171649","ZIK1",2.08004080345809,2.04857755532519,2.110832499852,1.33481158684101,2.46424074171882,2.33560963884671,0.965460543091809,1.0964536272531,0,0,0
"ENSG00000171956","FOXB1",0,0,0,0.470464293536415,1.29110130308482,1.15134810144373,0.0433804109592866,0,0,0,0
"ENSG00000172139","SLC9C1",0.0332234138381587,0.029335765123764,0.0371006146039282,0.0046275033154905,0,0,0,0,0,0,0.0320850881159462
"ENSG00000172155","LCE1D",0,0,0,0,0,0,0,0,0,0,0
"ENSG00000172264","MACROD2",0.637709899764369,0.538101884604838,0.730882600087881,0.831807037297121,0.72397585995351,1.18929472915991,0,0.227665219466425,0.55368611831021,1.28857546343001,1.2901983138303
"ENSG00000172349","IL16",0.833849276700178,0.927170294275841,0.734071721496874,0.250112273618608,0.725055015627739,0.390866112221808,0.188159425866712,0.144645203790936,0,0.0603625005657003,0.102265614403606
"ENSG00000172379","ARNT2",0.418175031593537,0.549525008402801,0.273657469777277,0.311088345881769,0.0118334978660301,0,0.060336654634599,0.0828749298270432,0.643951722911764,0.514961667271678,0.662544218980966
"ENSG00000172575","RASGRP1",0,0,0,0.142263859854532,0,0.096809555599909,0.0549847308872875,0.0328488545945407,0.552055747966621,0.0666398033018724,0.11198831592768
"ENSG00000172915","NBEA",1.07765689149987,1.21289126881256,0.928422361157077,0.932355211580375,0.15799295763314,0.168737864624642,1.53583014158331,1.30866867015366,0.817961658321651,1.06068101923894,0.920982101250347
"ENSG00000172954","LCLAT1",3.07199452561224,2.93084828178942,3.20055399750251,2.74276728737718,2.63430344761892,2.48566029330732,2.37812415492055,2.61107128014819,3.01089368413886,3.02327485352408,2.91573710954005
"ENSG00000173320","STOX2",1.06347953492083,1.04312002533489,1.08355572197475,0.312748774325029,0.0150064827953931,0.485429826232274,0.154561633549286,0.0228454588134448,0.661232299047392,0.277125284714398,0.445503729571442
"ENSG00000173409","ARV1",3.92688768811147,4.01003747894638,3.8386508704279,4.52601027271657,4.1633832846829,4.26166835489401,4.03833130896569,4.25619791365821,4.78884308042868,4.87559903360482,4.98339004858251
"ENSG00000173482","PTPRM",4.1474963799793,3.63132332597893,4.52686874340032,3.42797012766731,0.523917442557192,0.297473622128619,4.05819869997117,4.17747355793135,3.41891884572952,3.50007097496603,3.99180973257869
"ENSG00000173597","SULT1B1",0.793343332038564,0.529010417178282,1.01666254479248,0.0138095954975661,0,0,0.0492340797332592,0.0462966417274896,0,0,0
"ENSG00000173769","TOPAZ1",0,0,0,0,0,0,0,0,0,0,0
"ENSG00000174059","CD34",0.0153703170779293,0.030578605181276,0,0,0,0,0,0,0,0,0
"ENSG00000174099","MSRB3",5.44175946226139,5.02768520651424,5.76310930217689,3.11086262117945,4.23630218843744,3.97402832635786,0.0163360100029289,0.0192830571254788,2.82431652189065,2.78556005851868,3.30862326141978
"ENSG00000174600","CMKLR1",0.0157053096792576,0.0143711279824515,0.0170382586856867,0.00673709997029374,0,0.0465120932357807,0,0,0,0,0
"ENSG00000175040","CHST2",3.36920997556996,3.45899015548389,3.27346974636544,1.16240720688544,1.680528910974,1.59121891945766,0,0,1.29291330974932,1.33432247202398,1.30909168200934
"ENSG00000175093","SPSB4",0.0389891462244807,0.0461369141686145,0.0318057885835828,0.0190555754449067,0.0491252712501972,0.0819314722320695,0,0,0,0,0
"ENSG00000175267","VWA3A",0.0240187349472245,0.0476441330823722,0,0.0229882195967653,0,0.036645877835535,0.0609422309116763,0.0364500704978392,0,0,0.0256987654134349
"ENSG00000175600","SUGCT",6.6914616539994,6.60380383717332,6.77409710369576,1.80793968415029,2.39835616622943,3.03516613677001,0.482632294990005,0.542367087524241,0.766875916824401,1.69975410367079,1.69457935803046
"ENSG00000175779","LINC02694",0,0,0,0,0,0,0,0,0,0,0
"ENSG00000176641","RNF152",3.5403907686277,3.190998969931,3.82144809475176,1.40743423438722,0.0421899936667785,0.0174869387221668,2.76050830541189,2.75291197419343,0.0137342783508813,0,0
"ENSG00000176659","LINC02910",1.20212585466485,0.848789703968668,1.4857254135936,0,0,0,0,0,0,0,0
"ENSG00000176678","FOXL1",2.20138224907571,2.07416195880769,2.31828742216046,2.13852118241749,0,0,1.64686178963213,1.61258717507725,2.84912939245859,3.06618553807738,2.81782903322383
"ENSG00000176692","FOXC2",3.15490238509859,2.87052553341692,3.39234839332486,2.10364828461256,0,0.0505806069097425,0,0,3.25444798151397,3.12105315028925,2.96471250957594
"ENSG00000177294","FBXO39",1.9684895129868,2.04218592247773,1.89082489462441,0.147353588072141,0.0516802802505391,0.299518486029007,0.130194517256501,0.476232106565851,0,0,0
"ENSG00000177551","NHLH2",0.411255886084189,0.327740642480844,0.490199979477116,0,0,0,0,0,0,0,0
"ENSG00000177627","C12orf54",4.03660717516835,4.08278879124843,3.98889822967415,0.0245192006953811,0.16347890780787,0,0,0,0,0,0
"ENSG00000177822",NA,3.48781197335388,3.17386261242098,3.7455026029087,0.569615247243248,0,0,0,0,0.951489133193442,1.14320514434697,1.16755994453667
"ENSG00000178105","DDX10",4.3812835765467,4.4781834755332,4.27740367923513,4.34309791413467,5.2127664827367,4.65463570967833,3.78620024246051,3.59480630979952,4.28645399433797,4.13926545820825,4.06891305446413
"ENSG00000178163","ZNF518B",3.28081350419281,3.22900700249331,3.33082396734025,1.83961775283259,3.18820050822098,3.05336734423989,1.18109536131617,1.24511078598853,0,0,0
"ENSG00000178171","AMER3",0,0,0,0,0,0,0,0,0,0,0
"ENSG00000178722","C5orf64",0,0,0,0.050182436435498,0,0,0.295845903277594,0.0288044530096783,0,0,0
"ENSG00000178776","C5orf46",3.19130275977647,3.40697506641668,2.93762423462165,1.97246622976242,0,0,3.62985197078181,3.22551828205294,0,0.797312653783819,0
"ENSG00000179057","IGSF22",0.838509950655655,0.0378291851887873,1.3504047915606,0.0416426688742444,0,0,0,0.269028127055271,0,0,0
"ENSG00000179222","MAGED1",6.67393726136111,6.47825235527545,6.84622215332154,6.21755015786033,7.40409598112788,7.56050514006421,4.63595529549088,4.30791602607487,5.29034131649603,5.34407107819195,5.26089138890358
"ENSG00000179869","ABCA13",0.857691796478763,0.767255890190111,0.942791547450279,0.0336944707073939,0,0,0.083794221685567,0.044513370329403,0,0.0502286721786426,0.0549801247860029
"ENSG00000179934","CCR8",0,0,0,0.0130842064688059,0,0,0,0.0891913008064021,0,0,0
"ENSG00000180071","ANKRD18A",3.32424068805305,3.30067940497588,3.34742335656161,2.14889696106101,3.60020420838921,3.5147823678982,0.0895167753380473,0.114495380245891,0.623751702448471,0.780386674917533,1.05758528703637
"ENSG00000180347","ITPRID1",0,0,0,0.290406120302852,0,0,0.763316214358612,0.898017686707122,0,0,0
"ENSG00000180386","KRTAP9-7",0,0,0,0,0,0,0,0,0,0,0
"ENSG00000180532","ZSCAN4",0.0555660408711767,0.0683644684885668,0.0426530589276185,0.020161615958628,0,0,0.0637073609230223,0.0750032875436797,0,0,0
"ENSG00000181333","HEPHL1",4.85721767175707,4.79014015902971,4.92131451506848,0.00946541053433311,0,0.0155313824938536,0.0129738685453185,0.0153077882228751,0,0,0.0222660429096688
"ENSG00000181449","SOX2",0.032266225430329,0.0638265673590277,0,0,0,0,0,0,0,0,0
"ENSG00000181804","SLC9A9",1.62739577598619,1.53079070753959,1.71793600843268,0.765538076270381,0.0874393437970775,0.240246755427166,1.54157238343347,1.60209913458565,0.33539599446016,0.335676198587127,0.245732262881926
"ENSG00000181915","ADO",4.02654217590699,4.06698256111033,3.98493542758734,4.08435382407436,4.11304378316594,3.9348503303,3.18242745166591,3.23054535956166,4.60495583215813,4.45493588378702,4.42055954462728
"ENSG00000181965","NEUROG1",0,0,0,0,0,0,0,0,0,0,0
"ENSG00000182118","FAM89A",2.36788532129654,2.12977238532564,2.57220938019662,1.210273158671,2.3266659893483,2.58864079778496,0.0863481300000623,0.0610839638284191,0,0.0840749769157376,0
"ENSG00000182132","KCNIP1",0,0,0,0.477454942597022,1.28853469013269,1.20363930408054,0,0,0,0,0
"ENSG00000182667","NTM",6.35110951659424,6.22138989096303,6.47012158110805,0.11489718384096,0,0.22738439972462,0.495259778256366,0,0,0,0
"ENSG00000183287","CCBE1",1.66718913703512,0.670633465717247,2.25100169841705,3.26501845909798,5.1646306641235,4.69693028532616,0.0110783802040001,0,0.24352916046075,0.15287419014533,0.243842680935502
"ENSG00000183607","GKN2",0,0,0,0,0,0,0,0,0,0,0
"ENSG00000183644","HOATZ",0,0,0,0.0496773674721012,0.198941772368575,0.0566014336630296,0,0,0,0,0.0804735161948077
"ENSG00000183647","ZNF530",1.9284266244118,2.06139201394063,1.78195082321669,2.87532864559673,2.4190918124488,2.18417873451726,1.66614703854481,2.10344551487978,3.42923298645957,3.39889212202911,3.66446004192917
"ENSG00000183668","PSG9",0.140676539793171,0.0905726779994421,0.189098572481905,0.351460525564041,0.714262571875913,1.16552095113114,0,0.0665022346345205,0,0,0
"ENSG00000183722","LHFPL6",4.80209338324161,4.55687052756725,5.01162727493833,3.67693192075859,5.60049668969676,5.15806370583225,0.30515030888063,0.0414265707614604,0,0.0561441613481016,0
"ENSG00000183780","SLC35F3",3.60572111397384,3.50434748411196,3.70043681160862,1.39536786788792,1.22682870136899,0.705239716891372,0.288036229260972,0.529006115356644,1.96128213371079,1.85072152234582,2.09699120133673
"ENSG00000184106",NA,0,0,0,0,0,0,0,0,0,0,0
"ENSG00000184148","SPRR4",0.139146141047719,0.266044443665535,0,0,0,0,0,0,0,0,0
"ENSG00000184221","OLIG1",0,0,0,0,0,0,0,0,0,0,0
"ENSG00000184432","COPB2",6.62782816133624,6.50106884224739,6.74434400908327,7.05577445952076,7.03659917485598,6.98480272625371,7.37116912078897,7.30888710354678,6.82193726737627,6.88008887397492,6.8866176970397
"ENSG00000184459","BPIFC",0,0,0,0,0,0,0,0,0,0,0
"ENSG00000184672","RALYL",0,0,0,0.0130735128088392,0,0,0,0,0.0891202902409805,0,0
"ENSG00000184814","PRR23B",0,0,0,0,0,0,0,0,0,0,0
"ENSG00000185013","NT5C1B",0,0,0,0.0434038427465199,0,0,0,0,0.0793775268252836,0,0.210681394358356
"ENSG00000185303","SFTPA2",0,0,0,0.0277985398527485,0,0.184200559315604,0,0,0,0,0
"ENSG00000185305","ARL15",4.13626900781017,3.98689611568618,4.27161697628624,2.39631251052139,2.83078556586569,3.18488021540323,0.372896494088996,0.387797300515435,2.54643343321585,2.29151924642785,2.86840474847418
"ENSG00000185313","SCN10A",0,0,0,0,0,0,0,0,0,0,0
"ENSG00000185652","NTF3",0.0384679956778789,0.0759368644297259,0,0,0,0,0,0,0,0,0
"ENSG00000185666","SYN3",0,0,0,0.00858603498475055,0,0,0.0230461380047363,0,0,0.036582492876785,0
"ENSG00000185842","DNAH14",3.34769882024181,3.49679386509689,3.18140065575803,4.02503954281639,3.95181733033278,3.61804588101912,2.49751900266802,2.20157010606535,4.57462542340444,4.64416956840683,4.76165833946385
"ENSG00000185873","TMPRSS11B",0.251447233769905,0.0847910545945797,0.4008299262886,0.019103834928894,0,0.0344431583955104,0,0.096460713699789,0,0,0
"ENSG00000185962","LCE3A",0,0,0,0,0,0,0,0,0,0,0
"ENSG00000185966","LCE3E",0.206064619208706,0.186074455753931,0.225781577702029,0,0,0,0,0,0,0,0
"ENSG00000186056","MATN1-AS1",0.483905587438715,0.40034416219246,0.562890942908509,1.38181288165598,1.23067245664304,1.4728265734076,1.60670467000681,1.57463339810899,0.963676716052333,1.78589826900759,0.76258009792722
"ENSG00000186207","LCE5A",0,0,0,0.0352572841935689,0,0,0.109819225923466,0.129723332300827,0,0,0
"ENSG00000186226","LCE1E",0.118023419161957,0.144806087428441,0.0907341286487994,0,0,0,0,0,0,0,0
"ENSG00000186265","BTLA",0,0,0,0.0229581838949797,0,0.153526302142239,0,0,0,0,0
"ENSG00000186474","KLK12",0,0,0,0.016056778055427,0,0,0,0.108816321754686,0,0,0
"ENSG00000186564","FOXD2",0.313677464619318,0.302203954437162,0.325060447387212,0.813146695946522,0.167582830755859,0.0658228088533657,1.30450923399079,1.35013289508162,0.81192501693112,0.817622991595095,0.67085419727194
"ENSG00000186628","FSD2",0,0,0,0,0,0,0,0,0,0,0
"ENSG00000186844","LCE1A",0.218075076467536,0,0.407473645877524,0,0,0,0,0,0,0,0
"ENSG00000186860","KRTAP17-1",0,0,0,0,0,0,0,0,0,0,0
"ENSG00000186910","SERPINA11",0.122489810722622,0.110463352591701,0.134416843280297,0,0,0,0,0,0,0,0
"ENSG00000187054","TMPRSS11A",0,0,0,0.00398505723824785,0.0276669702864205,0,0,0,0,0,0
"ENSG00000187094","CCK",0.689358870980987,0.675368451431276,0.703214921547784,0.92925577825481,2.14830650393816,1.83761311305885,0,0.403595691568543,0,0,0
"ENSG00000187170","LCE4A",0,0,0,0,0,0,0,0,0,0,0
"ENSG00000187173","LCE2A",0,0,0,0,0,0,0,0,0,0,0
"ENSG00000187180","LCE2C",0,0,0,0,0,0,0,0,0,0,0
"ENSG00000187223","LCE2D",0,0,0,0,0,0,0,0,0,0,0
"ENSG00000187238","LCE3B",0,0,0,0,0,0,0,0,0,0,0
"ENSG00000187243","MAGED4B",0.719583845685488,0.641173170761919,0.793951675053226,2.92342356095764,4.65210151616978,4.51589796730683,0,0.115922159198497,0,0,0
"ENSG00000187672","ERC2",0.662834667191498,0.85253815588614,0.444355058180931,0.00478751745932229,0,0,0,0.0331837133504934,0,0,0
"ENSG00000187855","ASCL4",0,0,0,0,0,0,0,0,0,0,0
"ENSG00000187987","ZSCAN23",0.508403522880894,0.217278732709725,0.750530833708893,0.262182190312542,0,0,0,0,0.389065392220998,0.686215035353981,0.56212093123239
"ENSG00000188056","TREML4",0,0,0,0,0,0,0,0,0,0,0
"ENSG00000188846","RPL14",9.60650690802241,9.71403933205446,9.49030926656415,10.0516869444774,9.57879366842153,9.54576740502193,9.37938937551704,8.61166230721092,10.6537664384923,10.6457985327761,10.6855898446927
"ENSG00000188909","BSX",0,0,0,0,0,0,0,0,0,0,0
"ENSG00000189108","IL1RAPL2",0.688502624329143,0.544788897857986,0.819188332623882,0.0373296567695619,0,0,0,0,0.189387482883048,0,0.0610279041870194
"ENSG00000196431","CRYBA4",0,0,0,0,0,0,0,0,0,0,0
"ENSG00000196611","MMP1",3.13222186230508,3.07405996115454,3.18812956452863,0.743687379519172,1.38180263776259,2.04096706707239,0,0,0,0,0
"ENSG00000196734","LCE1B",0.0500509454359872,0,0.0984235531907081,0,0,0,0,0,0,0,0
"ENSG00000196805","SPRR2B",0,0,0,0.0271774441298939,0,0,0,0.180295127212304,0,0,0
"ENSG00000196876","SCN8A",0.580897222346411,0.24558145584327,0.852788218852153,0.118099684484734,0.139494185283465,0.202920849642571,0.0510975941780706,0,0.124373990561952,0.199977044058225,0.0973650511018624
"ENSG00000196878","LAMB3",10.1509844248695,9.76826552916043,10.4531680350057,6.28949885493271,0.362788086068312,0.440092052552947,7.04168166805143,7.30006371100256,6.37956906526287,6.48919978578154,6.36577781586239
"ENSG00000197084","LCE1C",0.940059053429176,1.00705531352097,0.869799443746953,0.0274951646771977,0,0.182294055646131,0,0,0,0,0
"ENSG00000197249","SERPINA1",6.06135757991787,6.03776570758538,6.08456986184271,1.5268712155017,1.78187337686855,1.08955386789737,2.46553732202904,2.60432835812876,0,0,0
"ENSG00000197721","CR1L",0,0,0,0.059335791136523,0.171588711613542,0.223550300660439,0,0,0,0,0
"ENSG00000197888","UGT2B17",0.117066481121973,0.137355360774842,0.096488200573631,0.0174725556572193,0,0,0.0553815810269757,0.0651020112675504,0,0,0
"ENSG00000197915","HRNR",0,0,0,0.00159548676078721,0,0,0,0,0,0.0111315302819255,0
"ENSG00000197980","LEKR1",0.105684210031849,0.155023851826011,0.054597236118641,0.898963601874944,0.868663195111025,0.321755551637546,0.40613627288636,0.424141554605079,0.532391176413054,0.872633741452154,2.01186337892145
"ENSG00000198083","KRTAP9-9",0,0,0,0,0,0,0,0,0,0,0
"ENSG00000198092","TMPRSS11F",0.0424133618404775,0.0378088632966471,0.0470032114300692,0,0,0,0,0,0,0,0
"ENSG00000198286","CARD11",2.36327036248576,1.66296660268418,2.83269521574538,0.0403023941100635,0,0,0.213598558448973,0.054818576173053,0,0,0
"ENSG00000198416",NA,0.864111663546791,0.667848095391954,1.03684478508101,0.757326875751258,1.29162507156356,1.25783792252872,0.879694876911967,0.697375704141224,0.101087293313112,0.407069619743146,0.180113141447541
"ENSG00000198704","GPX6",0,0,0,0,0,0,0,0,0,0,0
"ENSG00000198743","SLC5A3",2.4080625885831,2.09925623404371,2.66228239154219,2.48920674583137,2.72513640946657,2.96982637979703,2.11098172651868,2.55239949704221,2.20337617751613,2.26194838174464,2.39733848159439
"ENSG00000198795","ZNF521",0.6754083601235,1.03339314909095,0.198198508895709,0.222702392189739,0.710429436831744,0.615539090588125,0,0,0,0,0
"ENSG00000198797","BRINP2",0.882144763350866,1.03794590502139,0.707458097530273,0.0107260798140012,0,0,0.0285585575498717,0.0457850098296445,0,0,0
"ENSG00000198846","TOX",0.695968396608269,0.583145718948632,0.8006043867285,0.119540455867739,0.0206599095844673,0.0829302743677861,0,0,0.298746657335274,0.28242676446605,0.117450962190655
"ENSG00000198854","KPLCE",0.17520707886171,0.103718031098311,0.243320293145022,0,0,0,0,0,0,0,0
"ENSG00000198862","LTN1",3.54790726963834,3.39022113491893,3.69004396070994,3.45117789129364,3.91725669955274,4.12734454315965,2.98400948138809,3.13730143685789,2.97032225255707,3.18648443571037,3.36799590941079
"ENSG00000198945","L3MBTL3",3.71204898829043,3.15156106016317,4.11469172016355,2.00063137299116,1.90459848040908,2.12079480938041,1.94220456380759,1.5244843510638,1.96383642344708,2.24447591814225,2.18887016371028
"ENSG00000199085","MIR148A",0,0,0,0,0,0,0,0,0,0,0
"ENSG00000203710","CR1",0.166463420744174,0.130435819151411,0.201613202353649,0.00738530492612106,0,0.0231348254063132,0,0.0115493901471379,0.0168142604857224,0,0
"ENSG00000203727","SAMD5",0.134236586836445,0.145081407536635,0.123309627169071,0.160949985464044,0.369732569468955,0.274671979625308,0.394479010924822,0.0141572281091698,0,0,0
"ENSG00000203756","TMEM244",0,0,0,0,0,0,0,0,0,0,0
"ENSG00000203782","LORICRIN",0,0,0,0,0,0,0,0,0,0,0
"ENSG00000203783","PRR9",0.0779720388940656,0.0700410415728341,0.085859675022588,0,0,0,0,0,0,0,0
"ENSG00000203784","LELP1",0,0,0,0,0,0,0,0,0,0,0
"ENSG00000203785","SPRR2E",0.25205985557123,0.15138535444415,0.346164997195146,0.238187364091287,0,0,0.711356109759425,0.695304267163711,0,0,0
"ENSG00000203786","KPRP",0.560421525599958,0.259227197265061,0.80946600541944,0,0,0,0,0,0,0,0
"ENSG00000204091","TDRG1",0,0,0,0.0240782992247052,0,0.160673704491796,0,0,0,0,0
"ENSG00000204179","PTPN20",2.32569305073177,2.25327897799867,2.39464546109654,0.471906503800318,0,0,0.408190496168524,0.332416554622438,0.416983585919846,0.778318827700508,1.05115098594151
"ENSG00000204335","SP5",0.0197224689059787,0.0391789524331701,0,0.0553247751749727,0.15030977888461,0.0407619564878376,0,0,0.0715717604975469,0.11679765373222,0
"ENSG00000204519","ZNF551",2.15561161765616,2.07375244059282,2.23307440473004,1.54314933969341,2.23496769915753,2.20644882488139,1.82959148167633,2.17722751628943,0,0,0
"ENSG00000204706","MAMDC2-AS1",0.102661741512691,0.148323229405324,0.0555076931219755,0.130604562298461,0,0,0.16219863668808,0.424726558465607,0.0989602860237828,0,0.177542766483883
"ENSG00000204860",NA,0.70864386350538,0.576551471233267,0.829649913909849,0.636062540990906,0.211899692816813,0.929687535150578,0.284933633489597,0.290452979976902,1.02295467833454,0.586804309937198,0.879805024389804
"ENSG00000204923","FBXO48",0.834250557826932,0.924394325972784,0.738096734838108,0.59613750716516,0.682174483583145,0.788520658337149,0.170806521956628,0.443234088470141,0.535277930685329,0.714289914944364,0.743778627831935
"ENSG00000204936","CD177",0.210886861617738,0.103833607852718,0.310542167686338,2.82542939685868,0,0.53824322313889,0.0992124356890387,0.0759026465610967,3.9527845787561,3.87329663388328,3.89731236532408
"ENSG00000204941","PSG5",2.63739219106373,2.42402721728033,2.82322941877796,0.871655188024265,1.81239127733667,2.00162778001597,0,0.188269305273484,0,0.204360290993193,0
"ENSG00000205106",NA,0.282928065695177,0.170310187272348,0.387387889004194,0.200330563760313,0,0,0.931717962045146,0.182927365659036,0,0,0
"ENSG00000205927","OLIG2",0,0,0,0,0,0,0,0,0,0,0
"ENSG00000205929","C21orf62",0,0,0,0,0,0,0,0,0,0,0
"ENSG00000205930",NA,0.211763284091968,0.198644794777405,0.224763560515363,0.308530261952991,0.0678758444426727,0.0698201351442233,0.561522589531881,0.920095051364361,0,0.266988917746072,0
"ENSG00000206260","PRR23A",0,0,0,0,0,0,0,0,0,0,0
"ENSG00000206422","LRRC30",0,0,0,0,0,0,0,0,0,0,0
"ENSG00000207562","MIR34C",0,0,0,0,0,0,0,0,0,0,0
"ENSG00000207589","MIR508",0,0,0,0,0,0,0,0,0,0,0
"ENSG00000207627","MIR581",0,0,0,0,0,0,0,0,0,0,0
"ENSG00000207641","MIR510",0,0,0,0,0,0,0,0,0,0,0
"ENSG00000207688","MIR548AA2",0,0,0,0,0,0,0,0,0,0,0
"ENSG00000207689","MIR548A2",0,0,0,0,0,0,0,0,0,0,0
"ENSG00000207731","MIR506",0,0,0,0,0,0,0,0,0,0,0
"ENSG00000207811","MIR34B",0,0,0,0,0,0,0,0,0,0,0
"ENSG00000207866","MIR514A2",0,0,0,0,0,0,0,0,0,0,0
"ENSG00000207868","MIR514A1",0,0,0,0,0,0,0,0,0,0,0
"ENSG00000207954","MIR138-1",0,0,0,0,0,0,0,0,0,0,0
"ENSG00000207969","MIR507",0,0,0,0,0,0,0,0,0,0,0
"ENSG00000208000","MIR509-1",0,0,0,0,0,0,0,0,0,0,0
"ENSG00000211997","MIR708",0,0,0,0,0,0,0,0,0,0,0
"ENSG00000212657","KRTAP16-1",0,0,0,0,0,0,0,0,0,0,0
"ENSG00000212658","KRTAP29-1",0.0876763936415133,0.170328351647441,0,0,0,0,0,0,0,0,0
"ENSG00000212659","KRTAP9-6",0,0,0,0,0,0,0,0,0,0,0
"ENSG00000213022","KLK9",1.68543212645683,1.60415765955638,1.76237113608088,0,0,0,0,0,0,0,0
"ENSG00000213184",NA,0,0,0,0,0,0,0,0,0,0,0
"ENSG00000213762","ZNF134",3.43353594758317,3.20676703913861,3.62945470025645,2.37365748356135,2.45569757217486,2.70536911114711,2.30047365766736,2.57902422098969,1.77908024395882,2.74083759538171,1.70110449622131
"ENSG00000213904","LIPE-AS1",2.62642759118369,2.55490578672372,2.69457054034929,3.4236187882569,4.45485148328412,2.69844488141341,4.58576808234491,3.07544682735104,0.305964301258231,2.8860977631485,2.4903131602382
"ENSG00000214100",NA,0.996505446797754,1.5803012128845,0,0,0,0,0,0,0,0,0
"ENSG00000214216","IQCJ",0,0,0,0,0,0,0,0,0,0,0
"ENSG00000214711","CAPN14",0.15873778022483,0.0591225403672244,0.251916801535173,0.1947374654964,0,0,0.718189985229176,0.450479456114968,0,0,0
"ENSG00000214842","RAD51AP2",0.0959943187229505,0.107574427321277,0.0843205072054506,0.184836803016818,0,0,0.449821606490601,0.669886081657199,0,0,0
"ENSG00000215127",NA,0,0,0,0,0,0,0,0,0,0,0
"ENSG00000215533","LINC00189",0,0,0,0.042811476325469,0,0,0,0,0.156011553933862,0.133080485823959,0
"ENSG00000215853","RPTN",0.0935757703741122,0.0620379140498385,0.124438920336339,0.00663467687888433,0,0,0,0.0458144843012728,0,0,0
"ENSG00000215943","MIR892A",0,0,0,0,0,0,0,0,0,0,0
"ENSG00000216005","MIR888",0,0,0,0,0,0,0,0,0,0,0
"ENSG00000216009","MIR874",0,0,0,0,0,0,0,0,0,0,0
"ENSG00000216056","MIR891A",0,0,0,0,0,0,0,0,0,0,0
"ENSG00000216064","MIR891B",0,0,0,0,0,0,0,0,0,0,0
"ENSG00000216075","MIR890",0,0,0,0,0,0,0,0,0,0,0
"ENSG00000216098","MIR892B",0,0,0,0,0,0,0,0,0,0,0
"ENSG00000216863","LY86-AS1",0,0,0,0,0,0,0,0,0,0,0
"ENSG00000218336","TENM3",4.40071408363224,4.17599869651622,4.59509893460005,0.874263410896032,0.0270592993604775,0.0370687207102369,0,0.0184900041223182,1.18525106784666,1.9267549206555,1.43168960445699
"ENSG00000219451","RPL23P8",0,0,0,0,0,0,0,0,0,0,0
"ENSG00000221227","MIR1305",0,0,0,0,0,0,0,0,0,0,0
"ENSG00000221287","MIR1289-2",0,0,0,0,0,0,0,0,0,0,0
"ENSG00000221348","MIR548F5",0,0,0,0,0,0,0,0,0,0,0
"ENSG00000221371","MIR1265",0,0,0,0,0,0,0,0,0,0,0
"ENSG00000221826","PSG3",0,0,0,0.196512646373037,0,0.256575233423501,0.556637216303884,0.439355972031782,0,0,0
"ENSG00000221878","PSG7",0,0,0,0.0375373146254822,0.097254534339441,0.156767442706612,0,0,0,0,0
"ENSG00000222004","LINC02860",0,0,0,0,0,0,0,0,0,0,0
"ENSG00000222033","LINC01124",0,0,0,0.00796781442995577,0,0,0,0,0,0.0548721304879015,0
"ENSG00000223797","ENTPD3-AS1",1.42453795044257,1.42007803965223,1.42898411645736,2.3578550259774,1.05064680741919,1.41535821590707,1.99395938432098,1.94554505077997,2.90191623832846,2.9672973619367,3.00248932981275
"ENSG00000224043",NA,1.05958709066205,0.80235050438587,1.27782390047393,1.14748190161397,0.347602639228592,0.641759937131505,1.5356905083886,2.04597346138964,1.14220697214676,0.9612349178306,0.576529540545085
"ENSG00000224406","LINC02052",0,0,0,0,0,0,0,0,0,0,0
"ENSG00000224851",NA,0,0,0,0,0,0,0,0,0,0,0
"ENSG00000225298","LINC00113",0.447381422021727,0.628882935885445,0.239714443794535,0.349469268767895,0,0,0.734433248108198,1.17306287312688,0,0,0
"ENSG00000225690",NA,0,0,0,0,0,0,0,0,0,0,0
"ENSG00000225783","MIAT",0.0328031957086837,0.0215932245901085,0.0439267347192612,0.0814760144222998,0.298213057458788,0.137117929214907,0.00668377082213252,0.0158056599343314,0,0.0415141780542684,0.0461708046019027
"ENSG00000225877","PSG8-AS1",0,0,0,0.00674822403303461,0,0,0,0.046587842475195,0,0,0
"ENSG00000226070","LINC00951",0,0,0,0,0,0,0,0,0,0,0
"ENSG00000226263",NA,0,0,0,0,0,0,0,0,0,0,0
"ENSG00000226887","ERVMER34-1",3.58441803035753,3.72931836593698,3.42332258219976,0.25960029061678,0.205330211690706,0.199813636505071,0.50649522828193,0.729386363776269,0,0,0
"ENSG00000226935","LINC00161",0,0,0,0,0,0,0,0,0,0,0
"ENSG00000227115","LINC01630",0.788758447933876,0.542353748250128,0.999154041743458,0.00395958006331027,0,0,0,0.0274915245110033,0,0,0
"ENSG00000227342","LINC00307",0,0,0,0,0,0,0,0,0,0,0
"ENSG00000229009",NA,0.0457956993482185,0,0.0901823126599332,0,0,0,0,0,0,0,0
"ENSG00000229035",NA,0,0,0,0,0,0,0,0,0,0,0
"ENSG00000230417","LINC00595",0,0,0,0.45405810931668,1.50102406986,0.814576300531352,0,0,0,0,0
"ENSG00000230501",NA,0,0,0,0,0,0,0,0,0,0,0
"ENSG00000230539","AOAH-IT1",0,0,0,0,0,0,0,0,0,0,0
"ENSG00000230937","MIR205HG",7.91944288557478,8.11619007299183,7.69156277795974,3.25439822721372,0,0,4.56637651438232,5.25195147713886,0,0,0
"ENSG00000231150",NA,0,0,0,0,0,0,0,0,0,0,0
"ENSG00000231437","LINC01750",0.0399769653725957,0.0491957772644166,0.0306988662851518,0,0,0,0,0,0,0,0
"ENSG00000231924","PSG1",0.0747924852271521,0.0270583686886641,0.120997685988965,0.376183678062689,0.419435951410736,0.530340487343175,0,0,0.634707883679161,0.741367058966003,0.110056993550524
"ENSG00000232021","LEF1-AS1",0,0,0,0,0,0,0,0,0,0,0
"ENSG00000232416","BPESC1",0,0,0,0.00995895687400679,0,0,0,0,0,0,0.0683107978465504
"ENSG00000232554",NA,0,0,0,0,0,0,0,0,0,0,0
"ENSG00000233701","PRR23C",0,0,0,0,0,0,0,0,0,0,0
"ENSG00000234336",NA,0,0,0,0.00928836466740441,0,0,0,0,0,0.0309814283095903,0.0335193971913009
"ENSG00000234492","RPL34-DT",0.0393798548204459,0.0777132954482619,0,0.104868367537895,0,0.233003911448729,0,0,0.132252882601314,0,0.329399746645106
"ENSG00000235172","LINC01366",0.0575101212338429,0,0.112815331311936,0,0,0,0,0,0,0,0
"ENSG00000235942","LCE6A",0,0,0,0,0,0,0,0,0,0,0
"ENSG00000237248","LINC00987",0.265180736658172,0.340490214657526,0.185722501037166,1.16216106818618,0,0,0,0,1.8908870093021,1.85957988982867,2.11363944699224
"ENSG00000237296","SMG1P1",3.73284671682807,3.36628877776403,4.02488533558285,4.28357542655445,3.7988098843047,4.10209066229626,4.81691094197407,5.06755235922409,3.76389918700068,3.70163051934976,4.08076875976324
"ENSG00000237424","FOXD2-AS1",1.01962469575903,1.119841445714,0.911923234714837,2.40572498720931,0.869759025766782,0.871665739892201,3.61517784506636,3.79727875968624,1.25796118896543,1.07447717034845,1.47608275860979
"ENSG00000237515","SHISA9",3.99292267064507,4.08310893676822,3.89672049023887,0.372481567418078,0.046018065107587,0.0239161379351253,0.516454042479679,1.36875819672079,0,0,0
"ENSG00000237575",NA,0.557038322622488,0.783896243172311,0.287728905784164,0.11087124404594,0,0,0,0.0897159959453286,0.398603994910221,0.234830974154734,0
"ENSG00000237945","LINC00649",0.996465636227173,1.06177474945749,0.928059294138421,0.242557236920054,0.326178019576002,0.0174475776218723,0,0.152471425210434,0.0136734146759335,0.260563568044958,0.762832750663811
"ENSG00000238197","PAXBP1-AS1",0.114921227199619,0.14324972270239,0.0860253183283054,0.273756261710584,0.197610804793079,0.262705236874082,0.203698486039242,0.334206225568377,0.30547211879979,0.235820889553738,0.367824976439485
"ENSG00000240012","SLC9A9-AS1",0,0,0,0,0,0,0,0,0,0,0
"ENSG00000240386","LCE1F",0.317359512091965,0.1922898348768,0.432446364045661,0,0,0,0,0,0,0,0
"ENSG00000240505","TNFRSF13B",0,0,0,0.0291780528703067,0,0,0,0,0.192843236578043,0,0
"ENSG00000240596","KCNAB1-AS2",0.275098708791792,0,0.506047137732967,0,0,0,0,0,0,0,0
"ENSG00000240857","RDH14",4.27862163364132,4.23896832269023,4.31721414209385,3.84369955864351,4.04275101796723,4.08325372771683,3.36866807663061,3.31396677794604,3.99893722865782,3.85982975337174,4.02568797241118
"ENSG00000241098","LINC01994",0,0,0,0,0,0,0,0,0,0,0
"ENSG00000241595","KRTAP9-4",0,0,0,0,0,0,0,0,0,0,0
"ENSG00000241684","ADAMTS9-AS2",0.012872863519722,0,0.025631880275734,0,0,0,0,0,0,0,0
"ENSG00000241749","RPSAP52",4.05712364960538,3.92909058903579,4.17471471063558,0.133656555455278,0.609393738672557,0.0842553583888787,0,0,0.129265610991882,0,0
"ENSG00000241794","SPRR2A",0.948489121241372,0.511656662528218,1.28333787832203,2.66428093223858,0,0,3.9525256465352,4.57843931057725,0,0,0
"ENSG00000242193","CRYZL2P",2.96100057661714,2.83261059055015,3.0788926181206,2.0729601329452,1.9192481683421,2.29039293210289,3.14077440934257,3.16322652310474,0,0,0
"ENSG00000242221","PSG2",0.0341083372497195,0,0.0674288713274773,0.00888922739884898,0,0.0611042114849903,0,0,0,0,0
"ENSG00000242370","KCNAB1-AS1",0,0,0,0,0,0,0,0,0,0,0
"ENSG00000242808","SOX2-OT",0.110980902873891,0.214030937945925,0,0.163641920955284,0.425829861407555,0,0,0.0511421242723926,0.547300117149167,0,0
"ENSG00000243130","PSG11",0,0,0,0.0807410875132146,0.249717776830068,0.279713233493013,0,0,0,0,0
"ENSG00000243137","PSG4",0.138956501241942,0.0877836870833821,0.188376206533172,1.04587981351694,0.739482880842926,0.964506371356924,0,0,1.65385332769781,1.60336077012361,1.40390546920395
"ENSG00000243543","WFDC6",0.0925735038130377,0.179563326242082,0,0,0,0,0,0,0,0,0
"ENSG00000243716","NPIPB5",6.31979826726553,6.17447483699862,6.45181351466216,6.27225183819277,5.97026341451774,6.06887759163981,7.17358781781268,7.52365785634801,4.95186395521739,4.84724628244007,4.53035417731061
"ENSG00000243927","MRPS6",5.39206242467394,5.52279529237775,5.24829165728576,6.16499860844413,6.41129775620127,6.4897393565054,4.77351591885626,4.78176048434921,6.56580415313556,6.42728398720061,6.51803723291127
"ENSG00000244057","LCE3C",0,0,0,0,0,0,0,0,0,0,0
"ENSG00000244094","SPRR2F",0,0,0,0.0849080643949864,0,0,0.143576681880522,0.168844024731392,0.257666463235803,0,0
"ENSG00000245164","LINC00861",0,0,0,0,0,0,0,0,0,0,0
"ENSG00000247775","SNCA-AS1",0.0760629663511989,0.0317447729140788,0.119060224902076,0,0,0,0,0,0,0,0
"ENSG00000248049","UBA6-DT",3.43362815122113,3.42274658341581,3.44442825853089,2.82319346456394,2.63666344425525,2.80079857713648,2.66152686329752,2.34496850758452,2.93162102962085,3.16184059260676,3.06468171395683
"ENSG00000248118","LINC01019",0,0,0,0,0,0,0,0,0,0,0
"ENSG00000248124",NA,2.01980012240943,1.8767387804422,2.14994621995743,0.669239405129426,0.034063410580202,0,0,0.0676910146624271,1.36255792765308,1.26594459290909,1.0589797644455
"ENSG00000248257",NA,0,0,0,0.0153921509596218,0,0,0,0,0,0,0.104448046762849
"ENSG00000248587",NA,0.437854123387889,0.272825689752655,0.585927961485262,0.517524893264762,1.41046667306637,1.24016126170079,0,0,0,0,0
"ENSG00000249139","EPPIN-WFDC6",0,0,0,0,0,0,0,0,0,0,0
"ENSG00000249378","LINC01060",2.89357481940963,2.75039413958154,3.02381965892823,1.75274793856616,0,0.0372841250249043,0,0,2.01559243732235,3.11566482475871,2.77664083930247
"ENSG00000250026","TMPRSS11BNL",0,0,0,0,0,0,0,0,0,0,0
"ENSG00000250302","LINC01618",0,0,0,0,0,0,0,0,0,0,0
"ENSG00000250426","FTLP10",0,0,0,0,0,0,0,0,0,0,0
"ENSG00000250741","NT5C1B-RDH14",0,0,0,0,0,0,0,0,0,0,0
"ENSG00000251045","SLC25A48-AS1",0,0,0,0,0,0,0,0,0,0,0
"ENSG00000252583","MIR514B",0,0,0,0,0,0,0,0,0,0,0
"ENSG00000253314","LINC00293",0,0,0,0,0,0,0,0,0,0,0
"ENSG00000254598","CSNK2A3",0.570876455894277,0.591849837476157,0.549593667256804,0.0792152940349625,0,0.142484767533853,0.110234170185435,0.146452249521839,0,0.144112437673579,0
"ENSG00000255282","WTAPP1",0.655971574621998,0.40378249342648,0.8705671142278,0.00389317560060315,0,0,0.0270341517138809,0,0,0,0
"ENSG00000255529","POLR2M",4.24933420875913,4.1087205126459,4.37745178911738,4.13115902770618,3.97115429822453,3.99742898385064,4.12113014559782,3.82745618333828,4.24405111045015,4.27750004199173,4.39672830610689
"ENSG00000255690","TRIL",0,0,0,0.976487350842711,0,0,2.22026166150227,2.04050731033308,0,0,0
"ENSG00000255693","LINC02389",0,0,0,0.00345784149383597,0,0,0,0.0240326349161811,0,0,0
"ENSG00000256069",NA,0,0,0,0.602865446918125,0,0,0,0,1.12317323747882,1.24016962355334,1.06391128848112
"ENSG00000256162","SMLR1",0,0,0,0.00661106794602202,0,0,0,0,0,0.0456536418232682,0
"ENSG00000256574","OR13A1",0,0,0,0.00905133486387358,0,0,0,0,0,0,0.0621982748972233
"ENSG00000257138","TAS2R38",0,0,0,0,0,0,0,0,0,0,0
"ENSG00000257335","MGAM",0.907747789497106,0.773551824612303,1.03051656813253,0.0175461273640781,0.0251835878745908,0.00869533216414426,0.0145370945378845,0.0729596285663726,0,0,0
"ENSG00000257838",NA,0.202595746866147,0.291354563571028,0.108016161554138,0.094458707481479,0,0,0,0.0780726290705565,0,0.125498862567487,0.408343953972127
"ENSG00000258083","OR9A4",0,0,0,0,0,0,0,0,0,0,0
"ENSG00000258227","CLEC5A",0.231404880332436,0.0633559512125416,0.381905357401308,0.00925307998518544,0,0,0,0.063558866601192,0,0,0
"ENSG00000259315","ACTG1P17",0.750008920675894,0.154394777868101,1.17034289439865,0.808104819438815,0.739589644510721,0.90282905459612,0.465554294661479,0.460537539359823,0.477123000841559,0.80365618050447,1.49700065353771
"ENSG00000259404",NA,0,0,0,0.166245194516614,0.699698543101841,0.299565710584521,0,0,0,0,0
"ENSG00000261742","LINC00922",0,0,0,0.0330321879475673,0,0.147356497166814,0,0.0766738104013741,0,0,0
"ENSG00000262943",NA,2.15493284240071,1.82579651980567,2.42275280251968,0.963227907576079,0.0366669430380508,0,2.07619459152844,2.13914034134599,0,0,0
"ENSG00000263476","MIR3156-1",0,0,0,0,0,0,0,0,0,0,0
"ENSG00000263690","MIR548D2",0,0,0,0,0,0,0,0,0,0,0
"ENSG00000263813","MIR3679",0,0,0,0,0,0,0,0,0,0,0
"ENSG00000265060",NA,0,0,0,0,0,0,0,0,0,0,0
"ENSG00000265140","MIR4301",0,0,0,0,0,0,0,0,0,0,0
"ENSG00000265485","LINC01915",0,0,0,0,0,0,0,0,0,0,0
"ENSG00000265789","MIR4330",0,0,0,0,0,0,0,0,0,0,0
"ENSG00000265933","LINC00668",0.0203364774341587,0,0.0403902685636329,0.084115563083863,0,0,0,0,0.0567569040334289,0.343510952077322,0.152245931091797
"ENSG00000265992","ESRG",0.323161398422359,0.418260304204165,0.221348644457155,0.00378705724143778,0,0,0,0.0263029848302892,0,0,0
"ENSG00000266415","MIR4636",0,0,0,0,0,0,0,0,0,0,0
"ENSG00000266570","MIR5579",0,0,0,0,0,0,0,0,0,0,0
"ENSG00000266645","MIR4299",0,0,0,0,0,0,0,0,0,0,0
"ENSG00000269893","SNHG8",7.65638671657006,7.76140850441602,7.54311534843824,6.66187725163892,6.68353147988464,6.65436324274994,5.66669562058347,5.92103429459228,7.08682876548636,6.87569050316739,7.13460702961099
"ENSG00000270106","TSNAX-DISC1",0,0,0,0.081031751751333,0.0400498959993388,0.212120599005213,0.0882880297767722,0.171935878878309,0,0,0.0401260084407317
"ENSG00000272568","CPVL-AS2",0,0,0,0.348709313584997,0,0,1.14405332306184,0.768870672373961,0,0,0
