Category,CategoryID,GO,Description,PARENT_GO,LogP,Enrichment,Z-score,#TotalGeneInLibrary,#GeneInGO,#GeneInHitList,#GeneInGOAndHitList,%InGO,STDV %InGO,GeneID,Hits,Log(q-value),GeneList
WikiPathways,27,WP5316,Primary ovarian insufficiency,,-6,5.5,6.9,30293,174,415,13,3.1,0.86,186|594|1730|1901|5096|5618|7049|7516|11077|30812|57167|93426|402381,AGTR2|BCKDHB|DIAPH2|S1PR1|PCCB|PRLR|TGFBR3|XRCC2|HSF2BP|SOX8|SALL4|SYCE1|SOHLH1,-1.7,gene
CORUM,33,CORUM:3162,TF-FVIIa-FXa-TFPI complex,,-5,55,13,30293,4,415,3,0.72,0.42,2155|2159|7035,F7|F10|TFPI,-1.2,gene
CORUM,33,CORUM:6276,Factor-Xa-TFPI-factor-VIIa-tissue factor complex,,-5,55,13,30293,4,415,3,0.72,0.42,2155|2159|7035,F7|F10|TFPI,-1.2,gene
GO Biological Processes,19,GO:0006568,tryptophan metabolic process,19_GO:0008152 metabolic process,-5,27,10,30293,11,415,4,0.96,0.48,538|3620|8942|169355,ATP7A|IDO1|KYNU|IDO2,-1.2,gene
GO Biological Processes,19,GO:0006586,indolalkylamine metabolic process,19_GO:0008152 metabolic process,-4.6,22,9.1,30293,13,415,4,0.96,0.48,538|3620|8942|169355,ATP7A|IDO1|KYNU|IDO2,-1.1,gene
GO Biological Processes,19,GO:0019441,tryptophan catabolic process to kynurenine,19_GO:0008152 metabolic process,-4.6,44,11,30293,5,415,3,0.72,0.42,3620|8942|169355,IDO1|KYNU|IDO2,-1.1,gene
Reactome Gene Sets,6,R-HSA-140834,Extrinsic Pathway of Fibrin Clot Formation,,-4.6,44,11,30293,5,415,3,0.72,0.42,2155|2159|7035,F7|F10|TFPI,-1.1,gene
GO Biological Processes,19,GO:0051715,cytolysis in another organism,19_GO:0044419 biological process involved in interspecies interaction between organisms,-4.3,36,10,30293,6,415,3,0.72,0.42,2633|2634|388646,GBP1|GBP2|GBP7,-0.92,gene
GO Biological Processes,19,GO:0034354,'de novo' NAD biosynthetic process from tryptophan,19_GO:0008152 metabolic process,-4.3,36,10,30293,6,415,3,0.72,0.42,3620|8942|169355,IDO1|KYNU|IDO2,-0.92,gene
GO Biological Processes,19,GO:0009074,aromatic amino acid family catabolic process,19_GO:0008152 metabolic process,-4.3,18,8.1,30293,16,415,4,0.96,0.48,3081|3620|8942|169355,HGD|IDO1|KYNU|IDO2,-0.92,gene
GO Biological Processes,19,GO:0009072,aromatic amino acid metabolic process,19_GO:0008152 metabolic process,-4.2,12,7.1,30293,31,415,5,1.2,0.54,538|3081|3620|8942|169355,ATP7A|HGD|IDO1|KYNU|IDO2,-0.92,gene
GO Biological Processes,19,GO:0016310,phosphorylation,19_GO:0008152 metabolic process,-4.2,2.4,4.6,30293,720,415,24,5.8,1.1,205|3600|4921|5166|5230|5564|5567|5586|5602|5618|9262|11113|23262|26289|51231|51347|51765|57118|57143|79158|282974|283455|285220|375133,AK4|IL15|DDR2|PDK4|PGK1|PRKAB1|PRKACB|PKN2|MAPK10|PRLR|STK17B|CIT|PPIP5K2|AK5|VRK3|TAOK3|STK26|CAMK1D|ADCK1|GNPTAB|STK32C|KSR2|EPHA6|PI4KAP2,-0.91,gene
GO Biological Processes,19,GO:0051057,positive regulation of small GTPase mediated signal transduction,19_GO:0048518 positive regulation of biological process,-4.1,6.7,5.9,30293,76,415,7,1.7,0.63,1281|3685|10982|23263|26053|50937|90167,COL3A1|ITGAV|MAPRE2|MCF2L|AUTS2|CDON|FRMD7,-0.9,gene
GO Biological Processes,19,GO:0034627,'de novo' NAD biosynthetic process,19_GO:0008152 metabolic process,-4.1,31,9.4,30293,7,415,3,0.72,0.42,3620|8942|169355,IDO1|KYNU|IDO2,-0.9,gene
GO Biological Processes,19,GO:0019835,cytolysis,19_GO:0009987 cellular process,-4.1,31,9.4,30293,7,415,3,0.72,0.42,2633|2634|388646,GBP1|GBP2|GBP7,-0.9,gene
GO Biological Processes,19,GO:0030199,collagen fibril organization,19_GO:0009987 cellular process,-3.8,7.4,5.8,30293,59,415,6,1.4,0.59,538|1281|1290|4015|4921|80781,ATP7A|COL3A1|COL5A2|LOX|DDR2|COL18A1,-0.67,gene
GO Biological Processes,19,GO:0098662,inorganic cation transmembrane transport,19_GO:0051179 localization,-3.7,2.4,4.3,30293,628,415,21,5.1,1.1,22|538|774|1327|1349|2904|3685|3708|3748|3751|5250|7226|8671|8912|11254|25998|30061|57380|57582|84061|127124,ABCB7|ATP7A|CACNA1B|COX4I1|COX7B|GRIN2B|ITGAV|ITPR1|KCNC3|KCND2|SLC25A3|TRPM2|SLC4A4|CACNA1H|SLC6A14|IBTK|SLC40A1|MRS2|KCNT1|MAGT1|ATP6V1G3,-0.63,gene
GO Biological Processes,19,GO:0006569,tryptophan catabolic process,19_GO:0008152 metabolic process,-3.7,24,8.3,30293,9,415,3,0.72,0.42,3620|8942|169355,IDO1|KYNU|IDO2,-0.63,gene
GO Biological Processes,19,GO:0042436,indole-containing compound catabolic process,19_GO:0008152 metabolic process,-3.7,24,8.3,30293,9,415,3,0.72,0.42,3620|8942|169355,IDO1|KYNU|IDO2,-0.63,gene
GO Biological Processes,19,GO:0035239,tube morphogenesis,19_GO:0032502 developmental process,-3.7,2.4,4.2,30293,682,415,22,5.3,1.1,317|367|1281|1901|2822|3169|3685|3953|4015|4435|5567|5787|5795|6935|7049|8322|10352|27286|30812|57167|80781|83478,APAF1|AR|COL3A1|S1PR1|GPLD1|FOXA1|ITGAV|LEPR|LOX|CITED1|PRKACB|PTPRB|PTPRJ|ZEB1|TGFBR3|FZD4|WARS2|SRPX2|SOX8|SALL4|COL18A1|ARHGAP24,-0.63,gene
GO Biological Processes,19,GO:0042430,indole-containing compound metabolic process,19_GO:0008152 metabolic process,-3.6,13,6.6,30293,23,415,4,0.96,0.48,538|3620|8942|169355,ATP7A|IDO1|KYNU|IDO2,-0.6,gene
GO Biological Processes,19,GO:0098655,monoatomic cation transmembrane transport,19_GO:0051179 localization,-3.6,2.4,4.2,30293,644,415,21,5.1,1.1,22|538|774|1327|1349|2904|3685|3708|3748|3751|5250|7226|8671|8912|11254|25998|30061|57380|57582|84061|127124,ABCB7|ATP7A|CACNA1B|COX4I1|COX7B|GRIN2B|ITGAV|ITPR1|KCNC3|KCND2|SLC25A3|TRPM2|SLC4A4|CACNA1H|SLC6A14|IBTK|SLC40A1|MRS2|KCNT1|MAGT1|ATP6V1G3,-0.6,gene
KEGG Pathway,24,hsa00513,Various types of N-glycan biosynthesis,,-3.6,8.7,5.9,30293,42,415,5,1.2,0.54,4121|25834|56052|79087|84061,MAN1A1|MGAT4C|ALG1|ALG12|MAGT1,-0.6,gene
GO Biological Processes,19,GO:0048251,elastic fiber assembly,19_GO:0009987 cellular process,-3.5,22,7.8,30293,10,415,3,0.72,0.42,538|1281|4015,ATP7A|COL3A1|LOX,-0.58,gene
GO Biological Processes,19,GO:0051056,regulation of small GTPase mediated signal transduction,19_GO:0050896 response to stimulus,-3.5,3.1,4.4,30293,303,415,13,3.1,0.86,1281|3685|4983|10982|23229|23263|26053|50937|55843|83478|90167|143872|285282,COL3A1|ITGAV|OPHN1|MAPRE2|ARHGEF9|MCF2L|AUTS2|CDON|ARHGAP15|ARHGAP24|FRMD7|ARHGAP42|RABL3,-0.56,gene
GO Biological Processes,19,GO:0009261,ribonucleotide catabolic process,19_GO:0008152 metabolic process,-3.4,5.3,5,30293,96,415,7,1.7,0.63,1806|4907|5142|5230|8654|8801|441531,DPYD|NT5E|PDE4B|PGK1|PDE5A|SUCLG2|PGAM4,-0.54,gene
GO Biological Processes,19,GO:0070189,kynurenine metabolic process,19_GO:0008152 metabolic process,-3.4,20,7.4,30293,11,415,3,0.72,0.42,3620|8942|169355,IDO1|KYNU|IDO2,-0.54,gene
GO Biological Processes,19,GO:0018158,protein oxidation,19_GO:0008152 metabolic process,-3.4,20,7.4,30293,11,415,3,0.72,0.42,4015|54495|285362,LOX|TMX3|SUMF1,-0.54,gene
WikiPathways,27,WP5414,IDO metabolic pathway,,-3.4,20,7.4,30293,11,415,3,0.72,0.42,3620|8942|169355,IDO1|KYNU|IDO2,-0.54,gene
Reactome Gene Sets,6,R-HSA-174411,Polymerase switching on the C-strand of the telomere,,-3.4,11,6.2,30293,26,415,4,0.96,0.48,5424|5985|25913|63922,POLD1|RFC5|POT1|CHTF18,-0.54,gene
GO Biological Processes,19,GO:0042537,benzene-containing compound metabolic process,19_GO:0008152 metabolic process,-3.4,11,6.2,30293,26,415,4,0.96,0.48,1571|3620|8942|169355,CYP2E1|IDO1|KYNU|IDO2,-0.54,gene
GO Biological Processes,19,GO:0003158,endothelium development,19_GO:0032502 developmental process,-3.3,5.1,4.9,30293,100,415,7,1.7,0.63,1901|4478|8322|11167|30061|57826|80781,S1PR1|MSN|FZD4|FSTL1|SLC40A1|RAP2C|COL18A1,-0.5,gene
GO Biological Processes,19,GO:0098660,inorganic ion transmembrane transport,19_GO:0051179 localization,-3.3,2.2,3.9,30293,724,415,22,5.3,1.1,22|538|774|1080|1327|1349|2904|3685|3708|3748|3751|5250|7226|8671|8912|11254|25998|30061|57380|57582|84061|127124,ABCB7|ATP7A|CACNA1B|CFTR|COX4I1|COX7B|GRIN2B|ITGAV|ITPR1|KCNC3|KCND2|SLC25A3|TRPM2|SLC4A4|CACNA1H|SLC6A14|IBTK|SLC40A1|MRS2|KCNT1|MAGT1|ATP6V1G3,-0.5,gene
Reactome Gene Sets,6,R-HSA-9012999,RHO GTPase cycle,,-3.3,2.6,4,30293,449,415,16,3.9,0.95,1080|1730|4690|4983|5586|7112|8654|9886|11113|23074|23229|23263|51347|55843|83478|143872,CFTR|DIAPH2|NCK1|OPHN1|PKN2|TMPO|PDE5A|RHOBTB1|CIT|BLTP3B|ARHGEF9|MCF2L|TAOK3|ARHGAP15|ARHGAP24|ARHGAP42,-0.46,gene
GO Biological Processes,19,GO:0072523,purine-containing compound catabolic process,19_GO:0008152 metabolic process,-3.2,4.9,4.7,30293,104,415,7,1.7,0.63,1806|4907|5142|5230|8654|8801|441531,DPYD|NT5E|PDE4B|PGK1|PDE5A|SUCLG2|PGAM4,-0.44,gene
KEGG Pathway,24,hsa04530,Tight junction,,-3.2,3.9,4.4,30293,170,415,9,2.2,0.72,1080|1741|4478|5564|5567|5602|57180|57826|79784,CFTR|DLG3|MSN|PRKAB1|PRKACB|MAPK10|ACTR3B|RAP2C|MYH14,-0.44,gene
GO Biological Processes,19,GO:0001101,response to acid chemical,19_GO:0050896 response to stimulus,-3.2,4.2,4.5,30293,139,415,8,1.9,0.67,538|1281|1290|2155|6935|80781|664614|693122,ATP7A|COL3A1|COL5A2|F7|ZEB1|COL18A1|MIR545|MIR421,-0.42,gene
GO Biological Processes,19,GO:0035265,organ growth,19_GO:0040007 growth,-3.2,4.8,4.6,30293,107,415,7,1.7,0.63,367|1901|3953|4921|5618|7049|51124,AR|S1PR1|LEPR|DDR2|PRLR|TGFBR3|IER3IP1,-0.42,gene
Reactome Gene Sets,6,R-HSA-1221632,Meiotic synapsis,,-3.1,5.6,4.8,30293,78,415,6,1.4,0.59,10274|10388|10735|25913|50511|93426,STAG1|SYCP2|STAG2|POT1|SYCP3|SYCE1,-0.42,gene
GO Biological Processes,19,GO:0006520,amino acid metabolic process,19_GO:0008152 metabolic process,-3.1,3,4.1,30293,290,415,12,2.9,0.82,538|594|1806|3081|3620|5096|7915|8942|10352|23576|54529|169355,ATP7A|BCKDHB|DPYD|HGD|IDO1|PCCB|ALDH5A1|KYNU|WARS2|DDAH1|ASNSD1|IDO2,-0.42,gene
GO Biological Processes,19,GO:0009063,amino acid catabolic process,19_GO:0008152 metabolic process,-3.1,4.7,4.6,30293,108,415,7,1.7,0.63,594|3081|3620|7915|8942|23576|169355,BCKDHB|HGD|IDO1|ALDH5A1|KYNU|DDAH1|IDO2,-0.42,gene
KEGG Pathway,24,hsa00510,N-Glycan biosynthesis,,-3.1,6.9,5.1,30293,53,415,5,1.2,0.54,4121|25834|56052|79087|84061,MAN1A1|MGAT4C|ALG1|ALG12|MAGT1,-0.42,gene
GO Biological Processes,19,GO:0045197,establishment or maintenance of epithelial cell apical/basal polarity,19_GO:0009987 cellular process,-3.1,6.9,5.1,30293,53,415,5,1.2,0.54,1741|4478|4983|23418|51248,DLG3|MSN|OPHN1|CRB1|PDZD11,-0.42,gene
GO Biological Processes,19,GO:0046031,ADP metabolic process,19_GO:0008152 metabolic process,-3.1,6.9,5.1,30293,53,415,5,1.2,0.54,205|4907|5230|26289|441531,AK4|NT5E|PGK1|AK5|PGAM4,-0.42,gene
WikiPathways,27,WP2858,Ectoderm differentiation,,-3.1,4.1,4.4,30293,142,415,8,1.9,0.67,5787|7226|8322|23229|50937|54521|55843|79776,PTPRB|TRPM2|FZD4|ARHGEF9|CDON|WDR44|ARHGAP15|ZFHX4,-0.42,gene
GO Biological Processes,19,GO:0048589,developmental growth,19_GO:0040007 growth,-3.1,2.6,3.9,30293,422,415,15,3.6,0.92,214|367|546|1281|1901|3953|4921|5618|7049|7516|26053|51124|54892|57167|259266,ALCAM|AR|ATRX|COL3A1|S1PR1|LEPR|DDR2|PRLR|TGFBR3|XRCC2|AUTS2|IER3IP1|NCAPG2|SALL4|ASPM,-0.42,gene
GO Biological Processes,19,GO:0040007,growth,19_GO:0040007 growth,-3.1,2.6,3.9,30293,422,415,15,3.6,0.92,214|367|546|1281|1901|3953|4921|5618|7049|7516|26053|51124|54892|57167|259266,ALCAM|AR|ATRX|COL3A1|S1PR1|LEPR|DDR2|PRLR|TGFBR3|XRCC2|AUTS2|IER3IP1|NCAPG2|SALL4|ASPM,-0.42,gene
Reactome Gene Sets,6,R-HSA-71240,Tryptophan catabolism,,-3.1,16,6.5,30293,14,415,3,0.72,0.42,3620|8942|169355,IDO1|KYNU|IDO2,-0.42,gene
Reactome Gene Sets,6,R-HSA-194315,Signaling by Rho GTPases,,-3.1,2.2,3.7,30293,706,415,21,5.1,1.1,367|1080|1730|4690|4983|5586|7112|8654|9886|11113|23074|23229|23263|25909|51347|54821|55843|79784|83478|83540|143872,AR|CFTR|DIAPH2|NCK1|OPHN1|PKN2|TMPO|PDE5A|RHOBTB1|CIT|BLTP3B|ARHGEF9|MCF2L|AHCTF1|TAOK3|ERCC6L|ARHGAP15|MYH14|ARHGAP24|NUF2|ARHGAP42,-0.42,gene
WikiPathways,27,WP2853,Endoderm differentiation,,-3.1,4.1,4.3,30293,144,415,8,1.9,0.67,3169|8450|10973|23576|54892|79577|79776|121536,FOXA1|CUL4B|ASCC3|DDAH1|NCAPG2|CDC73|ZFHX4|AEBP2,-0.42,gene
GO Biological Processes,19,GO:0045446,endothelial cell differentiation,19_GO:0032502 developmental process,-3,5.3,4.6,30293,83,415,6,1.4,0.59,1901|4478|8322|11167|57826|80781,S1PR1|MSN|FZD4|FSTL1|RAP2C|COL18A1,-0.39,gene
GO Biological Processes,19,GO:0048514,blood vessel morphogenesis,19_GO:0032502 developmental process,-3,2.5,3.8,30293,431,415,15,3.6,0.92,1281|1901|2822|3685|3953|4015|4435|5787|5795|7049|8322|10352|27286|80781|83478,COL3A1|S1PR1|GPLD1|ITGAV|LEPR|LOX|CITED1|PTPRB|PTPRJ|TGFBR3|FZD4|WARS2|SRPX2|COL18A1|ARHGAP24,-0.39,gene
WikiPathways,27,WP2857,Mesodermal commitment pathway,,-3,3.9,4.2,30293,148,415,8,1.9,0.67,3169|8322|8450|10973|23576|54892|79776|121536,FOXA1|FZD4|CUL4B|ASCC3|DDAH1|NCAPG2|ZFHX4|AEBP2,-0.39,gene
GO Biological Processes,19,GO:0001568,blood vessel development,19_GO:0032502 developmental process,-3,2.4,3.7,30293,526,415,17,4.1,0.97,538|1281|1901|2822|3685|3953|4015|4435|5787|5795|7049|8322|10352|26259|27286|80781|83478,ATP7A|COL3A1|S1PR1|GPLD1|ITGAV|LEPR|LOX|CITED1|PTPRB|PTPRJ|TGFBR3|FZD4|WARS2|FBXW8|SRPX2|COL18A1|ARHGAP24,-0.39,gene
Reactome Gene Sets,6,R-HSA-9013149,RAC1 GTPase cycle,,-3,3.6,4.1,30293,185,415,9,2.2,0.72,4983|5586|7112|11113|23263|51347|55843|83478|143872,OPHN1|PKN2|TMPO|CIT|MCF2L|TAOK3|ARHGAP15|ARHGAP24|ARHGAP42,-0.39,gene
GO Biological Processes,19,GO:0061245,establishment or maintenance of bipolar cell polarity,19_GO:0009987 cellular process,-3,6.4,4.8,30293,57,415,5,1.2,0.54,1741|4478|4983|23418|51248,DLG3|MSN|OPHN1|CRB1|PDZD11,-0.39,gene
GO Biological Processes,19,GO:0035088,establishment or maintenance of apical/basal cell polarity,19_GO:0009987 cellular process,-3,6.4,4.8,30293,57,415,5,1.2,0.54,1741|4478|4983|23418|51248,DLG3|MSN|OPHN1|CRB1|PDZD11,-0.39,gene
Reactome Gene Sets,6,R-HSA-9716542,"Signaling by Rho GTPases, Miro GTPases and RHOBTB3",,-3,2.1,3.6,30293,722,415,21,5.1,1.1,367|1080|1730|4690|4983|5586|7112|8654|9886|11113|23074|23229|23263|25909|51347|54821|55843|79784|83478|83540|143872,AR|CFTR|DIAPH2|NCK1|OPHN1|PKN2|TMPO|PDE5A|RHOBTB1|CIT|BLTP3B|ARHGEF9|MCF2L|AHCTF1|TAOK3|ERCC6L|ARHGAP15|MYH14|ARHGAP24|NUF2|ARHGAP42,-0.39,gene
KEGG Pathway,24,hsa04621,NOD-like receptor signaling pathway,,-3,3.5,4.1,30293,186,415,9,2.2,0.72,331|2633|2634|3708|4210|5586|5602|7226|388646,XIAP|GBP1|GBP2|ITPR1|MEFV|PKN2|MAPK10|TRPM2|GBP7,-0.39,gene
GO Biological Processes,19,GO:0071230,cellular response to amino acid stimulus,19_GO:0050896 response to stimulus,-3,5.2,4.5,30293,85,415,6,1.4,0.59,538|1281|1290|6935|664614|693122,ATP7A|COL3A1|COL5A2|ZEB1|MIR545|MIR421,-0.39,gene
GO Biological Processes,19,GO:1903846,positive regulation of cellular response to transforming growth factor beta stimulus,19_GO:0048518 positive regulation of biological process,-2.9,8.6,5.2,30293,34,415,4,0.96,0.48,4435|7049|9839|22938,CITED1|TGFBR3|ZEB2|SNW1,-0.39,gene
GO Biological Processes,19,GO:0030511,positive regulation of transforming growth factor beta receptor signaling pathway,19_GO:0048518 positive regulation of biological process,-2.9,8.6,5.2,30293,34,415,4,0.96,0.48,4435|7049|9839|22938,CITED1|TGFBR3|ZEB2|SNW1,-0.39,gene
Reactome Gene Sets,6,R-HSA-174417,Telomere C-strand (Lagging Strand) Synthesis,,-2.9,8.6,5.2,30293,34,415,4,0.96,0.48,5424|5985|25913|63922,POLD1|RFC5|POT1|CHTF18,-0.39,gene
GO Biological Processes,19,GO:0007420,brain development,19_GO:0032502 developmental process,-2.9,2.1,3.6,30293,727,415,21,5.1,1.1,186|317|538|546|1281|1901|2904|4435|4983|6935|8322|50937|51124|51377|54510|55681|79633|80055|85358|85442|259266,AGTR2|APAF1|ATP7A|ATRX|COL3A1|S1PR1|GRIN2B|CITED1|OPHN1|ZEB1|FZD4|CDON|IER3IP1|UCHL5|PCDH18|SCYL2|FAT4|PGAP1|SHANK3|KNDC1|ASPM,-0.38,gene
Reactome Gene Sets,6,R-HSA-1474165,Reproduction,,-2.9,3.8,4.1,30293,154,415,8,1.9,0.67,49|10274|10388|10735|25913|50511|93426|126123,ACR|STAG1|SYCP2|STAG2|POT1|SYCP3|SYCE1|IZUMO2,-0.34,gene
Reactome Gene Sets,6,R-HSA-2022090,Assembly of collagen fibrils and other multimeric structures,,-2.8,6,4.6,30293,61,415,5,1.2,0.54,1281|1290|4015|80781|255631,COL3A1|COL5A2|LOX|COL18A1|COL24A1,-0.32,gene
Reactome Gene Sets,6,R-HSA-163841,"Gamma carboxylation, hypusinylation, hydroxylation, and arylsulfatase activation",,-2.8,6,4.6,30293,61,415,5,1.2,0.54,2155|2159|22901|84864|285362,F7|F10|ARSG|RIOX2|SUMF1,-0.32,gene
GO Biological Processes,19,GO:0009166,nucleotide catabolic process,19_GO:0008152 metabolic process,-2.8,4.2,4.2,30293,122,415,7,1.7,0.63,1806|4907|5142|5230|8654|8801|441531,DPYD|NT5E|PDE4B|PGK1|PDE5A|SUCLG2|PGAM4,-0.32,gene
GO Biological Processes,19,GO:0009154,purine ribonucleotide catabolic process,19_GO:0008152 metabolic process,-2.8,4.9,4.3,30293,90,415,6,1.4,0.59,4907|5142|5230|8654|8801|441531,NT5E|PDE4B|PGK1|PDE5A|SUCLG2|PGAM4,-0.32,gene
GO Biological Processes,19,GO:0001944,vasculature development,19_GO:0032502 developmental process,-2.8,2.3,3.5,30293,546,415,17,4.1,0.97,538|1281|1901|2822|3685|3953|4015|4435|5787|5795|7049|8322|10352|26259|27286|80781|83478,ATP7A|COL3A1|S1PR1|GPLD1|ITGAV|LEPR|LOX|CITED1|PTPRB|PTPRJ|TGFBR3|FZD4|WARS2|FBXW8|SRPX2|COL18A1|ARHGAP24,-0.31,gene
GO Biological Processes,19,GO:0070085,glycosylation,19_GO:0008152 metabolic process,-2.8,3.1,3.8,30293,235,415,10,2.4,0.75,4121|25834|29071|56052|79087|81849|84061|160335|283464|360203,MAN1A1|MGAT4C|C1GALT1C1|ALG1|ALG12|ST6GALNAC5|MAGT1|TMTC2|GXYLT1|GLT6D1,-0.31,gene
GO Biological Processes,19,GO:1901137,carbohydrate derivative biosynthetic process,19_GO:0008152 metabolic process,-2.8,2.2,3.5,30293,596,415,18,4.3,1,205|538|2984|4121|4710|4907|25834|26289|29071|51097|56052|79087|80055|81849|84061|92126|160335|283464,AK4|ATP7A|GUCY2C|MAN1A1|NDUFB4|NT5E|MGAT4C|AK5|C1GALT1C1|SCCPDH|ALG1|ALG12|PGAP1|ST6GALNAC5|MAGT1|DSEL|TMTC2|GXYLT1,-0.31,gene
GO Biological Processes,19,GO:0043200,response to amino acid,19_GO:0050896 response to stimulus,-2.8,4.1,4.1,30293,124,415,7,1.7,0.63,538|1281|1290|2155|6935|664614|693122,ATP7A|COL3A1|COL5A2|F7|ZEB1|MIR545|MIR421,-0.31,gene
GO Biological Processes,19,GO:0009101,glycoprotein biosynthetic process,19_GO:0008152 metabolic process,-2.8,2.9,3.7,30293,277,415,11,2.7,0.79,538|4121|25834|29071|56052|79087|81849|84061|92126|160335|283464,ATP7A|MAN1A1|MGAT4C|C1GALT1C1|ALG1|ALG12|ST6GALNAC5|MAGT1|DSEL|TMTC2|GXYLT1,-0.31,gene
GO Biological Processes,19,GO:0008283,cell population proliferation,19_GO:0009987 cellular process,-2.8,2.1,3.5,30293,696,415,20,4.8,1.1,367|1281|3600|3620|3953|4478|4921|6935|7049|8322|8654|9839|10973|26259|50937|54892|57167|79903|93627|259266,AR|COL3A1|IL15|IDO1|LEPR|MSN|DDR2|ZEB1|TGFBR3|FZD4|PDE5A|ZEB2|ASCC3|FBXW8|CDON|NCAPG2|SALL4|NAA60|TBCK|ASPM,-0.31,gene
GO Biological Processes,19,GO:0071229,cellular response to acid chemical,19_GO:0050896 response to stimulus,-2.7,4.7,4.2,30293,94,415,6,1.4,0.59,538|1281|1290|6935|664614|693122,ATP7A|COL3A1|COL5A2|ZEB1|MIR545|MIR421,-0.26,gene
GO Biological Processes,19,GO:1990776,response to angiotensin,19_GO:0050896 response to stimulus,-2.7,7.5,4.8,30293,39,415,4,0.96,0.48,186|1281|4921|57492,AGTR2|COL3A1|DDR2|ARID1B,-0.26,gene
GO Biological Processes,19,GO:0009135,purine nucleoside diphosphate metabolic process,19_GO:0008152 metabolic process,-2.7,5.6,4.4,30293,65,415,5,1.2,0.54,205|4907|5230|26289|441531,AK4|NT5E|PGK1|AK5|PGAM4,-0.26,gene
GO Biological Processes,19,GO:0009179,purine ribonucleoside diphosphate metabolic process,19_GO:0008152 metabolic process,-2.7,5.6,4.4,30293,65,415,5,1.2,0.54,205|4907|5230|26289|441531,AK4|NT5E|PGK1|AK5|PGAM4,-0.26,gene
GO Biological Processes,19,GO:0034341,response to type II interferon,19_GO:0044419 biological process involved in interspecies interaction between organisms,-2.7,4,4,30293,129,415,7,1.7,0.63,2633|2634|4210|4435|8942|10492|388646,GBP1|GBP2|MEFV|CITED1|KYNU|SYNCRIP|GBP7,-0.25,gene
GO Biological Processes,19,GO:0071625,vocalization behavior,19_GO:0032501 multicellular organismal process,-2.7,12,5.4,30293,19,415,3,0.72,0.42,27286|79784|85358,SRPX2|MYH14|SHANK3,-0.24,gene
GO Biological Processes,19,GO:1901292,nucleoside phosphate catabolic process,19_GO:0008152 metabolic process,-2.6,3.9,3.9,30293,131,415,7,1.7,0.63,1806|4907|5142|5230|8654|8801|441531,DPYD|NT5E|PDE4B|PGK1|PDE5A|SUCLG2|PGAM4,-0.22,gene
WikiPathways,27,WP366,TGF beta signaling pathway,,-2.6,3.9,3.9,30293,132,415,7,1.7,0.63,4435|6935|7049|9063|9839|22938|51377,CITED1|ZEB1|TGFBR3|PIAS2|ZEB2|SNW1|UCHL5,-0.21,gene
GO Biological Processes,19,GO:0010762,regulation of fibroblast migration,19_GO:0040011 locomotion,-2.6,7.1,4.6,30293,41,415,4,0.96,0.48,4921|9839|51057|90355,DDR2|ZEB2|WDPCP|MACIR,-0.21,gene
GO Biological Processes,19,GO:0009100,glycoprotein metabolic process,19_GO:0008152 metabolic process,-2.6,2.6,3.5,30293,334,415,12,2.9,0.82,538|4121|25834|29071|56052|79087|79158|81849|84061|92126|160335|283464,ATP7A|MAN1A1|MGAT4C|C1GALT1C1|ALG1|ALG12|GNPTAB|ST6GALNAC5|MAGT1|DSEL|TMTC2|GXYLT1,-0.21,gene
GO Biological Processes,19,GO:2000269,regulation of fibroblast apoptotic process,19_GO:0050789 regulation of biological process,-2.6,11,5.2,30293,20,415,3,0.72,0.42,7516|9262|51124,XRCC2|STK17B|IER3IP1,-0.21,gene
GO Biological Processes,19,GO:0006195,purine nucleotide catabolic process,19_GO:0008152 metabolic process,-2.6,4.4,4,30293,99,415,6,1.4,0.59,4907|5142|5230|8654|8801|441531,NT5E|PDE4B|PGK1|PDE5A|SUCLG2|PGAM4,-0.21,gene
GO Biological Processes,19,GO:0050773,regulation of dendrite development,19_GO:0032502 developmental process,-2.6,4.4,4,30293,99,415,6,1.4,0.59,8322|9856|26259|57118|57520|85442,FZD4|KIAA0319|FBXW8|CAMK1D|HECW2|KNDC1,-0.21,gene
GO Biological Processes,19,GO:0060322,head development,19_GO:0032502 developmental process,-2.6,2,3.2,30293,777,415,21,5.1,1.1,186|317|538|546|1281|1901|2904|4435|4983|6935|8322|50937|51124|51377|54510|55681|79633|80055|85358|85442|259266,AGTR2|APAF1|ATP7A|ATRX|COL3A1|S1PR1|GRIN2B|CITED1|OPHN1|ZEB1|FZD4|CDON|IER3IP1|UCHL5|PCDH18|SCYL2|FAT4|PGAP1|SHANK3|KNDC1|ASPM,-0.18,gene
GO Biological Processes,19,GO:0097553,calcium ion transmembrane import into cytosol,19_GO:0051179 localization,-2.6,4.3,4,30293,101,415,6,1.4,0.59,774|2904|3708|7226|8912|25998,CACNA1B|GRIN2B|ITPR1|TRPM2|CACNA1H|IBTK,-0.18,gene
GO Biological Processes,19,GO:0010631,epithelial cell migration,19_GO:0032501 multicellular organismal process,-2.6,4.3,4,30293,101,415,6,1.4,0.59,2822|5586|9839|11167|51057|90355,GPLD1|PKN2|ZEB2|FSTL1|WDPCP|MACIR,-0.18,gene
GO Biological Processes,19,GO:0051321,meiotic cell cycle,19_GO:0022414 reproductive process,-2.6,2.9,3.5,30293,254,415,10,2.4,0.75,546|7516|10388|10735|11077|50511|56159|83540|93426|259266,ATRX|XRCC2|SYCP2|STAG2|HSF2BP|SYCP3|TEX11|NUF2|SYCE1|ASPM,-0.17,gene
GO Biological Processes,19,GO:0006812,monoatomic cation transport,19_GO:0051179 localization,-2.5,2,3.2,30293,781,415,21,5.1,1.1,22|538|774|1327|1349|2904|3685|3708|3748|3751|5250|7226|8671|8912|11254|25998|30061|57380|57582|84061|127124,ABCB7|ATP7A|CACNA1B|COX4I1|COX7B|GRIN2B|ITGAV|ITPR1|KCNC3|KCND2|SLC25A3|TRPM2|SLC4A4|CACNA1H|SLC6A14|IBTK|SLC40A1|MRS2|KCNT1|MAGT1|ATP6V1G3,-0.17,gene
GO Biological Processes,19,GO:0060627,regulation of vesicle-mediated transport,19_GO:0051179 localization,-2.5,2.2,3.3,30293,529,415,16,3.9,0.95,1080|3600|3685|4478|4983|5795|7376|9829|51760|54521|55681|57118|80055|84106|94121|163882,CFTR|IL15|ITGAV|MSN|OPHN1|PTPRJ|NR1H2|DNAJC6|SYT17|WDR44|SCYL2|CAMK1D|PGAP1|PRAM1|SYTL4|CNST,-0.17,gene
Canonical Pathways,11,M3005,NABA COLLAGENS,,-2.5,6.6,4.4,30293,44,415,4,0.96,0.48,1281|1290|80781|255631,COL3A1|COL5A2|COL18A1|COL24A1,-0.16,gene
Reactome Gene Sets,6,R-HSA-8948216,Collagen chain trimerization,,-2.5,6.6,4.4,30293,44,415,4,0.96,0.48,1281|1290|80781|255631,COL3A1|COL5A2|COL18A1|COL24A1,-0.16,gene
GO Biological Processes,19,GO:0051276,chromosome organization,19_GO:0009987 cellular process,-2.5,2.3,3.3,30293,485,415,15,3.6,0.92,546|5985|10274|10388|10735|10973|24137|25913|51377|54892|55869|56159|63922|83540|93426,ATRX|RFC5|STAG1|SYCP2|STAG2|ASCC3|KIF4A|POT1|UCHL5|NCAPG2|HDAC8|TEX11|CHTF18|NUF2|SYCE1,-0.16,gene
GO Biological Processes,19,GO:0001570,vasculogenesis,19_GO:0032502 developmental process,-2.5,5.1,4.1,30293,72,415,5,1.2,0.54,3685|4435|7049|8322|10352,ITGAV|CITED1|TGFBR3|FZD4|WARS2,-0.16,gene
GO Biological Processes,19,GO:0090132,epithelium migration,19_GO:0032501 multicellular organismal process,-2.5,4.2,3.9,30293,104,415,6,1.4,0.59,2822|5586|9839|11167|51057|90355,GPLD1|PKN2|ZEB2|FSTL1|WDPCP|MACIR,-0.16,gene
GO Biological Processes,19,GO:0006351,DNA-templated transcription,19_GO:0008152 metabolic process,-2.5,2.2,3.3,30293,535,415,16,3.9,0.95,367|546|2960|6596|6738|7376|9063|9330|11077|30061|51224|51616|54892|57492|64216|79577,AR|ATRX|GTF2E1|HLTF|RO60|NR1H2|PIAS2|GTF3C3|HSF2BP|SLC40A1|ELOA2|TAF9B|NCAPG2|ARID1B|TFB2M|CDC73,-0.16,gene
GO Biological Processes,19,GO:0016311,dephosphorylation,19_GO:0008152 metabolic process,-2.5,3,3.5,30293,217,415,9,2.2,0.72,4690|5787|5793|5795|5801|7179|8821|9829|84064,NCK1|PTPRB|PTPRG|PTPRJ|PTPRR|TPTE|INPP4B|DNAJC6|HDHD2,-0.16,gene
GO Biological Processes,19,GO:0007064,mitotic sister chromatid cohesion,19_GO:0009987 cellular process,-2.5,10,5,30293,22,415,3,0.72,0.42,10274|10735|55869,STAG1|STAG2|HDAC8,-0.15,gene
GO Biological Processes,19,GO:0043413,macromolecule glycosylation,19_GO:0008152 metabolic process,-2.5,3,3.5,30293,219,415,9,2.2,0.72,4121|25834|29071|56052|79087|81849|84061|160335|283464,MAN1A1|MGAT4C|C1GALT1C1|ALG1|ALG12|ST6GALNAC5|MAGT1|TMTC2|GXYLT1,-0.14,gene
GO Biological Processes,19,GO:0006486,protein glycosylation,19_GO:0008152 metabolic process,-2.5,3,3.5,30293,219,415,9,2.2,0.72,4121|25834|29071|56052|79087|81849|84061|160335|283464,MAN1A1|MGAT4C|C1GALT1C1|ALG1|ALG12|ST6GALNAC5|MAGT1|TMTC2|GXYLT1,-0.14,gene
GO Biological Processes,19,GO:0006468,protein phosphorylation,19_GO:0008152 metabolic process,-2.5,2.2,3.2,30293,490,415,15,3.6,0.92,3600|4921|5166|5564|5567|5586|5602|5618|9262|51231|51347|51765|57118|282974|285220,IL15|DDR2|PDK4|PRKAB1|PRKACB|PKN2|MAPK10|PRLR|STK17B|VRK3|TAOK3|STK26|CAMK1D|STK32C|EPHA6,-0.14,gene
Reactome Gene Sets,6,R-HSA-9013106,RHOC GTPase cycle,,-2.5,4.9,4,30293,74,415,5,1.2,0.54,4983|5586|7112|11113|23263,OPHN1|PKN2|TMPO|CIT|MCF2L,-0.14,gene
KEGG Pathway,24,hsa04120,Ubiquitin mediated proteolysis,,-2.5,3.6,3.7,30293,142,415,7,1.7,0.63,331|7325|8450|9063|9886|26259|90293,XIAP|UBE2E2|CUL4B|PIAS2|RHOBTB1|FBXW8|KLHL13,-0.14,gene
GO Biological Processes,19,GO:0021533,cell differentiation in hindbrain,19_GO:0032502 developmental process,-2.4,9.5,4.8,30293,23,415,3,0.72,0.42,538|4983|85442,ATP7A|OPHN1|KNDC1,-0.13,gene
WikiPathways,27,WP5044,Kynurenine pathway and links to cell senescence,,-2.4,9.5,4.8,30293,23,415,3,0.72,0.42,3620|8942|169355,IDO1|KYNU|IDO2,-0.13,gene
GO Biological Processes,19,GO:0009185,ribonucleoside diphosphate metabolic process,19_GO:0008152 metabolic process,-2.4,4.9,4,30293,75,415,5,1.2,0.54,205|4907|5230|26289|441531,AK4|NT5E|PGK1|AK5|PGAM4,-0.13,gene
GO Biological Processes,19,GO:0046434,organophosphate catabolic process,19_GO:0008152 metabolic process,-2.4,3.2,3.5,30293,183,415,8,1.9,0.67,1806|4907|5142|5230|8654|8801|79887|441531,DPYD|NT5E|PDE4B|PGK1|PDE5A|SUCLG2|PLBD1|PGAM4,-0.11,gene
GO Biological Processes,19,GO:0032774,RNA biosynthetic process,19_GO:0008152 metabolic process,-2.4,2.1,3.1,30293,548,415,16,3.9,0.95,367|546|2960|6596|6738|7376|9063|9330|11077|30061|51224|51616|54892|57492|64216|79577,AR|ATRX|GTF2E1|HLTF|RO60|NR1H2|PIAS2|GTF3C3|HSF2BP|SLC40A1|ELOA2|TAF9B|NCAPG2|ARID1B|TFB2M|CDC73,-0.1,gene
GO Biological Processes,19,GO:0090130,tissue migration,19_GO:0032501 multicellular organismal process,-2.4,4,3.7,30293,110,415,6,1.4,0.59,2822|5586|9839|11167|51057|90355,GPLD1|PKN2|ZEB2|FSTL1|WDPCP|MACIR,-0.1,gene
GO Biological Processes,19,GO:0010640,regulation of platelet-derived growth factor receptor signaling pathway,19_GO:0050896 response to stimulus,-2.4,9.1,4.7,30293,24,415,3,0.72,0.42,2155|4015|5795,F7|LOX|PTPRJ,-0.1,gene
GO Biological Processes,19,GO:0007130,synaptonemal complex assembly,19_GO:0022414 reproductive process,-2.4,9.1,4.7,30293,24,415,3,0.72,0.42,10388|56159|93426,SYCP2|TEX11|SYCE1,-0.1,gene
GO Biological Processes,19,GO:0002082,regulation of oxidative phosphorylation,19_GO:0008152 metabolic process,-2.4,9.1,4.7,30293,24,415,3,0.72,0.42,205|538|65084,AK4|ATP7A|TMEM135,-0.1,gene
GO Biological Processes,19,GO:0048871,multicellular organismal-level homeostasis,19_GO:0042592 homeostatic process,-2.4,2.1,3.1,30293,601,415,17,4.1,0.97,331|1080|1281|3953|4907|5142|5567|7049|7226|9476|9839|11167|23418|23774|30061|54892|84059,XIAP|CFTR|COL3A1|LEPR|NT5E|PDE4B|PRKACB|TGFBR3|TRPM2|NAPSA|ZEB2|FSTL1|CRB1|BRD1|SLC40A1|NCAPG2|ADGRV1,-0.1,gene
GO Biological Processes,19,GO:0036293,response to decreased oxygen levels,19_GO:0050896 response to stimulus,-2.4,2.6,3.3,30293,313,415,11,2.7,0.79,205|317|538|2155|3708|3751|4921|5230|7049|8322|9839,AK4|APAF1|ATP7A|F7|ITPR1|KCND2|DDR2|PGK1|TGFBR3|FZD4|ZEB2,-0.1,gene
Reactome Gene Sets,6,R-HSA-8980692,RHOA GTPase cycle,,-2.4,3.5,3.5,30293,147,415,7,1.7,0.63,4983|5586|7112|11113|23263|83478|143872,OPHN1|PKN2|TMPO|CIT|MCF2L|ARHGAP24|ARHGAP42,-0.1,gene
GO Biological Processes,19,GO:0030900,forebrain development,19_GO:0032502 developmental process,-2.4,2.3,3.2,30293,407,415,13,3.1,0.86,317|538|546|1281|4983|6935|50937|51377|55681|79633|80055|85358|259266,APAF1|ATP7A|ATRX|COL3A1|OPHN1|ZEB1|CDON|UCHL5|SCYL2|FAT4|PGAP1|SHANK3|ASPM,-0.094,gene
GO Biological Processes,19,GO:0120035,regulation of plasma membrane bounded cell projection organization,19_GO:0050789 regulation of biological process,-2.3,2,3.1,30293,656,415,18,4.3,1,538|2904|4690|4921|5793|7226|8322|9856|26053|26259|51057|54521|57118|57520|83478|85358|85442|90167,ATP7A|GRIN2B|NCK1|DDR2|PTPRG|TRPM2|FZD4|KIAA0319|AUTS2|FBXW8|WDPCP|WDR44|CAMK1D|HECW2|ARHGAP24|SHANK3|KNDC1|FRMD7,-0.088,gene
GO Biological Processes,19,GO:0001738,morphogenesis of a polarized epithelium,19_GO:0032502 developmental process,-2.3,6,4.1,30293,49,415,4,0.96,0.48,1741|4478|4983|51057,DLG3|MSN|OPHN1|WDPCP,-0.086,gene
WikiPathways,27,WP4521,Glycosylation and related congenital defects,,-2.3,8.8,4.6,30293,25,415,3,0.72,0.42,56052|79087|84061,ALG1|ALG12|MAGT1,-0.078,gene
GO Biological Processes,19,GO:0009435,NAD biosynthetic process,19_GO:0008152 metabolic process,-2.3,8.8,4.6,30293,25,415,3,0.72,0.42,3620|8942|169355,IDO1|KYNU|IDO2,-0.078,gene
GO Biological Processes,19,GO:0000280,nuclear division,19_GO:0009987 cellular process,-2.3,2.5,3.2,30293,318,415,11,2.7,0.79,10274|10388|10735|11077|24137|50511|54892|56159|83540|93426|259266,STAG1|SYCP2|STAG2|HSF2BP|KIF4A|SYCP3|NCAPG2|TEX11|NUF2|SYCE1|ASPM,-0.078,gene
GO Biological Processes,19,GO:0098813,nuclear chromosome segregation,19_GO:0009987 cellular process,-2.3,2.8,3.3,30293,231,415,9,2.2,0.72,10274|10388|10735|24137|54892|56159|83540|93426|259266,STAG1|SYCP2|STAG2|KIF4A|NCAPG2|TEX11|NUF2|SYCE1|ASPM,-0.074,gene
GO Biological Processes,19,GO:0006259,DNA metabolic process,19_GO:0008152 metabolic process,-2.3,1.9,3,30293,766,415,20,4.8,1.1,546|4015|4255|4907|5378|5424|5985|6596|7516|8450|10973|11077|25913|51022|51347|51377|51567|55729|56159|63922,ATRX|LOX|MGMT|NT5E|PMS1|POLD1|RFC5|HLTF|XRCC2|CUL4B|ASCC3|HSF2BP|POT1|GLRX2|TAOK3|UCHL5|TDP2|ATF7IP|TEX11|CHTF18,-0.073,gene
GO Biological Processes,19,GO:0120161,regulation of cold-induced thermogenesis,19_GO:0042592 homeostatic process,-2.3,3.4,3.5,30293,151,415,7,1.7,0.63,3600|3953|5564|5618|7376|55856|283455,IL15|LEPR|PRKAB1|PRLR|NR1H2|ACOT13|KSR2,-0.07,gene
GO Biological Processes,19,GO:0046578,regulation of Ras protein signal transduction,19_GO:0050896 response to stimulus,-2.3,3.1,3.4,30293,191,415,8,1.9,0.67,1281|4983|10982|23263|26053|83478|143872|285282,COL3A1|OPHN1|MAPRE2|MCF2L|AUTS2|ARHGAP24|ARHGAP42|RABL3,-0.066,gene
GO Biological Processes,19,GO:0044283,small molecule biosynthetic process,19_GO:0008152 metabolic process,-2.3,2.2,3.1,30293,463,415,14,3.4,0.89,1080|1571|1806|2679|3620|3953|4907|5230|5564|8912|8942|23262|54529|92126,CFTR|CYP2E1|DPYD|GGT3P|IDO1|LEPR|NT5E|PGK1|PRKAB1|CACNA1H|KYNU|PPIP5K2|ASNSD1|DSEL,-0.062,gene
GO Biological Processes,19,GO:1903046,meiotic cell cycle process,19_GO:0022414 reproductive process,-2.3,3,3.3,30293,192,415,8,1.9,0.67,546|10388|11077|50511|56159|83540|93426|259266,ATRX|SYCP2|HSF2BP|SYCP3|TEX11|NUF2|SYCE1|ASPM,-0.059,gene
Reactome Gene Sets,6,R-HSA-180786,Extension of Telomeres,,-2.3,5.7,4,30293,51,415,4,0.96,0.48,5424|5985|25913|63922,POLD1|RFC5|POT1|CHTF18,-0.059,gene
GO Biological Processes,19,GO:0021697,cerebellar cortex formation,19_GO:0032502 developmental process,-2.3,8.4,4.5,30293,26,415,3,0.72,0.42,538|4983|85442,ATP7A|OPHN1|KNDC1,-0.059,gene
GO Biological Processes,19,GO:0009132,nucleoside diphosphate metabolic process,19_GO:0008152 metabolic process,-2.3,4.5,3.7,30293,82,415,5,1.2,0.54,205|4907|5230|26289|441531,AK4|NT5E|PGK1|AK5|PGAM4,-0.05,gene
GO Biological Processes,19,GO:0051301,cell division,19_GO:0009987 cellular process,-2.3,2.1,3,30293,516,415,15,3.6,0.92,5586|10274|10388|10735|10982|11113|24137|25909|50511|54821|54892|83540|90293|93426|259266,PKN2|STAG1|SYCP2|STAG2|MAPRE2|CIT|KIF4A|AHCTF1|SYCP3|ERCC6L|NCAPG2|NUF2|KLHL13|SYCE1|ASPM,-0.05,gene
Reactome Gene Sets,6,R-HSA-1500620,Meiosis,,-2.3,3.7,3.5,30293,117,415,6,1.4,0.59,10274|10388|10735|25913|50511|93426,STAG1|SYCP2|STAG2|POT1|SYCP3|SYCE1,-0.05,gene
GO Biological Processes,19,GO:0021872,forebrain generation of neurons,19_GO:0032502 developmental process,-2.3,5.6,3.9,30293,52,415,4,0.96,0.48,538|55681|85358|259266,ATP7A|SCYL2|SHANK3|ASPM,-0.05,gene
KEGG Pathway,24,hsa04932,Non-alcoholic fatty liver disease,,-2.2,3.3,3.4,30293,155,415,7,1.7,0.63,1327|1349|1571|3953|4710|5564|5602,COX4I1|COX7B|CYP2E1|LEPR|NDUFB4|PRKAB1|MAPK10,-0.05,gene
GO Biological Processes,19,GO:0031344,regulation of cell projection organization,19_GO:0050789 regulation of biological process,-2.2,2,3,30293,672,415,18,4.3,1,538|2904|4690|4921|5793|7226|8322|9856|26053|26259|51057|54521|57118|57520|83478|85358|85442|90167,ATP7A|GRIN2B|NCK1|DDR2|PTPRG|TRPM2|FZD4|KIAA0319|AUTS2|FBXW8|WDPCP|WDR44|CAMK1D|HECW2|ARHGAP24|SHANK3|KNDC1|FRMD7,-0.05,gene
GO Biological Processes,19,GO:0048729,tissue morphogenesis,19_GO:0032502 developmental process,-2.2,2,3,30293,570,415,16,3.9,0.95,317|367|538|1281|1741|1901|3169|4435|4478|4983|5567|7049|30812|51057|57167|83478,APAF1|AR|ATP7A|COL3A1|DLG3|S1PR1|FOXA1|CITED1|MSN|OPHN1|PRKACB|TGFBR3|SOX8|WDPCP|SALL4|ARHGAP24,-0.05,gene
Reactome Gene Sets,6,R-HSA-3000170,Syndecan interactions,,-2.2,8.1,4.4,30293,27,415,3,0.72,0.42,1281|1290|3685,COL3A1|COL5A2|ITGAV,-0.05,gene
GO Biological Processes,19,GO:0019363,pyridine nucleotide biosynthetic process,19_GO:0008152 metabolic process,-2.2,8.1,4.4,30293,27,415,3,0.72,0.42,3620|8942|169355,IDO1|KYNU|IDO2,-0.05,gene
GO Biological Processes,19,GO:0070193,synaptonemal complex organization,19_GO:0009987 cellular process,-2.2,8.1,4.4,30293,27,415,3,0.72,0.42,10388|56159|93426,SYCP2|TEX11|SYCE1,-0.05,gene
GO Biological Processes,19,GO:0042832,defense response to protozoan,19_GO:0044419 biological process involved in interspecies interaction between organisms,-2.2,8.1,4.4,30293,27,415,3,0.72,0.42,2633|2634|388646,GBP1|GBP2|GBP7,-0.05,gene
GO Biological Processes,19,GO:0019359,nicotinamide nucleotide biosynthetic process,19_GO:0008152 metabolic process,-2.2,8.1,4.4,30293,27,415,3,0.72,0.42,3620|8942|169355,IDO1|KYNU|IDO2,-0.05,gene
GO Biological Processes,19,GO:0009725,response to hormone,19_GO:0050896 response to stimulus,-2.2,1.9,2.9,30293,780,415,20,4.8,1.1,49|186|367|594|1281|2155|2822|3953|4015|4435|4921|5166|5618|6755|7035|7049|7376|8912|57492|85004,ACR|AGTR2|AR|BCKDHB|COL3A1|F7|GPLD1|LEPR|LOX|CITED1|DDR2|PDK4|PRLR|SSTR5|TFPI|TGFBR3|NR1H2|CACNA1H|ARID1B|RERG,-0.049,gene
GO Biological Processes,19,GO:0007059,chromosome segregation,19_GO:0009987 cellular process,-2.2,2.4,3.1,30293,329,415,11,2.7,0.79,10274|10388|10735|10982|24137|54892|56159|79903|83540|93426|259266,STAG1|SYCP2|STAG2|MAPRE2|KIF4A|NCAPG2|TEX11|NAA60|NUF2|SYCE1|ASPM,-0.041,gene
GO Biological Processes,19,GO:0010592,positive regulation of lamellipodium assembly,19_GO:0048518 positive regulation of biological process,-2.2,7.8,4.3,30293,28,415,3,0.72,0.42,538|26053|90167,ATP7A|AUTS2|FRMD7,-0.019,gene
GO Biological Processes,19,GO:0098703,calcium ion import across plasma membrane,19_GO:0051179 localization,-2.2,7.8,4.3,30293,28,415,3,0.72,0.42,774|7226|8912,CACNA1B|TRPM2|CACNA1H,-0.019,gene
GO Biological Processes,19,GO:0007051,spindle organization,19_GO:0009987 cellular process,-2.2,3.2,3.3,30293,159,415,7,1.7,0.63,546|10274|10735|10982|24137|83540|259266,ATRX|STAG1|STAG2|MAPRE2|KIF4A|NUF2|ASPM,-0.019,gene
Reactome Gene Sets,6,R-HSA-9675108,Nervous system development,,-2.2,2,2.9,30293,578,415,16,3.9,0.95,214|1281|1290|1741|2904|3685|4478|4690|5567|6191|8912|10570|24137|79784|84059|285220,ALCAM|COL3A1|COL5A2|DLG3|GRIN2B|ITGAV|MSN|NCK1|PRKACB|RPS4X|CACNA1H|DPYSL4|KIF4A|MYH14|ADGRV1|EPHA6,-0.019,gene
GO Biological Processes,19,GO:0120031,plasma membrane bounded cell projection assembly,19_GO:0009987 cellular process,-2.2,2.2,3,30293,428,415,13,3.1,0.86,1901|4690|4983|6738|11158|26259|51057|51765|54521|56171|84100|90355|132320,S1PR1|NCK1|OPHN1|RO60|RABL2B|FBXW8|WDPCP|STK26|WDR44|DNAH7|ARL6|MACIR|SCLT1,-0.019,gene
GO Biological Processes,19,GO:0007140,male meiotic nuclear division,19_GO:0022414 reproductive process,-2.2,5.3,3.8,30293,55,415,4,0.96,0.48,10388|11077|50511|56159,SYCP2|HSF2BP|SYCP3|TEX11,-0.0057,gene
GO Biological Processes,19,GO:0034103,regulation of tissue remodeling,19_GO:0032501 multicellular organismal process,-2.2,4.2,3.5,30293,87,415,5,1.2,0.54,1901|3600|3953|4921|5166,S1PR1|IL15|LEPR|DDR2|PDK4,-0.002,gene
GO Biological Processes,19,GO:0033044,regulation of chromosome organization,19_GO:0050789 regulation of biological process,-2.2,2.7,3.1,30293,245,415,9,2.2,0.72,546|25913|51377|54892|55729|55869|57492|57520|83540,ATRX|POT1|UCHL5|NCAPG2|ATF7IP|HDAC8|ARID1B|HECW2|NUF2,-0.002,gene
GO Biological Processes,19,GO:0018193,peptidyl-amino acid modification,19_GO:0008152 metabolic process,-2.1,2.1,2.9,30293,532,415,15,3.6,0.92,538|3600|4015|4921|5567|5586|5618|9063|51231|54495|57118|79739|79903|196483|282974,ATP7A|IL15|LOX|DDR2|PRKACB|PKN2|PRLR|PIAS2|VRK3|TMX3|CAMK1D|TTLL7|NAA60|EEF2KMT|STK32C,0,gene
GO Biological Processes,19,GO:0085029,extracellular matrix assembly,19_GO:0009987 cellular process,-2.1,7.6,4.2,30293,29,415,3,0.72,0.42,538|1281|4015,ATP7A|COL3A1|LOX,0,gene
GO Biological Processes,19,GO:0030001,metal ion transport,19_GO:0051179 localization,-2.1,2,2.9,30293,636,415,17,4.1,0.97,22|538|774|2904|3685|3708|3748|3751|7226|8671|8912|11254|25998|30061|57380|57582|84061,ABCB7|ATP7A|CACNA1B|GRIN2B|ITGAV|ITPR1|KCNC3|KCND2|TRPM2|SLC4A4|CACNA1H|SLC6A14|IBTK|SLC40A1|MRS2|KCNT1|MAGT1,0,gene
GO Biological Processes,19,GO:1901606,alpha-amino acid catabolic process,19_GO:0008152 metabolic process,-2.1,4.1,3.5,30293,88,415,5,1.2,0.54,3081|3620|8942|23576|169355,HGD|IDO1|KYNU|DDAH1|IDO2,0,gene
GO Biological Processes,19,GO:0045132,meiotic chromosome segregation,19_GO:0022414 reproductive process,-2.1,4.1,3.5,30293,89,415,5,1.2,0.54,10388|56159|83540|93426|259266,SYCP2|TEX11|NUF2|SYCE1|ASPM,0,gene
GO Biological Processes,19,GO:0070482,response to oxygen levels,19_GO:0050896 response to stimulus,-2.1,2.4,3,30293,340,415,11,2.7,0.79,205|317|538|2155|3708|3751|4921|5230|7049|8322|9839,AK4|APAF1|ATP7A|F7|ITPR1|KCND2|DDR2|PGK1|TGFBR3|FZD4|ZEB2,0,gene
WikiPathways,27,WP5153,N glycan biosynthesis,,-2.1,5.1,3.7,30293,57,415,4,0.96,0.48,4121|25834|56052|79087,MAN1A1|MGAT4C|ALG1|ALG12,0,gene
Reactome Gene Sets,6,R-HSA-4090294,SUMOylation of intracellular receptors,,-2.1,7.3,4.1,30293,30,415,3,0.72,0.42,367|7376|9063,AR|NR1H2|PIAS2,0,gene
GO Biological Processes,19,GO:0001562,response to protozoan,19_GO:0044419 biological process involved in interspecies interaction between organisms,-2.1,7.3,4.1,30293,30,415,3,0.72,0.42,2633|2634|388646,GBP1|GBP2|GBP7,0,gene
Reactome Gene Sets,6,R-HSA-110314,Recognition of DNA damage by PCNA-containing replication complex,,-2.1,7.3,4.1,30293,30,415,3,0.72,0.42,5424|5985|8450,POLD1|RFC5|CUL4B,0,gene
Reactome Gene Sets,6,R-HSA-8874081,MET activates PTK2 signaling,,-2.1,7.3,4.1,30293,30,415,3,0.72,0.42,1281|1290|255631,COL3A1|COL5A2|COL24A1,0,gene
Reactome Gene Sets,6,R-HSA-2500257,Resolution of Sister Chromatid Cohesion,,-2.1,3.5,3.3,30293,126,415,6,1.4,0.59,10274|10735|25909|54821|55869|83540,STAG1|STAG2|AHCTF1|ERCC6L|HDAC8|NUF2,0,gene
Reactome Gene Sets,6,R-HSA-1474290,Collagen formation,,-2.1,4.1,3.4,30293,90,415,5,1.2,0.54,1281|1290|4015|80781|255631,COL3A1|COL5A2|LOX|COL18A1|COL24A1,0,gene
GO Biological Processes,19,GO:1901605,alpha-amino acid metabolic process,19_GO:0008152 metabolic process,-2.1,2.8,3.1,30293,207,415,8,1.9,0.67,538|3081|3620|7915|8942|23576|54529|169355,ATP7A|HGD|IDO1|ALDH5A1|KYNU|DDAH1|ASNSD1|IDO2,0,gene
GO Biological Processes,19,GO:0048285,organelle fission,19_GO:0009987 cellular process,-2.1,2.3,2.9,30293,344,415,11,2.7,0.79,10274|10388|10735|11077|24137|50511|54892|56159|83540|93426|259266,STAG1|SYCP2|STAG2|HSF2BP|KIF4A|SYCP3|NCAPG2|TEX11|NUF2|SYCE1|ASPM,0,gene
GO Biological Processes,19,GO:0030031,cell projection assembly,19_GO:0009987 cellular process,-2.1,2.2,2.9,30293,441,415,13,3.1,0.86,1901|4690|4983|6738|11158|26259|51057|51765|54521|56171|84100|90355|132320,S1PR1|NCK1|OPHN1|RO60|RABL2B|FBXW8|WDPCP|STK26|WDR44|DNAH7|ARL6|MACIR|SCLT1,0,gene
GO Biological Processes,19,GO:0072521,purine-containing compound metabolic process,19_GO:0008152 metabolic process,-2.1,2.1,2.8,30293,492,415,14,3.4,0.89,205|1806|2984|3620|4710|4907|5142|5230|8654|8801|8942|26289|169355|441531,AK4|DPYD|GUCY2C|IDO1|NDUFB4|NT5E|PDE4B|PGK1|PDE5A|SUCLG2|KYNU|AK5|IDO2|PGAM4,0,gene
KEGG Pathway,24,hsa00230,Purine metabolism,,-2.1,3.4,3.2,30293,128,415,6,1.4,0.59,205|2984|4907|5142|8654|26289,AK4|GUCY2C|NT5E|PDE4B|PDE5A|AK5,0,gene
GO Biological Processes,19,GO:0072525,pyridine-containing compound biosynthetic process,19_GO:0008152 metabolic process,-2.1,7.1,4,30293,31,415,3,0.72,0.42,3620|8942|169355,IDO1|KYNU|IDO2,0,gene
GO Biological Processes,19,GO:1904385,cellular response to angiotensin,19_GO:0050896 response to stimulus,-2.1,7.1,4,30293,31,415,3,0.72,0.42,186|4921|57492,AGTR2|DDR2|ARID1B,0,gene
WikiPathways,27,WP3996,Ethanol effects on histone modifications,,-2.1,7.1,4,30293,31,415,3,0.72,0.42,1571|6573|55869,CYP2E1|SLC19A1|HDAC8,0,gene
GO Biological Processes,19,GO:0071559,response to transforming growth factor beta,19_GO:0050896 response to stimulus,-2.1,3,3.1,30293,168,415,7,1.7,0.63,317|463|1281|4435|4921|6935|7049,APAF1|ZFHX3|COL3A1|CITED1|DDR2|ZEB1|TGFBR3,0,gene
Reactome Gene Sets,6,R-HSA-3000171,Non-integrin membrane-ECM interactions,,-2.1,4.9,3.6,30293,59,415,4,0.96,0.48,1281|1290|3685|4921,COL3A1|COL5A2|ITGAV|DDR2,0,gene
GO Biological Processes,19,GO:0006366,transcription by RNA polymerase II,19_GO:0008152 metabolic process,-2.1,2.2,2.9,30293,395,415,12,2.9,0.82,367|546|2960|6596|7376|11077|30061|51224|51616|54892|57492|79577,AR|ATRX|GTF2E1|HLTF|NR1H2|HSF2BP|SLC40A1|ELOA2|TAF9B|NCAPG2|ARID1B|CDC73,0,gene
GO Biological Processes,19,GO:0001666,response to hypoxia,19_GO:0050896 response to stimulus,-2.1,2.4,2.9,30293,300,415,10,2.4,0.75,205|317|538|2155|3708|3751|4921|5230|7049|8322,AK4|APAF1|ATP7A|F7|ITPR1|KCND2|DDR2|PGK1|TGFBR3|FZD4,0,gene
GO Biological Processes,19,GO:0032465,regulation of cytokinesis,19_GO:0050789 regulation of biological process,-2,3.9,3.3,30293,93,415,5,1.2,0.54,5586|6755|11113|25909|90293,PKN2|SSTR5|CIT|AHCTF1|KLHL13,0,gene
KEGG Pathway,24,hsa04215,Apoptosis - multiple species,,-2,6.8,3.9,30293,32,415,3,0.72,0.42,317|331|5602,APAF1|XIAP|MAPK10,0,gene
GO Biological Processes,19,GO:0070633,transepithelial transport,19_GO:0051179 localization,-2,6.8,3.9,30293,32,415,3,0.72,0.42,1080|2822|3708,CFTR|GPLD1|ITPR1,0,gene
KEGG Pathway,24,hsa00640,Propanoate metabolism,,-2,6.8,3.9,30293,32,415,3,0.72,0.42,594|5096|8801,BCKDHB|PCCB|SUCLG2,0,gene
GO Biological Processes,19,GO:0140013,meiotic nuclear division,19_GO:0022414 reproductive process,-2,3,3.1,30293,171,415,7,1.7,0.63,10388|11077|50511|56159|83540|93426|259266,SYCP2|HSF2BP|SYCP3|TEX11|NUF2|SYCE1|ASPM,0,gene
Reactome Gene Sets,6,R-HSA-9013423,RAC3 GTPase cycle,,-2,3.9,3.3,30293,94,415,5,1.2,0.54,4983|7112|51347|55843|143872,OPHN1|TMPO|TAOK3|ARHGAP15|ARHGAP42,0,gene
KEGG Pathway,24,hsa04728,Dopaminergic synapse,,-2,3.3,3.1,30293,132,415,6,1.4,0.59,774|2904|3708|5567|5602|51764,CACNA1B|GRIN2B|ITPR1|PRKACB|MAPK10|GNG13,0,gene
Reactome Gene Sets,6,R-HSA-422475,Axon guidance,,-2,2,2.7,30293,553,415,15,3.6,0.92,214|1281|1290|1741|2904|3685|4478|4690|5567|6191|8912|10570|24137|79784|285220,ALCAM|COL3A1|COL5A2|DLG3|GRIN2B|ITGAV|MSN|NCK1|PRKACB|RPS4X|CACNA1H|DPYSL4|KIF4A|MYH14|EPHA6,0,gene
GO Biological Processes,19,GO:0003073,regulation of systemic arterial blood pressure,19_GO:0032501 multicellular organismal process,-2,3.8,3.3,30293,95,415,5,1.2,0.54,186|367|1359|23576|143872,AGTR2|AR|CPA3|DDAH1|ARHGAP42,0,gene
