_MEMBER_gene,_LogP_gene,GO,Description,_PATTERN_,_RANK_,GiniIndex
1,-2.8,R-HSA-2022090,Assembly of collagen fibrils and other multimeric structures,M1,1,0
1,-3.4,WP5414,IDO metabolic pathway,M1,1,0
1,-2.7,GO:0034341,response to type II interferon,M1,1,0
1,-3.7,GO:0098662,inorganic cation transmembrane transport,M1,1,0
1,-2.5,GO:0016311,dephosphorylation,M1,1,0
1,-3.3,GO:0003158,endothelium development,M1,1,0
1,-3.1,R-HSA-194315,Signaling by Rho GTPases,M1,1,0
1,-2.5,GO:0006468,protein phosphorylation,M1,1,0
1,-2.4,GO:0009185,ribonucleoside diphosphate metabolic process,M1,1,0
1,-2.6,GO:0060322,head development,M1,1,0
1,-3.3,R-HSA-9012999,RHO GTPase cycle,M1,1,0
1,-2.5,GO:0060627,regulation of vesicle-mediated transport,M1,1,0
1,-2.4,GO:0032774,RNA biosynthetic process,M1,1,0
1,-2.2,hsa04932,Non-alcoholic fatty liver disease,M1,1,0
1,-2.1,hsa00230,Purine metabolism,M1,1,0
1,-2.3,GO:0021697,cerebellar cortex formation,M1,1,0
1,-2.8,GO:0009166,nucleotide catabolic process,M1,1,0
1,-2.1,GO:0085029,extracellular matrix assembly,M1,1,0
1,-2.2,GO:0048729,tissue morphogenesis,M1,1,0
1,-3.7,GO:0042436,indole-containing compound catabolic process,M1,1,0
1,-3.4,GO:0042537,benzene-containing compound metabolic process,M1,1,0
1,-3.1,GO:0006520,amino acid metabolic process,M1,1,0
1,-3.1,R-HSA-71240,Tryptophan catabolism,M1,1,0
1,-3,GO:0061245,establishment or maintenance of bipolar cell polarity,M1,1,0
1,-3.8,GO:0030199,collagen fibril organization,M1,1,0
1,-3.6,GO:0098655,monoatomic cation transmembrane transport,M1,1,0
1,-4.1,GO:0019835,cytolysis,M1,1,0
1,-2.4,GO:0030900,forebrain development,M1,1,0
1,-2.3,R-HSA-1500620,Meiosis,M1,1,0
1,-2.7,GO:0071229,cellular response to acid chemical,M1,1,0
1,-2.2,GO:0120031,plasma membrane bounded cell projection assembly,M1,1,0
1,-2.6,GO:0097553,calcium ion transmembrane import into cytosol,M1,1,0
1,-3.3,GO:0098660,inorganic ion transmembrane transport,M1,1,0
1,-3,GO:0071230,cellular response to amino acid stimulus,M1,1,0
1,-2.4,WP5044,Kynurenine pathway and links to cell senescence,M1,1,0
1,-2.3,GO:0009132,nucleoside diphosphate metabolic process,M1,1,0
1,-2.1,R-HSA-4090294,SUMOylation of intracellular receptors,M1,1,0
1,-3,R-HSA-9716542,"Signaling by Rho GTPases, Miro GTPases and RHOBTB3",M1,1,0
1,-2.2,GO:0010592,positive regulation of lamellipodium assembly,M1,1,0
1,-2.2,R-HSA-9675108,Nervous system development,M1,1,0
1,-2.5,GO:0043413,macromolecule glycosylation,M1,1,0
1,-2,GO:0003073,regulation of systemic arterial blood pressure,M1,1,0
1,-2.4,R-HSA-8980692,RHOA GTPase cycle,M1,1,0
1,-3.1,GO:0048589,developmental growth,M1,1,0
1,-2,GO:0140013,meiotic nuclear division,M1,1,0
1,-3.1,WP2853,Endoderm differentiation,M1,1,0
1,-3.6,hsa00513,Various types of N-glycan biosynthesis,M1,1,0
1,-3.1,GO:0009063,amino acid catabolic process,M1,1,0
1,-2.3,GO:0009435,NAD biosynthetic process,M1,1,0
1,-2.1,WP3996,Ethanol effects on histone modifications,M1,1,0
1,-2.2,GO:0098703,calcium ion import across plasma membrane,M1,1,0
1,-3.5,GO:0051056,regulation of small GTPase mediated signal transduction,M1,1,0
1,-2.6,GO:0009100,glycoprotein metabolic process,M1,1,0
1,-3.1,WP2858,Ectoderm differentiation,M1,1,0
1,-3.7,GO:0035239,tube morphogenesis,M1,1,0
1,-5,CORUM:3162,TF-FVIIa-FXa-TFPI complex,M1,1,0
1,-2.1,GO:0072521,purine-containing compound metabolic process,M1,1,0
1,-2.8,GO:0008283,cell population proliferation,M1,1,0
1,-3,GO:0001568,blood vessel development,M1,1,0
1,-2.1,GO:0006366,transcription by RNA polymerase II,M1,1,0
1,-2.4,GO:0021533,cell differentiation in hindbrain,M1,1,0
1,-3.6,GO:0042430,indole-containing compound metabolic process,M1,1,0
1,-2.3,GO:0098813,nuclear chromosome segregation,M1,1,0
1,-3.4,R-HSA-174411,Polymerase switching on the C-strand of the telomere,M1,1,0
1,-2.6,GO:0006195,purine nucleotide catabolic process,M1,1,0
1,-2.6,GO:2000269,regulation of fibroblast apoptotic process,M1,1,0
1,-2.4,GO:0010640,regulation of platelet-derived growth factor receptor signaling pathway,M1,1,0
1,-2.1,GO:0045132,meiotic chromosome segregation,M1,1,0
1,-2.5,GO:0001570,vasculogenesis,M1,1,0
1,-2.6,GO:0051321,meiotic cell cycle,M1,1,0
1,-2,R-HSA-9013423,RAC3 GTPase cycle,M1,1,0
1,-2.6,WP366,TGF beta signaling pathway,M1,1,0
1,-2.2,GO:0007051,spindle organization,M1,1,0
1,-2.8,GO:0009154,purine ribonucleotide catabolic process,M1,1,0
1,-3.1,hsa00510,N-Glycan biosynthesis,M1,1,0
1,-2.7,GO:0071625,vocalization behavior,M1,1,0
1,-3.7,GO:0006569,tryptophan catabolic process,M1,1,0
1,-2.9,GO:0030511,positive regulation of transforming growth factor beta receptor signaling pathway,M1,1,0
1,-3.2,GO:0001101,response to acid chemical,M1,1,0
1,-2.4,GO:0002082,regulation of oxidative phosphorylation,M1,1,0
1,-2.5,R-HSA-8948216,Collagen chain trimerization,M1,1,0
1,-2.2,R-HSA-3000170,Syndecan interactions,M1,1,0
1,-2.1,WP5153,N glycan biosynthesis,M1,1,0
1,-3.1,GO:0040007,growth,M1,1,0
1,-2.7,GO:1990776,response to angiotensin,M1,1,0
1,-3,GO:0048514,blood vessel morphogenesis,M1,1,0
1,-2.1,GO:1904385,cellular response to angiotensin,M1,1,0
1,-2.3,GO:0120035,regulation of plasma membrane bounded cell projection organization,M1,1,0
1,-2.2,GO:0070193,synaptonemal complex organization,M1,1,0
1,-2.2,GO:0034103,regulation of tissue remodeling,M1,1,0
1,-2.1,R-HSA-3000171,Non-integrin membrane-ECM interactions,M1,1,0
1,-2,GO:0032465,regulation of cytokinesis,M1,1,0
1,-2.1,R-HSA-110314,Recognition of DNA damage by PCNA-containing replication complex,M1,1,0
1,-2.8,GO:1901137,carbohydrate derivative biosynthetic process,M1,1,0
1,-2.2,GO:0007140,male meiotic nuclear division,M1,1,0
1,-3,WP2857,Mesodermal commitment pathway,M1,1,0
1,-3.4,GO:0018158,protein oxidation,M1,1,0
1,-2.2,GO:0042832,defense response to protozoan,M1,1,0
1,-2.5,hsa04120,Ubiquitin mediated proteolysis,M1,1,0
1,-2.1,GO:0071559,response to transforming growth factor beta,M1,1,0
1,-4.3,GO:0009074,aromatic amino acid family catabolic process,M1,1,0
1,-4.1,GO:0034627,'de novo' NAD biosynthetic process,M1,1,0
1,-2.9,GO:0007420,brain development,M1,1,0
1,-2.8,GO:0070085,glycosylation,M1,1,0
1,-2.8,GO:0001944,vasculature development,M1,1,0
1,-2.9,R-HSA-1474165,Reproduction,M1,1,0
1,-2,GO:0070633,transepithelial transport,M1,1,0
1,-2.9,GO:1903846,positive regulation of cellular response to transforming growth factor beta stimulus,M1,1,0
1,-2.5,R-HSA-9013106,RHOC GTPase cycle,M1,1,0
1,-4.6,GO:0006586,indolalkylamine metabolic process,M1,1,0
1,-4.6,GO:0019441,tryptophan catabolic process to kynurenine,M1,1,0
1,-2.3,R-HSA-180786,Extension of Telomeres,M1,1,0
1,-2.9,R-HSA-174417,Telomere C-strand (Lagging Strand) Synthesis,M1,1,0
1,-3,GO:0035088,establishment or maintenance of apical/basal cell polarity,M1,1,0
1,-3,hsa04621,NOD-like receptor signaling pathway,M1,1,0
1,-5,GO:0006568,tryptophan metabolic process,M1,1,0
1,-2.8,GO:0009101,glycoprotein biosynthetic process,M1,1,0
1,-2.5,GO:0051276,chromosome organization,M1,1,0
1,-2.2,GO:0009725,response to hormone,M1,1,0
1,-2.6,GO:0050773,regulation of dendrite development,M1,1,0
1,-2.5,GO:0006812,monoatomic cation transport,M1,1,0
1,-3.2,GO:0072523,purine-containing compound catabolic process,M1,1,0
1,-2.2,GO:0031344,regulation of cell projection organization,M1,1,0
1,-2.5,GO:0090132,epithelium migration,M1,1,0
1,-2.4,GO:0036293,response to decreased oxygen levels,M1,1,0
1,-4.3,GO:0051715,cytolysis in another organism,M1,1,0
1,-2.4,GO:0046434,organophosphate catabolic process,M1,1,0
1,-2.3,GO:0006259,DNA metabolic process,M1,1,0
1,-2.7,GO:0009179,purine ribonucleoside diphosphate metabolic process,M1,1,0
1,-2.3,GO:0044283,small molecule biosynthetic process,M1,1,0
1,-2.5,GO:0006351,DNA-templated transcription,M1,1,0
1,-4.6,R-HSA-140834,Extrinsic Pathway of Fibrin Clot Formation,M1,1,0
1,-2.1,GO:0018193,peptidyl-amino acid modification,M1,1,0
1,-2.3,WP4521,Glycosylation and related congenital defects,M1,1,0
1,-2.1,GO:0030031,cell projection assembly,M1,1,0
1,-2.3,GO:0120161,regulation of cold-induced thermogenesis,M1,1,0
1,-2.2,GO:0019359,nicotinamide nucleotide biosynthetic process,M1,1,0
1,-3,GO:0045446,endothelial cell differentiation,M1,1,0
1,-3.1,GO:0046031,ADP metabolic process,M1,1,0
1,-2.8,R-HSA-163841,"Gamma carboxylation, hypusinylation, hydroxylation, and arylsulfatase activation",M1,1,0
1,-2.2,GO:0007059,chromosome segregation,M1,1,0
1,-3.4,GO:0070189,kynurenine metabolic process,M1,1,0
1,-2.4,GO:0007130,synaptonemal complex assembly,M1,1,0
1,-2.3,GO:0000280,nuclear division,M1,1,0
1,-2.4,GO:0090130,tissue migration,M1,1,0
1,-2.1,GO:1901605,alpha-amino acid metabolic process,M1,1,0
1,-2.6,GO:1901292,nucleoside phosphate catabolic process,M1,1,0
1,-4.2,GO:0009072,aromatic amino acid metabolic process,M1,1,0
1,-3,R-HSA-9013149,RAC1 GTPase cycle,M1,1,0
1,-2,R-HSA-422475,Axon guidance,M1,1,0
1,-2.6,GO:0010762,regulation of fibroblast migration,M1,1,0
1,-3.5,GO:0048251,elastic fiber assembly,M1,1,0
1,-2.5,GO:0006486,protein glycosylation,M1,1,0
1,-2.5,M3005,NABA COLLAGENS,M1,1,0
1,-2,hsa04215,Apoptosis - multiple species,M1,1,0
1,-2.1,GO:0001562,response to protozoan,M1,1,0
1,-2.7,GO:0009135,purine nucleoside diphosphate metabolic process,M1,1,0
1,-4.3,GO:0034354,'de novo' NAD biosynthetic process from tryptophan,M1,1,0
1,-6,WP5316,Primary ovarian insufficiency,M1,1,0
1,-2.3,GO:0046578,regulation of Ras protein signal transduction,M1,1,0
1,-2.1,R-HSA-2500257,Resolution of Sister Chromatid Cohesion,M1,1,0
1,-2.2,GO:0019363,pyridine nucleotide biosynthetic process,M1,1,0
1,-2.4,GO:0048871,multicellular organismal-level homeostasis,M1,1,0
1,-3.2,hsa04530,Tight junction,M1,1,0
1,-2,hsa00640,Propanoate metabolism,M1,1,0
1,-4.2,GO:0016310,phosphorylation,M1,1,0
1,-2.1,GO:1901606,alpha-amino acid catabolic process,M1,1,0
1,-2.3,GO:0051301,cell division,M1,1,0
1,-2.1,GO:0030001,metal ion transport,M1,1,0
1,-2.8,GO:0043200,response to amino acid,M1,1,0
1,-2.3,GO:0001738,morphogenesis of a polarized epithelium,M1,1,0
1,-2.1,R-HSA-1474290,Collagen formation,M1,1,0
1,-2.1,GO:0072525,pyridine-containing compound biosynthetic process,M1,1,0
1,-3.1,GO:0045197,establishment or maintenance of epithelial cell apical/basal polarity,M1,1,0
1,-2.3,GO:0021872,forebrain generation of neurons,M1,1,0
1,-3.2,GO:0035265,organ growth,M1,1,0
1,-2.1,R-HSA-8874081,MET activates PTK2 signaling,M1,1,0
1,-2.1,GO:0048285,organelle fission,M1,1,0
1,-3.1,R-HSA-1221632,Meiotic synapsis,M1,1,0
1,-5,CORUM:6276,Factor-Xa-TFPI-factor-VIIa-tissue factor complex,M1,1,0
1,-2.5,GO:0007064,mitotic sister chromatid cohesion,M1,1,0
1,-2,hsa04728,Dopaminergic synapse,M1,1,0
1,-4.1,GO:0051057,positive regulation of small GTPase mediated signal transduction,M1,1,0
1,-2.6,GO:0010631,epithelial cell migration,M1,1,0
1,-2.3,GO:1903046,meiotic cell cycle process,M1,1,0
1,-2.1,GO:0001666,response to hypoxia,M1,1,0
1,-2.2,GO:0033044,regulation of chromosome organization,M1,1,0
1,-3.4,GO:0009261,ribonucleotide catabolic process,M1,1,0
1,-2.1,GO:0070482,response to oxygen levels,M1,1,0
