_MEMBER_gene,_LogP_gene,GO,Description,_PATTERN_,_RANK_,CHILD_GO_gene
1,-4.97401184989142,GO:0008152,metabolic process,M1,1,GO:0006568 tryptophan metabolic process
1,-4.305305955170053,GO:0044419,biological process involved in interspecies interaction between organisms,M1,1,GO:0051715 cytolysis in another organism
1,-4.078430764266892,GO:0048518,positive regulation of biological process,M1,1,GO:0051057 positive regulation of small GTPase mediated signal transduction
1,-4.066712170184785,GO:0009987,cellular process,M1,1,GO:0019835 cytolysis
1,-3.7412732170478824,GO:0051179,localization,M1,1,GO:0098662 inorganic cation transmembrane transport
1,-3.6737549924832127,GO:0032502,developmental process,M1,1,GO:0035239 tube morphogenesis
1,-3.5052281990574246,GO:0050896,response to stimulus,M1,1,GO:0051056 regulation of small GTPase mediated signal transduction
1,-3.1591100710232576,GO:0040007,growth,M1,1,GO:0035265 organ growth
1,-2.677553059138217,GO:0032501,multicellular organismal process,M1,1,GO:0071625 vocalization behavior
1,-2.6278881098195144,GO:0040011,locomotion,M1,1,GO:0010762 regulation of fibroblast migration
1,-2.6113769336130135,GO:0050789,regulation of biological process,M1,1,GO:2000269 regulation of fibroblast apoptotic process
1,-2.5511129892630104,GO:0022414,reproductive process,M1,1,GO:0051321 meiotic cell cycle
1,-2.377003728396696,GO:0042592,homeostatic process,M1,1,GO:0048871 multicellular organismal-level homeostasis
