Category,CategoryID,GO,Description,PARENT_GO,LogP,Enrichment,Z-score,#TotalGeneInLibrary,#GeneInGO,#GeneInHitList,#GeneInGOAndHitList,%InGO,STDV %InGO,GeneID,Hits,Log(q-value),GeneList
GO Biological Processes,19,GO:0031424,keratinization,19_GO:0032502 developmental process,-33,19,24,30293,82,648,33,5.1,0.86,3713|4014|6698|6699|6701|6703|6704|6705|6706|6707|7053|7062|25818|26239|84648|163778|199834|254910|353131|353132|353133|353134|353135|353137|353139|353140|353141|353142|353143|353144|353145|388697|448835,IVL|LORICRIN|SPRR1A|SPRR1B|SPRR2B|SPRR2D|SPRR2E|SPRR2F|SPRR2G|SPRR3|TGM3|TCHH|KLK5|LCE2B|LCE3D|SPRR4|LCE4A|LCE5A|LCE1A|LCE1B|LCE1C|LCE1D|LCE1E|LCE1F|LCE2A|LCE2C|LCE2D|LCE3A|LCE3B|LCE3C|LCE3E|HRNR|LCE6A,-29,gene
Reactome Gene Sets,6,R-HSA-6809371,Formation of the cornified envelope,,-32,14,21,30293,129,648,38,5.9,0.92,2312|3713|4014|6698|6699|6700|6701|6703|6704|6705|6706|6707|7062|11202|25818|26085|26239|43847|43849|84648|126638|149018|199834|254910|353131|353132|353133|353134|353135|353137|353139|353140|353141|353142|353143|353144|353145|448835,FLG|IVL|LORICRIN|SPRR1A|SPRR1B|SPRR2A|SPRR2B|SPRR2D|SPRR2E|SPRR2F|SPRR2G|SPRR3|TCHH|KLK8|KLK5|KLK13|LCE2B|KLK14|KLK12|LCE3D|RPTN|LELP1|LCE4A|LCE5A|LCE1A|LCE1B|LCE1C|LCE1D|LCE1E|LCE1F|LCE2A|LCE2C|LCE2D|LCE3A|LCE3B|LCE3C|LCE3E|LCE6A,-28,gene
Reactome Gene Sets,6,R-HSA-6805567,Keratinization,,-31,9.8,19,30293,214,648,45,6.9,1,2312|3713|4014|6698|6699|6700|6701|6703|6704|6705|6706|6707|7062|11202|25818|26085|26239|43847|43849|81870|83902|84648|85280|126638|149018|199834|254910|353131|353132|353133|353134|353135|353137|353139|353140|353141|353142|353143|353144|353145|448835|100505724|100505753|100507608|100533177,FLG|IVL|LORICRIN|SPRR1A|SPRR1B|SPRR2A|SPRR2B|SPRR2D|SPRR2E|SPRR2F|SPRR2G|SPRR3|TCHH|KLK8|KLK5|KLK13|LCE2B|KLK14|KLK12|KRTAP9-9|KRTAP17-1|LCE3D|KRTAP9-4|RPTN|LELP1|LCE4A|LCE5A|LCE1A|LCE1B|LCE1C|LCE1D|LCE1E|LCE1F|LCE2A|LCE2C|LCE2D|LCE3A|LCE3B|LCE3C|LCE3E|LCE6A|KRTAP9-7|KRTAP16-1|KRTAP9-6|KRTAP29-1,-27,gene
GO Biological Processes,19,GO:0030216,keratinocyte differentiation,19_GO:0032502 developmental process,-26,11,19,30293,143,648,35,5.4,0.89,2312|3664|3713|4014|6698|6699|6701|6703|6704|6705|6706|6707|7053|7062|25818|26239|84648|163778|199834|254910|353131|353132|353133|353134|353135|353137|353139|353140|353141|353142|353143|353144|353145|388697|448835,FLG|IRF6|IVL|LORICRIN|SPRR1A|SPRR1B|SPRR2B|SPRR2D|SPRR2E|SPRR2F|SPRR2G|SPRR3|TGM3|TCHH|KLK5|LCE2B|LCE3D|SPRR4|LCE4A|LCE5A|LCE1A|LCE1B|LCE1C|LCE1D|LCE1E|LCE1F|LCE2A|LCE2C|LCE2D|LCE3A|LCE3B|LCE3C|LCE3E|HRNR|LCE6A,-23,gene
GO Biological Processes,19,GO:0008544,epidermis development,19_GO:0032502 developmental process,-23,6.4,15,30293,334,648,46,7.1,1,646|2263|2312|3664|3713|3914|4014|5650|5948|6647|6698|6699|6701|6703|6704|6705|6706|6707|7053|7062|10913|25818|26239|43847|84648|163778|199834|254910|353131|353132|353133|353134|353135|353137|353139|353140|353141|353142|353143|353144|353145|388697|388698|389208|448835|100129271,BNC1|FGFR2|FLG|IRF6|IVL|LAMB3|LORICRIN|KLK7|RBP2|SOD1|SPRR1A|SPRR1B|SPRR2B|SPRR2D|SPRR2E|SPRR2F|SPRR2G|SPRR3|TGM3|TCHH|EDAR|KLK5|LCE2B|KLK14|LCE3D|SPRR4|LCE4A|LCE5A|LCE1A|LCE1B|LCE1C|LCE1D|LCE1E|LCE1F|LCE2A|LCE2C|LCE2D|LCE3A|LCE3B|LCE3C|LCE3E|HRNR|FLG2|TMPRSS11F|LCE6A|KPLCE,-19,gene
GO Biological Processes,19,GO:0043588,skin development,19_GO:0032502 developmental process,-23,7.1,15,30293,277,648,42,6.5,0.97,2263|2312|3664|3713|4014|6698|6699|6701|6703|6704|6705|6706|6707|7053|7062|10913|25818|26239|57599|80144|84648|121549|163778|199834|254910|353131|353132|353133|353134|353135|353137|353139|353140|353141|353142|353143|353144|353145|388697|388698|389208|448835,FGFR2|FLG|IRF6|IVL|LORICRIN|SPRR1A|SPRR1B|SPRR2B|SPRR2D|SPRR2E|SPRR2F|SPRR2G|SPRR3|TGM3|TCHH|EDAR|KLK5|LCE2B|WDR48|FRAS1|LCE3D|ASCL4|SPRR4|LCE4A|LCE5A|LCE1A|LCE1B|LCE1C|LCE1D|LCE1E|LCE1F|LCE2A|LCE2C|LCE2D|LCE3A|LCE3B|LCE3C|LCE3E|HRNR|FLG2|TMPRSS11F|LCE6A,-19,gene
GO Biological Processes,19,GO:0009913,epidermal cell differentiation,19_GO:0032502 developmental process,-22,8.3,15,30293,203,648,36,5.6,0.9,2312|3664|3713|4014|6647|6698|6699|6701|6703|6704|6705|6706|6707|7053|7062|25818|26239|84648|163778|199834|254910|353131|353132|353133|353134|353135|353137|353139|353140|353141|353142|353143|353144|353145|388697|448835,FLG|IRF6|IVL|LORICRIN|SOD1|SPRR1A|SPRR1B|SPRR2B|SPRR2D|SPRR2E|SPRR2F|SPRR2G|SPRR3|TGM3|TCHH|KLK5|LCE2B|LCE3D|SPRR4|LCE4A|LCE5A|LCE1A|LCE1B|LCE1C|LCE1D|LCE1E|LCE1F|LCE2A|LCE2C|LCE2D|LCE3A|LCE3B|LCE3C|LCE3E|HRNR|LCE6A,-18,gene
Canonical Pathways,11,M5885,NABA MATRISOME ASSOCIATED,,-12,3.1,8.7,30293,751,648,50,7.7,1,866|2162|2312|2658|2662|2668|3458|3603|4312|4314|4317|4319|4321|4908|5265|5362|5858|6441|7053|7062|7078|8492|8745|9037|9547|10154|10563|11197|23601|25849|27302|49860|51156|55801|56999|57188|57795|64066|126638|140862|145264|147372|256394|327657|341640|343641|388697|388698|653509|729238,SERPINA6|F13A1|FLG|GDF2|GDF10|GDNF|IFNG|IL16|MMP1|MMP3|MMP8|MMP10|MMP12|NTF3|SERPINA1|PLXNA2|PZP|SFTPD|TGM3|TCHH|TIMP3|PRSS12|ADAM23|SEMA5A|CXCL14|PLXNC1|CXCL13|WIF1|CLEC5A|PARM1|BMP10|CRNN|SERPINA10|IL26|ADAMTS9|ADAMTSL3|BRINP2|MMP27|RPTN|ISM1|SERPINA12|CCBE1|SERPINA11|SERPINA9|FREM2|TGM6|HRNR|FLG2|SFTPA1|SFTPA2,-8.3,gene
GO Biological Processes,19,GO:0030855,epithelial cell differentiation,19_GO:0032502 developmental process,-12,3.3,8.8,30293,630,648,45,6.9,1,947|2263|2303|2312|2668|3664|3713|4014|5314|6647|6698|6699|6701|6703|6704|6705|6706|6707|7053|7062|8321|25818|26239|27023|27284|84648|163778|199834|254910|284217|353131|353132|353133|353134|353135|353137|353139|353140|353141|353142|353143|353144|353145|388697|448835,CD34|FGFR2|FOXC2|FLG|GDNF|IRF6|IVL|LORICRIN|PKHD1|SOD1|SPRR1A|SPRR1B|SPRR2B|SPRR2D|SPRR2E|SPRR2F|SPRR2G|SPRR3|TGM3|TCHH|FZD1|KLK5|LCE2B|FOXB1|SULT1B1|LCE3D|SPRR4|LCE4A|LCE5A|LAMA1|LCE1A|LCE1B|LCE1C|LCE1D|LCE1E|LCE1F|LCE2A|LCE2C|LCE2D|LCE3A|LCE3B|LCE3C|LCE3E|HRNR|LCE6A,-8.3,gene
GO Biological Processes,19,GO:0018149,peptide cross-linking,19_GO:0008152 metabolic process,-8.4,15,11,30293,28,648,9,1.4,0.46,2162|2312|3713|4014|6698|6699|6704|7053|343641,F13A1|FLG|IVL|LORICRIN|SPRR1A|SPRR1B|SPRR2E|TGM3|TGM6,-5,gene
WikiPathways,27,WP2840,Hair follicle development cytodifferentiation part 3 of 3,,-8.3,7.5,9,30293,87,648,14,2.2,0.57,947|1959|3458|4345|5650|5653|6657|8321|9622|11197|25818|26085|43847|51176,CD34|EGR2|IFNG|CD200|KLK7|KLK6|SOX2|FZD1|KLK4|WIF1|KLK5|KLK13|KLK14|LEF1,-5,gene
Reactome Gene Sets,6,R-HSA-202733,Cell surface interactions at the vascular wall,,-7.4,5.5,7.7,30293,137,648,16,2.5,0.61,634|1088|4312|5669|5670|5671|5672|5673|5675|5676|5678|5680|54210|57126|58494|440533,CEACAM1|CEACAM8|MMP1|PSG1|PSG2|PSG3|PSG4|PSG5|PSG6|PSG7|PSG9|PSG11|TREM1|CD177|JAM2|PSG8,-4.1,gene
Canonical Pathways,11,M3468,NABA ECM REGULATORS,,-7.3,4.1,7.2,30293,238,648,21,3.2,0.7,866|2162|4312|4314|4317|4319|4321|5265|5858|7053|7078|8492|8745|51156|56999|57188|64066|145264|256394|327657|343641,SERPINA6|F13A1|MMP1|MMP3|MMP8|MMP10|MMP12|SERPINA1|PZP|TGM3|TIMP3|PRSS12|ADAM23|SERPINA10|ADAMTS9|ADAMTSL3|MMP27|SERPINA12|SERPINA11|SERPINA9|TGM6,-4,gene
GO Biological Processes,19,GO:0098609,cell-cell adhesion,19_GO:0009987 cellular process,-7,2.9,6.4,30293,541,648,33,5.1,0.86,460|634|947|1012|1088|1524|2243|2266|3680|4345|4756|4897|5314|5341|5670|5673|5680|5797|9073|23114|26011|26285|49860|51176|55714|57126|57502|58494|60437|64084|83872|120114|221935,ASTN1|CEACAM1|CD34|CDH13|CEACAM8|CX3CR1|FGA|FGG|ITGA9|CD200|NEO1|NRCAM|PKHD1|PLEK|PSG2|PSG5|PSG11|PTPRM|CLDN8|NFASC|TENM4|CLDN17|CRNN|LEF1|TENM3|CD177|NLGN4X|JAM2|CDH26|CLSTN2|HMCN1|FAT3|SDK1,-3.8,gene
WikiPathways,27,WP5283,Chronic hyperglycemia impairment of neuron function,,-6.3,9.1,8.2,30293,46,648,9,1.4,0.46,4312|4314|4317|4319|4321|5588|6334|6336|64066,MMP1|MMP3|MMP8|MMP10|MMP12|PRKCQ|SCN8A|SCN10A|MMP27,-3.1,gene
Reactome Gene Sets,6,R-HSA-1474244,Extracellular matrix organization,,-5.6,3.3,5.8,30293,300,648,21,3.2,0.7,351|634|1088|2243|2266|3680|3914|4146|4312|4314|4317|4319|4321|5650|27302|56999|58494|92291|169044|284217|440854,APP|CEACAM1|CEACAM8|FGA|FGG|ITGA9|LAMB3|MATN1|MMP1|MMP3|MMP8|MMP10|MMP12|KLK7|BMP10|ADAMTS9|JAM2|CAPN13|COL22A1|LAMA1|CAPN14,-2.5,gene
WikiPathways,27,WP129,Matrix metalloproteinases,,-5.6,11,8,30293,30,648,7,1.1,0.41,4312|4314|4317|4319|4321|7078|64066,MMP1|MMP3|MMP8|MMP10|MMP12|TIMP3|MMP27,-2.5,gene
Reactome Gene Sets,6,R-HSA-5686938,Regulation of TLR by endogenous ligand,,-5.4,13,8.4,30293,21,648,6,0.93,0.38,2243|2266|6441|23643|653509|729238,FGA|FGG|SFTPD|LY96|SFTPA1|SFTPA2,-2.3,gene
GO Biological Processes,19,GO:0022617,extracellular matrix disassembly,19_GO:0009987 cellular process,-5.3,8.1,7.2,30293,46,648,8,1.2,0.43,4312|4314|4317|4319|4321|5650|9622|25818,MMP1|MMP3|MMP8|MMP10|MMP12|KLK7|KLK4|KLK5,-2.2,gene
Reactome Gene Sets,6,R-HSA-109582,Hemostasis,,-5.3,2.4,5.2,30293,621,648,32,4.9,0.85,351|634|1088|1608|2162|2243|2266|3778|3937|4312|5265|5341|5588|5669|5670|5671|5672|5673|5675|5676|5678|5680|6547|6647|7078|10125|30845|54210|57126|58494|221458|440533,APP|CEACAM1|CEACAM8|DGKG|F13A1|FGA|FGG|KCNMA1|LCP2|MMP1|SERPINA1|PLEK|PRKCQ|PSG1|PSG2|PSG3|PSG4|PSG5|PSG6|PSG7|PSG9|PSG11|SLC8A3|SOD1|TIMP3|RASGRP1|EHD3|TREM1|CD177|JAM2|KIF6|PSG8,-2.2,gene
GO Biological Processes,19,GO:0007420,brain development,19_GO:0032502 developmental process,-5.1,2.3,5,30293,727,648,35,5.4,0.89,238|351|522|1524|1813|1959|2263|2334|2662|2692|2890|4762|4808|4897|5362|6657|6716|8321|8854|9037|9201|9638|9760|9915|10215|10642|22891|23114|27023|27185|51176|57502|63974|79864|140733,ALK|APP|ATP5PF|CX3CR1|DRD2|EGR2|FGFR2|AFF2|GDF10|GHRHR|GRIA1|NEUROG1|NHLH2|NRCAM|PLXNA2|SOX2|SRD5A2|FZD1|ALDH1A2|SEMA5A|DCLK1|FEZ1|TOX|ARNT2|OLIG2|IGF2BP1|ZNF365|NFASC|FOXB1|DISC1|LEF1|NLGN4X|NEUROD6|JHY|MACROD2,-2,gene
GO Biological Processes,19,GO:0060322,head development,19_GO:0032502 developmental process,-4.8,2.2,4.9,30293,777,648,36,5.6,0.9,238|351|522|1524|1662|1813|1959|2263|2334|2662|2692|2890|4762|4808|4897|5362|6657|6716|8321|8854|9037|9201|9638|9760|9915|10215|10642|22891|23114|27023|27185|51176|57502|63974|79864|140733,ALK|APP|ATP5PF|CX3CR1|DDX10|DRD2|EGR2|FGFR2|AFF2|GDF10|GHRHR|GRIA1|NEUROG1|NHLH2|NRCAM|PLXNA2|SOX2|SRD5A2|FZD1|ALDH1A2|SEMA5A|DCLK1|FEZ1|TOX|ARNT2|OLIG2|IGF2BP1|ZNF365|NFASC|FOXB1|DISC1|LEF1|NLGN4X|NEUROD6|JHY|MACROD2,-1.8,gene
GO Biological Processes,19,GO:0051336,regulation of hydrolase activity,19_GO:0065007 biological regulation,-4.7,2.2,4.8,30293,753,648,35,5.4,0.89,866|1124|1378|2263|3001|3458|4249|4345|4908|5265|5341|5362|6622|6647|6657|7074|7078|7498|9891|9938|10125|10154|10563|10842|23329|51156|57119|57718|58504|145264|256394|327657|406929|406988|100126307,SERPINA6|CHN2|CR1|FGFR2|GZMA|IFNG|MGAT5|CD200|NTF3|SERPINA1|PLEK|PLXNA2|SNCA|SOD1|SOX2|TIAM1|TIMP3|XDH|NUAK1|ARHGAP25|RASGRP1|PLXNC1|CXCL13|PPP1R17|TBC1D30|SERPINA10|EPPIN|PPP4R4|ARHGAP22|SERPINA12|SERPINA11|SERPINA9|MIR138-1|MIR205|MIR892B,-1.8,gene
GO Biological Processes,19,GO:0050807,regulation of synapse organization,19_GO:0050789 regulation of biological process,-4.7,3.3,5.3,30293,243,648,17,2.6,0.63,351|1813|4897|6622|7074|8128|8321|10154|11202|26280|27185|54209|57497|58489|58504|64084|83992,APP|DRD2|NRCAM|SNCA|TIAM1|ST8SIA2|FZD1|PLXNC1|KLK8|IL1RAPL2|DISC1|TREM2|LRFN2|ABHD17C|ARHGAP22|CLSTN2|CTTNBP2,-1.7,gene
GO Biological Processes,19,GO:0044092,negative regulation of molecular function,19_GO:0065007 biological regulation,-4.6,2.1,4.7,30293,762,648,35,5.4,0.89,634|845|866|1193|1240|1378|1813|3001|3458|4249|4345|5265|5314|6547|6622|7078|7881|8091|9568|11213|24144|27185|51156|51176|57119|57718|79822|145264|256394|327657|406929|406940|407041|574513|100126307,CEACAM1|CASQ2|SERPINA6|CLIC2|CMKLR1|CR1|DRD2|GZMA|IFNG|MGAT5|CD200|SERPINA1|PKHD1|SLC8A3|SNCA|TIMP3|KCNAB1|HMGA2|GABBR2|IRAK3|TFIP11|DISC1|SERPINA10|LEF1|EPPIN|PPP4R4|ARHGAP28|SERPINA12|SERPINA11|SERPINA9|MIR138-1|MIR148A|MIR34B|MIR508|MIR892B,-1.7,gene
GO Biological Processes,19,GO:0030574,collagen catabolic process,19_GO:0008152 metabolic process,-4.6,8,6.6,30293,41,648,7,1.1,0.41,4312|4314|4317|4319|4321|5653|64066,MMP1|MMP3|MMP8|MMP10|MMP12|KLK6|MMP27,-1.7,gene
GO Biological Processes,19,GO:0030450,"regulation of complement activation, classical pathway",19_GO:0002376 immune system process,-4.6,21,8.8,30293,9,648,4,0.62,0.31,1378|1379|1380|54209,CR1|CR1L|CR2|TREM2,-1.7,gene
GO Biological Processes,19,GO:0044706,multi-multicellular organism process,19_GO:0032501 multicellular organismal process,-4.6,3.5,5.3,30293,198,648,15,2.3,0.59,4184|5669|5670|5671|5672|5673|5675|5676|5678|5680|5858|6647|43847|56977|200558,SMCP|PSG1|PSG2|PSG3|PSG4|PSG5|PSG6|PSG7|PSG9|PSG11|PZP|SOD1|KLK14|STOX2|APLF,-1.7,gene
GO Biological Processes,19,GO:0050803,regulation of synapse structure or activity,19_GO:0065007 biological regulation,-4.5,3.2,5.1,30293,249,648,17,2.6,0.63,351|1813|4897|6622|7074|8128|8321|10154|11202|26280|27185|54209|57497|58489|58504|64084|83992,APP|DRD2|NRCAM|SNCA|TIAM1|ST8SIA2|FZD1|PLXNC1|KLK8|IL1RAPL2|DISC1|TREM2|LRFN2|ABHD17C|ARHGAP22|CLSTN2|CTTNBP2,-1.6,gene
GO Biological Processes,19,GO:0007610,behavior,19_GO:0032501 multicellular organismal process,-4.5,2.3,4.7,30293,616,648,30,4.6,0.83,238|351|460|793|885|894|1524|1813|1959|2334|2668|2740|2890|4762|4808|4908|6547|6622|6647|8867|11202|11280|27023|43847|54209|57502|64084|130507|221935|390259,ALK|APP|ASTN1|CALB1|CCK|CCND2|CX3CR1|DRD2|EGR2|AFF2|GDNF|GLP1R|GRIA1|NEUROG1|NHLH2|NTF3|SLC8A3|SNCA|SOD1|SYNJ1|KLK8|SCN11A|FOXB1|KLK14|TREM2|NLGN4X|CLSTN2|UBR3|SDK1|BSX,-1.6,gene
GO Biological Processes,19,GO:0007611,learning or memory,19_GO:0032501 multicellular organismal process,-4.5,3,5,30293,277,648,18,2.8,0.65,351|793|894|1524|1813|1959|2334|2740|2890|4762|4908|6547|8867|11202|27023|54209|57502|64084,APP|CALB1|CCND2|CX3CR1|DRD2|EGR2|AFF2|GLP1R|GRIA1|NEUROG1|NTF3|SLC8A3|SYNJ1|KLK8|FOXB1|TREM2|NLGN4X|CLSTN2,-1.6,gene
Reactome Gene Sets,6,R-HSA-9757110,Prednisone ADME,,-4.4,19,8.3,30293,10,648,4,0.62,0.31,866|3290|7364|7367,SERPINA6|HSD11B1|UGT2B7|UGT2B17,-1.6,gene
GO Biological Processes,19,GO:0051346,negative regulation of hydrolase activity,19_GO:0065007 biological regulation,-4.3,3.4,5.1,30293,208,648,15,2.3,0.59,866|1378|3001|4249|5265|6622|7078|51156|57119|57718|145264|256394|327657|406929|100126307,SERPINA6|CR1|GZMA|MGAT5|SERPINA1|SNCA|TIMP3|SERPINA10|EPPIN|PPP4R4|SERPINA12|SERPINA11|SERPINA9|MIR138-1|MIR892B,-1.5,gene
GO Biological Processes,19,GO:0002920,regulation of humoral immune response,19_GO:0002376 immune system process,-4.3,7.1,6.1,30293,46,648,7,1.1,0.41,1378|1379|1380|5650|10563|25818|54209,CR1|CR1L|CR2|KLK7|CXCL13|KLK5|TREM2,-1.5,gene
GO Biological Processes,19,GO:0021536,diencephalon development,19_GO:0032502 developmental process,-4.3,5.3,5.6,30293,80,648,9,1.4,0.46,1813|2692|4808|6657|6716|8854|9037|10215|27023,DRD2|GHRHR|NHLH2|SOX2|SRD5A2|ALDH1A2|SEMA5A|OLIG2|FOXB1,-1.5,gene
GO Biological Processes,19,GO:0098742,cell-cell adhesion via plasma-membrane adhesion molecules,19_GO:0009987 cellular process,-4.3,3,4.9,30293,261,648,17,2.6,0.63,634|1012|1088|5670|5673|5680|5797|9073|26011|26285|55714|57126|60437|64084|83872|120114|221935,CEACAM1|CDH13|CEACAM8|PSG2|PSG5|PSG11|PTPRM|CLDN8|TENM4|CLDN17|TENM3|CD177|CDH26|CLSTN2|HMCN1|FAT3|SDK1,-1.5,gene
WikiPathways,27,WP2877,Vitamin D receptor pathway,,-4.3,3.5,5.1,30293,187,648,14,2.2,0.57,634|4345|5588|5653|6699|7078|10125|26239|50486|54210|84766|151888|353134|353137,CEACAM1|CD200|PRKCQ|KLK6|SPRR1B|TIMP3|RASGRP1|LCE2B|G0S2|TREM1|CRACR2A|BTLA|LCE1D|LCE1F,-1.5,gene
Canonical Pathways,11,M5883,NABA SECRETED FACTORS,,-4.2,2.7,4.8,30293,343,648,20,3.1,0.68,2312|2658|2662|2668|3458|3603|4908|7062|9547|10563|11197|27302|49860|55801|57795|126638|140862|147372|388697|388698,FLG|GDF2|GDF10|GDNF|IFNG|IL16|NTF3|TCHH|CXCL14|CXCL13|WIF1|BMP10|CRNN|IL26|BRINP2|RPTN|ISM1|CCBE1|HRNR|FLG2,-1.5,gene
GO Biological Processes,19,GO:0044703,multi-organism reproductive process,19_GO:0022414 reproductive process,-4.2,3.4,5,30293,190,648,14,2.2,0.57,5669|5670|5671|5672|5673|5675|5676|5678|5680|5858|6647|43847|56977|200558,PSG1|PSG2|PSG3|PSG4|PSG5|PSG6|PSG7|PSG9|PSG11|PZP|SOD1|KLK14|STOX2|APLF,-1.4,gene
GO Biological Processes,19,GO:0050890,cognition,19_GO:0032501 multicellular organismal process,-4.2,2.8,4.7,30293,320,648,19,2.9,0.66,351|793|894|1524|1813|1959|2334|2740|2890|4762|4908|6547|8867|11202|27023|54209|57502|64084|353134,APP|CALB1|CCND2|CX3CR1|DRD2|EGR2|AFF2|GLP1R|GRIA1|NEUROG1|NTF3|SLC8A3|SYNJ1|KLK8|FOXB1|TREM2|NLGN4X|CLSTN2|LCE1D,-1.4,gene
GO Biological Processes,19,GO:0007565,female pregnancy,19_GO:0022414 reproductive process,-4.1,3.6,5,30293,169,648,13,2,0.55,5669|5670|5671|5672|5673|5675|5676|5678|5680|5858|6647|56977|200558,PSG1|PSG2|PSG3|PSG4|PSG5|PSG6|PSG7|PSG9|PSG11|PZP|SOD1|STOX2|APLF,-1.4,gene
GO Biological Processes,19,GO:0050878,regulation of body fluid levels,19_GO:0065007 biological regulation,-4.1,2.6,4.6,30293,353,648,20,3.1,0.68,634|1608|1813|2162|2243|2266|2692|2702|4762|5265|5341|6340|6690|7498|10391|27023|51156|89781|90139|340205,CEACAM1|DGKG|DRD2|F13A1|FGA|FGG|GHRHR|GJA5|NEUROG1|SERPINA1|PLEK|SCNN1G|SPINK1|XDH|CORO2B|FOXB1|SERPINA10|HPS4|TSPAN18|TREML1,-1.3,gene
GO Biological Processes,19,GO:0045229,external encapsulating structure organization,19_GO:0009987 cellular process,-4,2.9,4.7,30293,275,648,17,2.6,0.63,351|2303|4146|4312|4314|4317|4319|4321|5650|9622|25818|56999|57188|64066|83872|169044|388697,APP|FOXC2|MATN1|MMP1|MMP3|MMP8|MMP10|MMP12|KLK7|KLK4|KLK5|ADAMTS9|ADAMTSL3|MMP27|HMCN1|COL22A1|HRNR,-1.3,gene
GO Biological Processes,19,GO:0031175,neuron projection development,19_GO:0032502 developmental process,-4,2.1,4.3,30293,691,648,31,4.8,0.84,351|885|1813|1959|2263|2668|4756|4762|4897|4908|5588|5797|6647|7074|8128|9037|9201|9638|10215|10642|11202|11280|22891|23111|23114|27023|50810|63974|116448|120114|284217,APP|CCK|DRD2|EGR2|FGFR2|GDNF|NEO1|NEUROG1|NRCAM|NTF3|PRKCQ|PTPRM|SOD1|TIAM1|ST8SIA2|SEMA5A|DCLK1|FEZ1|OLIG2|IGF2BP1|KLK8|SCN11A|ZNF365|SPART|NFASC|FOXB1|HDGFL3|NEUROD6|OLIG1|FAT3|LAMA1,-1.3,gene
GO Biological Processes,19,GO:0007157,heterophilic cell-cell adhesion via plasma membrane cell adhesion molecules,19_GO:0009987 cellular process,-3.9,6.2,5.6,30293,53,648,7,1.1,0.41,1088|5670|5673|5680|26011|55714|83872,CEACAM8|PSG2|PSG5|PSG11|TENM4|TENM3|HMCN1,-1.2,gene
GO Biological Processes,19,GO:0010466,negative regulation of peptidase activity,19_GO:0048519 negative regulation of biological process,-3.8,3.8,4.9,30293,134,648,11,1.7,0.51,866|1378|5265|6622|7078|51156|57119|145264|256394|327657|100126307,SERPINA6|CR1|SERPINA1|SNCA|TIMP3|SERPINA10|EPPIN|SERPINA12|SERPINA11|SERPINA9|MIR892B,-1.1,gene
GO Biological Processes,19,GO:0000902,cell morphogenesis,19_GO:0032502 developmental process,-3.8,2.1,4.1,30293,680,648,30,4.6,0.83,351|885|1012|1813|1959|2263|2668|4146|4756|4897|4908|5314|5588|5797|6647|7074|8128|9037|9201|9638|10642|11202|11280|22891|23111|23114|27023|51176|60437|120114,APP|CCK|CDH13|DRD2|EGR2|FGFR2|GDNF|MATN1|NEO1|NRCAM|NTF3|PKHD1|PRKCQ|PTPRM|SOD1|TIAM1|ST8SIA2|SEMA5A|DCLK1|FEZ1|IGF2BP1|KLK8|SCN11A|ZNF365|SPART|NFASC|FOXB1|LEF1|CDH26|FAT3,-1.1,gene
GO Biological Processes,19,GO:0071864,positive regulation of cell proliferation in bone marrow,19_GO:0048518 positive regulation of biological process,-3.7,23,8.1,30293,6,648,3,0.46,0.27,2263|8091|51176,FGFR2|HMGA2|LEF1,-1.1,gene
GO Biological Processes,19,GO:0030900,forebrain development,19_GO:0032502 developmental process,-3.7,2.4,4.2,30293,407,648,21,3.2,0.7,238|351|1813|2263|2692|2890|4762|4808|6657|6716|8854|9037|9201|9638|9760|10215|10642|27023|27185|51176|63974,ALK|APP|DRD2|FGFR2|GHRHR|GRIA1|NEUROG1|NHLH2|SOX2|SRD5A2|ALDH1A2|SEMA5A|DCLK1|FEZ1|TOX|OLIG2|IGF2BP1|FOXB1|DISC1|LEF1|NEUROD6,-1,gene
GO Biological Processes,19,GO:0034330,cell junction organization,19_GO:0009987 cellular process,-3.6,2.2,4.1,30293,533,648,25,3.9,0.76,351|1012|1524|1813|2668|2702|2890|4897|5314|6547|6622|8321|9073|10391|11202|22891|26059|26285|54209|57126|57502|60437|64084|123720|221935,APP|CDH13|CX3CR1|DRD2|GDNF|GJA5|GRIA1|NRCAM|PKHD1|SLC8A3|SNCA|FZD1|CLDN8|CORO2B|KLK8|ZNF365|ERC2|CLDN17|TREM2|CD177|NLGN4X|CDH26|CLSTN2|WHAMM|SDK1,-0.97,gene
GO Biological Processes,19,GO:0030198,extracellular matrix organization,19_GO:0009987 cellular process,-3.5,2.7,4.3,30293,273,648,16,2.5,0.61,351|2303|4146|4312|4314|4317|4319|4321|5650|9622|25818|56999|57188|64066|83872|169044,APP|FOXC2|MATN1|MMP1|MMP3|MMP8|MMP10|MMP12|KLK7|KLK4|KLK5|ADAMTS9|ADAMTSL3|MMP27|HMCN1|COL22A1,-0.9,gene
GO Biological Processes,19,GO:0043062,extracellular structure organization,19_GO:0009987 cellular process,-3.5,2.7,4.3,30293,274,648,16,2.5,0.61,351|2303|4146|4312|4314|4317|4319|4321|5650|9622|25818|56999|57188|64066|83872|169044,APP|FOXC2|MATN1|MMP1|MMP3|MMP8|MMP10|MMP12|KLK7|KLK4|KLK5|ADAMTS9|ADAMTSL3|MMP27|HMCN1|COL22A1,-0.9,gene
Reactome Gene Sets,6,R-HSA-391160,Signal regulatory protein family interactions,,-3.5,12,6.3,30293,16,648,4,0.62,0.31,6441|8935|653509|729238,SFTPD|SKAP2|SFTPA1|SFTPA2,-0.9,gene
WikiPathways,27,WP4927,COVID 19 thrombosis and anticoagulation,,-3.5,20,7.4,30293,7,648,3,0.46,0.27,2162|2243|2266,F13A1|FGA|FGG,-0.9,gene
Reactome Gene Sets,6,R-HSA-5688890,Defective CSF2RA causes SMDP4,,-3.5,20,7.4,30293,7,648,3,0.46,0.27,6441|653509|729238,SFTPD|SFTPA1|SFTPA2,-0.9,gene
Reactome Gene Sets,6,R-HSA-5688849,Defective CSF2RB causes SMDP5,,-3.5,20,7.4,30293,7,648,3,0.46,0.27,6441|653509|729238,SFTPD|SFTPA1|SFTPA2,-0.9,gene
Canonical Pathways,11,M285,PID HNF3A PATHWAY,,-3.5,6.4,5.3,30293,44,648,6,0.93,0.38,522|5265|6441|6647|653509|729238,ATP5PF|SERPINA1|SFTPD|SOD1|SFTPA1|SFTPA2,-0.9,gene
GO Biological Processes,19,GO:0061564,axon development,19_GO:0032502 developmental process,-3.5,2.3,4.1,30293,421,648,21,3.2,0.7,351|885|1813|1959|2263|2668|4756|4762|4897|5588|5797|9037|9201|9638|10215|11280|23111|23114|27023|63974|116448,APP|CCK|DRD2|EGR2|FGFR2|GDNF|NEO1|NEUROG1|NRCAM|PRKCQ|PTPRM|SEMA5A|DCLK1|FEZ1|OLIG2|SCN11A|SPART|NFASC|FOXB1|NEUROD6|OLIG1,-0.9,gene
GO Biological Processes,19,GO:0009611,response to wounding,19_GO:0050896 response to stimulus,-3.5,2.3,4.1,30293,422,648,21,3.2,0.7,634|947|1524|1608|1813|2162|2243|2266|4321|5265|5341|5653|6647|6657|6707|11202|51156|54209|89781|340205|349565,CEACAM1|CD34|CX3CR1|DGKG|DRD2|F13A1|FGA|FGG|MMP12|SERPINA1|PLEK|KLK6|SOD1|SOX2|SPRR3|KLK8|SERPINA10|TREM2|HPS4|TREML1|NMNAT3,-0.89,gene
GO Biological Processes,19,GO:0048812,neuron projection morphogenesis,19_GO:0032502 developmental process,-3.5,2.2,4,30293,484,648,23,3.5,0.73,351|885|1813|1959|2263|2668|4756|4897|4908|5588|5797|7074|8128|9037|9201|9638|10642|11202|11280|22891|23111|23114|27023,APP|CCK|DRD2|EGR2|FGFR2|GDNF|NEO1|NRCAM|NTF3|PRKCQ|PTPRM|TIAM1|ST8SIA2|SEMA5A|DCLK1|FEZ1|IGF2BP1|KLK8|SCN11A|ZNF365|SPART|NFASC|FOXB1,-0.89,gene
GO Biological Processes,19,GO:0010951,negative regulation of endopeptidase activity,19_GO:0048519 negative regulation of biological process,-3.4,3.7,4.5,30293,125,648,10,1.5,0.48,866|1378|5265|6622|7078|51156|145264|256394|327657|100126307,SERPINA6|CR1|SERPINA1|SNCA|TIMP3|SERPINA10|SERPINA12|SERPINA11|SERPINA9|MIR892B,-0.88,gene
GO Biological Processes,19,GO:0043086,negative regulation of catalytic activity,19_GO:0065007 biological regulation,-3.4,2.3,4,30293,456,648,22,3.4,0.71,634|866|1378|1813|3001|3458|4249|5265|6547|6622|7078|9568|11213|24144|51156|57119|57718|145264|256394|327657|406929|100126307,CEACAM1|SERPINA6|CR1|DRD2|GZMA|IFNG|MGAT5|SERPINA1|SLC8A3|SNCA|TIMP3|GABBR2|IRAK3|TFIP11|SERPINA10|EPPIN|PPP4R4|SERPINA12|SERPINA11|SERPINA9|MIR138-1|MIR892B,-0.87,gene
GO Biological Processes,19,GO:0032963,collagen metabolic process,19_GO:0008152 metabolic process,-3.4,5.2,4.9,30293,63,648,7,1.1,0.41,4312|4314|4317|4319|4321|5653|64066,MMP1|MMP3|MMP8|MMP10|MMP12|KLK6|MMP27,-0.87,gene
GO Biological Processes,19,GO:0042552,myelination,19_GO:0032502 developmental process,-3.4,3.7,4.5,30293,126,648,10,1.5,0.48,1959|4336|5653|6334|6547|6647|10215|23114|26011|81615,EGR2|MOBP|KLK6|SCN8A|SLC8A3|SOD1|OLIG2|NFASC|TENM4|TMEM163,-0.87,gene
GO Biological Processes,19,GO:0120039,plasma membrane bounded cell projection morphogenesis,19_GO:0032502 developmental process,-3.4,2.2,4,30293,489,648,23,3.5,0.73,351|885|1813|1959|2263|2668|4756|4897|4908|5588|5797|7074|8128|9037|9201|9638|10642|11202|11280|22891|23111|23114|27023,APP|CCK|DRD2|EGR2|FGFR2|GDNF|NEO1|NRCAM|NTF3|PRKCQ|PTPRM|TIAM1|ST8SIA2|SEMA5A|DCLK1|FEZ1|IGF2BP1|KLK8|SCN11A|ZNF365|SPART|NFASC|FOXB1,-0.86,gene
WikiPathways,27,WP5408,15q25 copy number variation,,-3.4,6.1,5.1,30293,46,648,6,0.93,0.38,646|8867|53346|57188|123720|123722,BNC1|SYNJ1|TM6SF1|ADAMTSL3|WHAMM|FSD2,-0.85,gene
GO Biological Processes,19,GO:0007272,ensheathment of neurons,19_GO:0032502 developmental process,-3.4,3.7,4.4,30293,128,648,10,1.5,0.48,1959|4336|5653|6334|6547|6647|10215|23114|26011|81615,EGR2|MOBP|KLK6|SCN8A|SLC8A3|SOD1|OLIG2|NFASC|TENM4|TMEM163,-0.84,gene
GO Biological Processes,19,GO:0008366,axon ensheathment,19_GO:0032502 developmental process,-3.4,3.7,4.4,30293,128,648,10,1.5,0.48,1959|4336|5653|6334|6547|6647|10215|23114|26011|81615,EGR2|MOBP|KLK6|SCN8A|SLC8A3|SOD1|OLIG2|NFASC|TENM4|TMEM163,-0.84,gene
GO Biological Processes,19,GO:0048858,cell projection morphogenesis,19_GO:0032502 developmental process,-3.3,2.2,3.9,30293,494,648,23,3.5,0.73,351|885|1813|1959|2263|2668|4756|4897|4908|5588|5797|7074|8128|9037|9201|9638|10642|11202|11280|22891|23111|23114|27023,APP|CCK|DRD2|EGR2|FGFR2|GDNF|NEO1|NRCAM|NTF3|PRKCQ|PTPRM|TIAM1|ST8SIA2|SEMA5A|DCLK1|FEZ1|IGF2BP1|KLK8|SCN11A|ZNF365|SPART|NFASC|FOXB1,-0.83,gene
GO Biological Processes,19,GO:0001774,microglial cell activation,19_GO:0002376 immune system process,-3.3,7.5,5.4,30293,31,648,5,0.77,0.34,351|1524|3458|6622|54209,APP|CX3CR1|IFNG|SNCA|TREM2,-0.83,gene
Reactome Gene Sets,6,R-HSA-445095,Interaction between L1 and Ankyrins,,-3.3,7.5,5.4,30293,31,648,5,0.77,0.34,4897|6334|6336|11280|23114,NRCAM|SCN8A|SCN10A|SCN11A|NFASC,-0.83,gene
GO Biological Processes,19,GO:0002923,regulation of humoral immune response mediated by circulating immunoglobulin,19_GO:0002376 immune system process,-3.3,10,5.9,30293,18,648,4,0.62,0.31,1378|1379|1380|54209,CR1|CR1L|CR2|TREM2,-0.83,gene
GO Biological Processes,19,GO:0051584,regulation of dopamine uptake involved in synaptic transmission,19_GO:0051179 localization,-3.3,18,6.9,30293,8,648,3,0.46,0.27,1813|2668|6622,DRD2|GDNF|SNCA,-0.83,gene
GO Biological Processes,19,GO:0006776,vitamin A metabolic process,19_GO:0008152 metabolic process,-3.3,18,6.9,30293,8,648,3,0.46,0.27,5948|8854|9227,RBP2|ALDH1A2|LRAT,-0.83,gene
GO Biological Processes,19,GO:0045959,"negative regulation of complement activation, classical pathway",19_GO:0002376 immune system process,-3.3,18,6.9,30293,8,648,3,0.46,0.27,1378|1379|1380,CR1|CR1L|CR2,-0.83,gene
GO Biological Processes,19,GO:0051940,regulation of catecholamine uptake involved in synaptic transmission,19_GO:0051179 localization,-3.3,18,6.9,30293,8,648,3,0.46,0.27,1813|2668|6622,DRD2|GDNF|SNCA,-0.83,gene
Canonical Pathways,11,M18,PID INTEGRIN1 PATHWAY,,-3.3,5,4.8,30293,66,648,7,1.1,0.41,2162|2243|2266|3680|3914|58494|284217,F13A1|FGA|FGG|ITGA9|LAMB3|JAM2|LAMA1,-0.83,gene
WikiPathways,27,WP2839,Hair follicle development organogenesis part 2 of 3,,-3.3,7.3,5.3,30293,32,648,5,0.77,0.34,894|2263|8321|10913|51176,CCND2|FGFR2|FZD1|EDAR|LEF1,-0.81,gene
GO Biological Processes,19,GO:0007422,peripheral nervous system development,19_GO:0032502 developmental process,-3.3,4.3,4.6,30293,87,648,8,1.2,0.43,1959|2668|4808|4908|6334|6526|6647|23114,EGR2|GDNF|NHLH2|NTF3|SCN8A|SLC5A3|SOD1|NFASC,-0.81,gene
GO Biological Processes,19,GO:0048667,cell morphogenesis involved in neuron differentiation,19_GO:0032502 developmental process,-3.2,2.2,3.8,30293,440,648,21,3.2,0.7,351|885|1813|1959|2263|2668|4756|4897|5588|5797|6647|9037|9201|9638|10642|11280|22891|23111|23114|27023|120114,APP|CCK|DRD2|EGR2|FGFR2|GDNF|NEO1|NRCAM|PRKCQ|PTPRM|SOD1|SEMA5A|DCLK1|FEZ1|IGF2BP1|SCN11A|ZNF365|SPART|NFASC|FOXB1|FAT3,-0.79,gene
Reactome Gene Sets,6,R-HSA-416700,Other semaphorin interactions,,-3.2,9.8,5.7,30293,19,648,4,0.62,0.31,5362|9037|10154|54209,PLXNA2|SEMA5A|PLXNC1|TREM2,-0.77,gene
GO Biological Processes,19,GO:0032989,cellular anatomical entity morphogenesis,19_GO:0032502 developmental process,-3.2,2,3.7,30293,605,648,26,4,0.77,351|885|1813|1959|2263|2668|4336|4756|4897|4908|5588|5797|7074|8128|9037|9201|9638|10642|11202|11280|22891|23111|23114|26011|27023|27302,APP|CCK|DRD2|EGR2|FGFR2|GDNF|MOBP|NEO1|NRCAM|NTF3|PRKCQ|PTPRM|TIAM1|ST8SIA2|SEMA5A|DCLK1|FEZ1|IGF2BP1|KLK8|SCN11A|ZNF365|SPART|NFASC|TENM4|FOXB1|BMP10,-0.73,gene
GO Biological Processes,19,GO:0042391,regulation of membrane potential,19_GO:0065007 biological regulation,-3.2,2.2,3.8,30293,446,648,21,3.2,0.7,351|845|1813|2702|2890|2900|3752|3778|4897|6334|6336|6547|6622|6647|11280|23111|30845|54209|55186|57502|340273,APP|CASQ2|DRD2|GJA5|GRIA1|GRIK4|KCND3|KCNMA1|NRCAM|SCN8A|SCN10A|SLC8A3|SNCA|SOD1|SCN11A|SPART|EHD3|TREM2|SLC25A36|NLGN4X|ABCB5,-0.73,gene
GO Biological Processes,19,GO:0002269,leukocyte activation involved in inflammatory response,19_GO:0002376 immune system process,-3.1,6.9,5.1,30293,34,648,5,0.77,0.34,351|1524|3458|6622|54209,APP|CX3CR1|IFNG|SNCA|TREM2,-0.72,gene
Reactome Gene Sets,6,R-HSA-5687613,Diseases associated with surfactant metabolism,,-3.1,16,6.5,30293,9,648,3,0.46,0.27,6441|653509|729238,SFTPD|SFTPA1|SFTPA2,-0.72,gene
GO Biological Processes,19,GO:0071863,regulation of cell proliferation in bone marrow,19_GO:0050789 regulation of biological process,-3.1,16,6.5,30293,9,648,3,0.46,0.27,2263|8091|51176,FGFR2|HMGA2|LEF1,-0.72,gene
GO Biological Processes,19,GO:0009617,response to bacterium,19_GO:0044419 biological process involved in interspecies interaction between organisms,-3.1,1.9,3.6,30293,709,648,29,4.5,0.81,1524|2243|2263|3001|3906|4314|4317|6441|6622|6700|9227|9590|10406|10563|11213|23643|54209|54210|56999|57119|83872|114771|140733|200504|285195|353142|353143|353144|440823,CX3CR1|FGA|FGFR2|GZMA|LALBA|MMP3|MMP8|SFTPD|SNCA|SPRR2A|LRAT|AKAP12|WFDC2|CXCL13|IRAK3|LY96|TREM2|TREM1|ADAMTS9|EPPIN|HMCN1|PGLYRP3|MACROD2|GKN2|SLC9A9|LCE3A|LCE3B|LCE3C|MIAT,-0.72,gene
Reactome Gene Sets,6,R-HSA-1474228,Degradation of the extracellular matrix,,-3,3.3,4.1,30293,140,648,10,1.5,0.48,3914|4312|4314|4317|4319|4321|5650|56999|92291|440854,LAMB3|MMP1|MMP3|MMP8|MMP10|MMP12|KLK7|ADAMTS9|CAPN13|CAPN14,-0.65,gene
GO Biological Processes,19,GO:0014821,phasic smooth muscle contraction,19_GO:0032501 multicellular organismal process,-3,8.9,5.4,30293,21,648,4,0.62,0.31,1813|2668|4762|11280,DRD2|GDNF|NEUROG1|SCN11A,-0.64,gene
Reactome Gene Sets,6,R-HSA-8956319,Nucleotide catabolism,,-3,6.5,4.9,30293,36,648,5,0.77,0.34,956|1807|7498|93034|100526794,ENTPD3|DPYS|XDH|NT5C1B|NT5C1B-RDH14,-0.63,gene
GO Biological Processes,19,GO:0030318,melanocyte differentiation,19_GO:0043473 pigmentation,-3,8.5,5.2,30293,22,648,4,0.62,0.31,8975|56999|83938|89781,USP13|ADAMTS9|LRMDA|HPS4,-0.58,gene
GO Biological Processes,19,GO:0030449,regulation of complement activation,19_GO:0002376 immune system process,-3,8.5,5.2,30293,22,648,4,0.62,0.31,1378|1379|1380|54209,CR1|CR1L|CR2|TREM2,-0.58,gene
Reactome Gene Sets,6,R-HSA-140875,Common Pathway of Fibrin Clot Formation,,-3,8.5,5.2,30293,22,648,4,0.62,0.31,2162|2243|2266|57126,F13A1|FGA|FGG|CD177,-0.58,gene
GO Biological Processes,19,GO:0044057,regulation of system process,19_GO:0032501 multicellular organismal process,-2.9,2,3.5,30293,560,648,24,3.7,0.74,351|845|1193|1813|1959|2243|2266|2702|2740|3680|3752|4762|6336|6547|6647|6690|10391|26011|27302|30845|57502|58494|407041|407042,APP|CASQ2|CLIC2|DRD2|EGR2|FGA|FGG|GJA5|GLP1R|ITGA9|KCND3|NEUROG1|SCN10A|SLC8A3|SOD1|SPINK1|CORO2B|TENM4|BMP10|EHD3|NLGN4X|JAM2|MIR34B|MIR34C,-0.58,gene
GO Biological Processes,19,GO:0051896,regulation of phosphatidylinositol 3-kinase/protein kinase B signal transduction,19_GO:0050896 response to stimulus,-2.9,2.6,3.8,30293,252,648,14,2.2,0.57,634|1524|1813|5314|7498|9037|10125|49860|54209|55801|145264|406929|407041|407042,CEACAM1|CX3CR1|DRD2|PKHD1|XDH|SEMA5A|RASGRP1|CRNN|TREM2|IL26|SERPINA12|MIR138-1|MIR34B|MIR34C,-0.57,gene
GO Biological Processes,19,GO:0035282,segmentation,19_GO:0032502 developmental process,-2.9,3.8,4.1,30293,98,648,8,1.2,0.43,1959|2303|4762|5362|8854|27023|51176|79192,EGR2|FOXC2|NEUROG1|PLXNA2|ALDH1A2|FOXB1|LEF1|IRX1,-0.55,gene
GO Biological Processes,19,GO:0034329,cell junction assembly,19_GO:0009987 cellular process,-2.9,2.5,3.7,30293,283,648,15,2.3,0.59,351|1012|1813|2702|2890|4897|8321|9073|10391|26285|57502|60437|64084|123720|221935,APP|CDH13|DRD2|GJA5|GRIA1|NRCAM|FZD1|CLDN8|CORO2B|CLDN17|NLGN4X|CDH26|CLSTN2|WHAMM|SDK1,-0.55,gene
GO Biological Processes,19,GO:0051960,regulation of nervous system development,19_GO:0032502 developmental process,-2.9,2.1,3.5,30293,468,648,21,3.2,0.7,1524|1813|1959|3458|5362|7038|7074|8128|9037|10154|10215|22891|23105|23111|23500|26011|27185|51176|54209|58494|64084,CX3CR1|DRD2|EGR2|IFNG|PLXNA2|TG|TIAM1|ST8SIA2|SEMA5A|PLXNC1|OLIG2|ZNF365|FSTL4|SPART|DAAM2|TENM4|DISC1|LEF1|TREM2|JAM2|CLSTN2,-0.54,gene
GO Biological Processes,19,GO:0050680,negative regulation of epithelial cell proliferation,19_GO:0048519 negative regulation of biological process,-2.9,3,3.8,30293,173,648,11,1.7,0.51,634|1813|2263|2658|3664|5797|6657|7498|9500|55801|406988,CEACAM1|DRD2|FGFR2|GDF2|IRF6|PTPRM|SOX2|XDH|MAGED1|IL26|MIR205,-0.53,gene
GO Biological Processes,19,GO:0050678,regulation of epithelial cell proliferation,19_GO:0050789 regulation of biological process,-2.9,2.2,3.6,30293,407,648,19,2.9,0.66,634|1012|1813|2263|2658|3664|4321|5314|5797|6657|6690|7498|8854|9037|9500|49860|55801|57599|406988,CEACAM1|CDH13|DRD2|FGFR2|GDF2|IRF6|MMP12|PKHD1|PTPRM|SOX2|SPINK1|XDH|ALDH1A2|SEMA5A|MAGED1|CRNN|IL26|WDR48|MIR205,-0.52,gene
GO Biological Processes,19,GO:0001819,positive regulation of cytokine production,19_GO:0048518 positive regulation of biological process,-2.9,2,3.5,30293,503,648,22,3.4,0.71,351|947|1813|2658|3458|3603|4317|4321|4345|5588|6647|9590|10125|11213|23601|23643|54209|55801|80342|84433|116449|147372,APP|CD34|DRD2|GDF2|IFNG|IL16|MMP8|MMP12|CD200|PRKCQ|SOD1|AKAP12|RASGRP1|IRAK3|CLEC5A|LY96|TREM2|IL26|TRAF3IP3|CARD11|CLNK|CCBE1,-0.52,gene
GO Biological Processes,19,GO:0061900,glial cell activation,19_GO:0032501 multicellular organismal process,-2.9,6,4.6,30293,39,648,5,0.77,0.34,351|1524|3458|6622|54209,APP|CX3CR1|IFNG|SNCA|TREM2,-0.52,gene
GO Biological Processes,19,GO:0002924,negative regulation of humoral immune response mediated by circulating immunoglobulin,19_GO:0002376 immune system process,-2.8,13,5.8,30293,11,648,3,0.46,0.27,1378|1379|1380,CR1|CR1L|CR2,-0.52,gene
GO Biological Processes,19,GO:0007613,memory,19_GO:0032501 multicellular organismal process,-2.8,3.4,3.9,30293,124,648,9,1.4,0.46,793|894|1524|1813|2890|4908|6547|11202|54209,CALB1|CCND2|CX3CR1|DRD2|GRIA1|NTF3|SLC8A3|KLK8|TREM2,-0.52,gene
GO Biological Processes,19,GO:0019226,transmission of nerve impulse,19_GO:0032501 multicellular organismal process,-2.8,4.8,4.3,30293,58,648,6,0.93,0.38,2890|4897|6334|6647|11280|146183,GRIA1|NRCAM|SCN8A|SOD1|SCN11A|OTOA,-0.51,gene
GO Biological Processes,19,GO:0021761,limbic system development,19_GO:0032502 developmental process,-2.8,3.4,3.9,30293,125,648,9,1.4,0.46,238|1813|2263|4808|6716|9638|27023|51176|63974,ALK|DRD2|FGFR2|NHLH2|SRD5A2|FEZ1|FOXB1|LEF1|NEUROD6,-0.5,gene
GO Biological Processes,19,GO:0002922,positive regulation of humoral immune response,19_GO:0002376 immune system process,-2.8,7.8,4.9,30293,24,648,4,0.62,0.31,1378|5650|25818|54209,CR1|KLK7|KLK5|TREM2,-0.49,gene
GO Biological Processes,19,GO:0098719,sodium ion import across plasma membrane,19_GO:0051179 localization,-2.8,7.8,4.9,30293,24,648,4,0.62,0.31,6340|6523|285195|285335,SCNN1G|SLC5A1|SLC9A9|SLC9C1,-0.49,gene
GO Biological Processes,19,GO:0010921,regulation of phosphatase activity,19_GO:0008152 metabolic process,-2.8,4.8,4.3,30293,59,648,6,0.93,0.38,3458|4249|5341|9891|10842|57718,IFNG|MGAT5|PLEK|NUAK1|PPP1R17|PPP4R4,-0.49,gene
GO Biological Processes,19,GO:0032409,regulation of transporter activity,19_GO:0065007 biological regulation,-2.8,2.5,3.6,30293,262,648,14,2.2,0.57,351|845|1193|1813|3458|6622|7881|54209|56704|84766|149111|407041|574513|729993,APP|CASQ2|CLIC2|DRD2|IFNG|SNCA|KCNAB1|TREM2|JPH1|CRACR2A|CNIH3|MIR34B|MIR508|SHISA9,-0.48,gene
GO Biological Processes,19,GO:0002274,myeloid leukocyte activation,19_GO:0002376 immune system process,-2.8,3.1,3.8,30293,152,648,10,1.5,0.48,351|1524|3458|3937|6622|10125|11280|54209|81501|116449,APP|CX3CR1|IFNG|LCP2|SNCA|RASGRP1|SCN11A|TREM2|DCSTAMP|CLNK,-0.48,gene
GO Biological Processes,19,GO:0045765,regulation of angiogenesis,19_GO:0032502 developmental process,-2.8,2.3,3.5,30293,352,648,17,2.6,0.63,634|947|1524|2303|2658|5797|8091|9037|10563|56999|90139|140862|147372|406929|406988|407041|407042,CEACAM1|CD34|CX3CR1|FOXC2|GDF2|PTPRM|HMGA2|SEMA5A|CXCL13|ADAMTS9|TSPAN18|ISM1|CCBE1|MIR138-1|MIR205|MIR34B|MIR34C,-0.48,gene
GO Biological Processes,19,GO:0010842,retina layer formation,19_GO:0032502 developmental process,-2.7,7.5,4.8,30293,25,648,4,0.62,0.31,793|5797|120114|221935,CALB1|PTPRM|FAT3|SDK1,-0.44,gene
GO Biological Processes,19,GO:0030432,peristalsis,19_GO:0032501 multicellular organismal process,-2.7,12,5.5,30293,12,648,3,0.46,0.27,1813|2668|4762,DRD2|GDNF|NEUROG1,-0.44,gene
GO Biological Processes,19,GO:1903670,regulation of sprouting angiogenesis,19_GO:0032502 developmental process,-2.7,4.6,4.2,30293,61,648,6,0.93,0.38,634|56999|90139|406929|407041|407042,CEACAM1|ADAMTS9|TSPAN18|MIR138-1|MIR34B|MIR34C,-0.43,gene
Canonical Pathways,11,M174,PID UPA UPAR PATHWAY,,-2.7,5.6,4.4,30293,42,648,5,0.77,0.34,2243|2266|4314|4321|9622,FGA|FGG|MMP3|MMP12|KLK4,-0.43,gene
WikiPathways,27,WP4148,Splicing factor NOVA regulated synaptic proteins,,-2.7,5.6,4.4,30293,42,648,5,0.77,0.34,2037|3778|4756|5596|9568,EPB41L2|KCNMA1|NEO1|MAPK4|GABBR2,-0.43,gene
GO Biological Processes,19,GO:1901342,regulation of vasculature development,19_GO:0032502 developmental process,-2.7,2.2,3.4,30293,361,648,17,2.6,0.63,634|947|1524|2303|2658|5797|8091|9037|10563|56999|90139|140862|147372|406929|406988|407041|407042,CEACAM1|CD34|CX3CR1|FOXC2|GDF2|PTPRM|HMGA2|SEMA5A|CXCL13|ADAMTS9|TSPAN18|ISM1|CCBE1|MIR138-1|MIR205|MIR34B|MIR34C,-0.39,gene
KEGG Pathway,24,hsa04514,Cell adhesion molecules,,-2.7,3,3.6,30293,158,648,10,1.5,0.48,947|3680|4756|4897|5797|9073|23114|26285|57502|58494,CD34|ITGA9|NEO1|NRCAM|PTPRM|CLDN8|NFASC|CLDN17|NLGN4X|JAM2,-0.39,gene
GO Biological Processes,19,GO:1903977,positive regulation of glial cell migration,19_GO:0040011 locomotion,-2.6,11,5.2,30293,13,648,3,0.46,0.27,1524|7074|54209,CX3CR1|TIAM1|TREM2,-0.37,gene
GO Biological Processes,19,GO:0032823,regulation of natural killer cell differentiation,19_GO:0002376 immune system process,-2.6,11,5.2,30293,13,648,3,0.46,0.27,9760|10125|114771,TOX|RASGRP1|PGLYRP3,-0.37,gene
GO Biological Processes,19,GO:0045916,negative regulation of complement activation,19_GO:0002376 immune system process,-2.6,11,5.2,30293,13,648,3,0.46,0.27,1378|1379|1380,CR1|CR1L|CR2,-0.37,gene
GO Biological Processes,19,GO:0010001,glial cell differentiation,19_GO:0032502 developmental process,-2.6,2.6,3.5,30293,215,648,12,1.9,0.53,351|1959|3458|4336|6547|6647|6657|10215|26011|51176|54209|116448,APP|EGR2|IFNG|MOBP|SLC8A3|SOD1|SOX2|OLIG2|TENM4|LEF1|TREM2|OLIG1,-0.36,gene
KEGG Pathway,24,hsa04610,Complement and coagulation cascades,,-2.6,3.8,3.9,30293,86,648,7,1.1,0.41,1378|1379|1380|2162|2243|2266|5265,CR1|CR1L|CR2|F13A1|FGA|FGG|SERPINA1,-0.35,gene
GO Biological Processes,19,GO:0007409,axonogenesis,19_GO:0032502 developmental process,-2.6,2.2,3.3,30293,366,648,17,2.6,0.63,351|885|1813|1959|2263|2668|4756|4897|5588|5797|9037|9201|9638|11280|23111|23114|27023,APP|CCK|DRD2|EGR2|FGFR2|GDNF|NEO1|NRCAM|PRKCQ|PTPRM|SEMA5A|DCLK1|FEZ1|SCN11A|SPART|NFASC|FOXB1,-0.35,gene
GO Biological Processes,19,GO:0002275,myeloid cell activation involved in immune response,19_GO:0002376 immune system process,-2.6,4.3,4,30293,65,648,6,0.93,0.38,1524|3458|10125|11280|54209|116449,CX3CR1|IFNG|RASGRP1|SCN11A|TREM2|CLNK,-0.34,gene
GO Biological Processes,19,GO:0051898,negative regulation of phosphatidylinositol 3-kinase/protein kinase B signal transduction,19_GO:0048519 negative regulation of biological process,-2.6,4.3,4,30293,65,648,6,0.93,0.38,1813|5314|7498|54209|407041|407042,DRD2|PKHD1|XDH|TREM2|MIR34B|MIR34C,-0.34,gene
GO Biological Processes,19,GO:0050808,synapse organization,19_GO:0009987 cellular process,-2.6,2.2,3.3,30293,337,648,16,2.5,0.61,351|1524|1813|2668|2890|4897|6547|6622|8321|11202|22891|26059|54209|57502|64084|221935,APP|CX3CR1|DRD2|GDNF|GRIA1|NRCAM|SLC8A3|SNCA|FZD1|KLK8|ZNF365|ERC2|TREM2|NLGN4X|CLSTN2|SDK1,-0.33,gene
GO Biological Processes,19,GO:0007160,cell-matrix adhesion,19_GO:0009987 cellular process,-2.6,3.1,3.6,30293,137,648,9,1.4,0.46,947|2243|2266|3680|7074|10391|56999|123720|146183,CD34|FGA|FGG|ITGA9|TIAM1|CORO2B|ADAMTS9|WHAMM|OTOA,-0.32,gene
GO Biological Processes,19,GO:0045745,positive regulation of G protein-coupled receptor signaling pathway,19_GO:0048518 positive regulation of biological process,-2.5,6.7,4.4,30293,28,648,4,0.62,0.31,1813|5653|25818|43847,DRD2|KLK6|KLK5|KLK14,-0.32,gene
GO Biological Processes,19,GO:1903671,negative regulation of sprouting angiogenesis,19_GO:0032502 developmental process,-2.5,6.7,4.4,30293,28,648,4,0.62,0.31,56999|406929|407041|407042,ADAMTS9|MIR138-1|MIR34B|MIR34C,-0.32,gene
GO Biological Processes,19,GO:0070372,regulation of ERK1 and ERK2 cascade,19_GO:0050896 response to stimulus,-2.5,2.3,3.3,30293,309,648,15,2.3,0.59,351|634|1813|2243|2263|2266|5314|7074|9590|10125|54209|55801|401135|406929|406988,APP|CEACAM1|DRD2|FGA|FGFR2|FGG|PKHD1|TIAM1|AKAP12|RASGRP1|TREM2|IL26|SYT14P1|MIR138-1|MIR205,-0.31,gene
GO Biological Processes,19,GO:0090175,regulation of establishment of planar polarity,19_GO:0032502 developmental process,-2.5,10,5,30293,14,648,3,0.46,0.27,5314|8321|79864,PKHD1|FZD1|JHY,-0.31,gene
WikiPathways,27,WP5279,Mineralocorticoid biosynthesis,,-2.5,10,5,30293,14,648,3,0.46,0.27,3290|6716|7364,HSD11B1|SRD5A2|UGT2B7,-0.31,gene
GO Biological Processes,19,GO:0016082,synaptic vesicle priming,19_GO:0051179 localization,-2.5,10,5,30293,14,648,3,0.46,0.27,6622|8867|26059,SNCA|SYNJ1|ERC2,-0.31,gene
WikiPathways,27,WP4336,ncRNAs involved in Wnt signaling in hepatocellular carcinoma,,-2.5,3.7,3.7,30293,89,648,7,1.1,0.41,894|8321|11197|27123|51176|51701|283106,CCND2|FZD1|WIF1|DKK2|LEF1|NLK|CSNK2A3,-0.31,gene
GO Biological Processes,19,GO:0042742,defense response to bacterium,19_GO:0044419 biological process involved in interspecies interaction between organisms,-2.5,2.3,3.3,30293,311,648,15,2.3,0.59,2243|3906|6441|6700|10406|10563|54209|54210|57119|114771|285195|353142|353143|353144|440823,FGA|LALBA|SFTPD|SPRR2A|WFDC2|CXCL13|TREM2|TREM1|EPPIN|PGLYRP3|SLC9A9|LCE3A|LCE3B|LCE3C|MIAT,-0.3,gene
WikiPathways,27,WP428,Wnt signaling,,-2.5,3.3,3.6,30293,114,648,8,1.2,0.43,894|8321|11197|23500|27123|51176|51701|283106,CCND2|FZD1|WIF1|DAAM2|DKK2|LEF1|NLK|CSNK2A3,-0.29,gene
GO Biological Processes,19,GO:0051926,negative regulation of calcium ion transport,19_GO:0051179 localization,-2.5,4.1,3.8,30293,68,648,6,0.93,0.38,845|1193|1813|6690|57119|130507,CASQ2|CLIC2|DRD2|SPINK1|EPPIN|UBR3,-0.28,gene
Canonical Pathways,11,M3008,NABA ECM GLYCOPROTEINS,,-2.5,2.6,3.4,30293,196,648,11,1.7,0.51,2243|2266|3914|4146|22798|80144|83872|146177|200403|284217|347252,FGA|FGG|LAMB3|MATN1|LAMB4|FRAS1|HMCN1|VWA3A|VWA3B|LAMA1|IGFBPL1,-0.27,gene
Reactome Gene Sets,6,R-HSA-168179,Toll Like Receptor TLR1:TLR2 Cascade,,-2.5,3.2,3.5,30293,116,648,8,1.2,0.43,351|2243|2266|6441|11213|23643|653509|729238,APP|FGA|FGG|SFTPD|IRAK3|LY96|SFTPA1|SFTPA2,-0.27,gene
Reactome Gene Sets,6,R-HSA-181438,Toll Like Receptor 2 (TLR2) Cascade,,-2.5,3.2,3.5,30293,116,648,8,1.2,0.43,351|2243|2266|6441|11213|23643|653509|729238,APP|FGA|FGG|SFTPD|IRAK3|LY96|SFTPA1|SFTPA2,-0.27,gene
GO Biological Processes,19,GO:0045744,negative regulation of G protein-coupled receptor signaling pathway,19_GO:0048519 negative regulation of biological process,-2.5,4.9,4,30293,48,648,5,0.77,0.34,157|1813|5341|6622|43847,GRK3|DRD2|PLEK|SNCA|KLK14,-0.27,gene
GO Biological Processes,19,GO:0001764,neuron migration,19_GO:0032502 developmental process,-2.4,3,3.5,30293,142,648,9,1.4,0.46,460|885|1813|4756|4897|9201|27185|84892|120114,ASTN1|CCK|DRD2|NEO1|NRCAM|DCLK1|DISC1|POMGNT2|FAT3,-0.27,gene
GO Biological Processes,19,GO:0050921,positive regulation of chemotaxis,19_GO:0040011 locomotion,-2.4,3,3.5,30293,142,648,9,1.4,0.46,1012|1240|1524|3603|4908|7074|9037|10563|54209,CDH13|CMKLR1|CX3CR1|IL16|NTF3|TIAM1|SEMA5A|CXCL13|TREM2,-0.27,gene
GO Biological Processes,19,GO:0019228,neuronal action potential,19_GO:0032501 multicellular organismal process,-2.4,6.2,4.2,30293,30,648,4,0.62,0.31,2890|6334|6647|11280,GRIA1|SCN8A|SOD1|SCN11A,-0.27,gene
GO Biological Processes,19,GO:0002430,complement receptor mediated signaling pathway,19_GO:0002376 immune system process,-2.4,9.3,4.8,30293,15,648,3,0.46,0.27,1240|1378|1380,CMKLR1|CR1|CR2,-0.27,gene
GO Biological Processes,19,GO:1904683,regulation of metalloendopeptidase activity,19_GO:0008152 metabolic process,-2.4,9.3,4.8,30293,15,648,3,0.46,0.27,7078|406988|100126307,TIMP3|MIR205|MIR892B,-0.27,gene
GO Biological Processes,19,GO:0010919,regulation of inositol phosphate biosynthetic process,19_GO:0008152 metabolic process,-2.4,9.3,4.8,30293,15,648,3,0.46,0.27,117|5341|6622,ADCYAP1R1|PLEK|SNCA,-0.27,gene
GO Biological Processes,19,GO:0007416,synapse assembly,19_GO:0032502 developmental process,-2.4,3.2,3.5,30293,117,648,8,1.2,0.43,351|1813|2890|4897|8321|57502|64084|221935,APP|DRD2|GRIA1|NRCAM|FZD1|NLGN4X|CLSTN2|SDK1,-0.26,gene
GO Biological Processes,19,GO:0001818,negative regulation of cytokine production,19_GO:0048519 negative regulation of biological process,-2.4,2.1,3.1,30293,382,648,17,2.6,0.63,634|947|1240|1378|1524|3458|4345|5678|6441|11213|51176|54209|114771|406988|574511|100126333|100126343,CEACAM1|CD34|CMKLR1|CR1|CX3CR1|IFNG|CD200|PSG9|SFTPD|IRAK3|LEF1|TREM2|PGLYRP3|MIR205|MIR506|MIR708|MIR874,-0.25,gene
GO Biological Processes,19,GO:0045055,regulated exocytosis,19_GO:0051179 localization,-2.4,2.9,3.4,30293,144,648,9,1.4,0.46,5341|6622|8867|10125|11280|26059|57586|90139|116449,PLEK|SNCA|SYNJ1|RASGRP1|SCN11A|ERC2|SYT13|TSPAN18|CLNK,-0.24,gene
GO Biological Processes,19,GO:1903522,regulation of blood circulation,19_GO:0032501 multicellular organismal process,-2.4,2.4,3.2,30293,258,648,13,2,0.55,845|1193|1813|2243|2266|2702|2740|3680|3752|6336|6547|27302|30845,CASQ2|CLIC2|DRD2|FGA|FGG|GJA5|GLP1R|ITGA9|KCND3|SCN10A|SLC8A3|BMP10|EHD3,-0.24,gene
GO Biological Processes,19,GO:0008015,blood circulation,19_GO:0032501 multicellular organismal process,-2.4,2,3.1,30293,417,648,18,2.8,0.65,634|845|1813|2243|2266|2303|2702|2740|3680|3752|3778|6334|6336|6340|6647|9590|10391|11280,CEACAM1|CASQ2|DRD2|FGA|FGG|FOXC2|GJA5|GLP1R|ITGA9|KCND3|KCNMA1|SCN8A|SCN10A|SCNN1G|SOD1|AKAP12|CORO2B|SCN11A,-0.23,gene
GO Biological Processes,19,GO:0022898,regulation of transmembrane transporter activity,19_GO:0051179 localization,-2.4,2.4,3.2,30293,230,648,12,1.9,0.53,351|845|1193|1813|3458|6622|7881|54209|56704|84766|149111|729993,APP|CASQ2|CLIC2|DRD2|IFNG|SNCA|KCNAB1|TREM2|JPH1|CRACR2A|CNIH3|SHISA9,-0.22,gene
GO Biological Processes,19,GO:0150076,neuroinflammatory response,19_GO:0050896 response to stimulus,-2.4,4.7,3.8,30293,50,648,5,0.77,0.34,351|1524|3458|6622|54209,APP|CX3CR1|IFNG|SNCA|TREM2,-0.22,gene
WikiPathways,27,WP2806,Complement system,,-2.4,3.4,3.5,30293,95,648,7,1.1,0.41,1378|1380|2162|2243|2266|653509|729238,CR1|CR2|F13A1|FGA|FGG|SFTPA1|SFTPA2,-0.22,gene
GO Biological Processes,19,GO:0010720,positive regulation of cell development,19_GO:0032502 developmental process,-2.4,2,3.1,30293,452,648,19,2.9,0.66,646|1378|1524|1813|1959|3458|5362|7074|9037|9760|10125|10154|10215|22891|26011|27185|51176|54209|81501,BNC1|CR1|CX3CR1|DRD2|EGR2|IFNG|PLXNA2|TIAM1|SEMA5A|TOX|RASGRP1|PLXNC1|OLIG2|ZNF365|TENM4|DISC1|LEF1|TREM2|DCSTAMP,-0.22,gene
GO Biological Processes,19,GO:0022401,negative adaptation of signaling pathway,19_GO:0048519 negative regulation of biological process,-2.4,8.8,4.6,30293,16,648,3,0.46,0.27,157|1813|9413,GRK3|DRD2|ENTREP1,-0.22,gene
GO Biological Processes,19,GO:0002890,negative regulation of immunoglobulin mediated immune response,19_GO:0002376 immune system process,-2.4,8.8,4.6,30293,16,648,3,0.46,0.27,1378|1379|1380,CR1|CR1L|CR2,-0.22,gene
GO Biological Processes,19,GO:2001212,regulation of vasculogenesis,19_GO:0032502 developmental process,-2.4,8.8,4.6,30293,16,648,3,0.46,0.27,634|947|7498,CEACAM1|CD34|XDH,-0.22,gene
GO Biological Processes,19,GO:0072378,"blood coagulation, fibrin clot formation",19_GO:0032501 multicellular organismal process,-2.4,8.8,4.6,30293,16,648,3,0.46,0.27,2162|2243|2266,F13A1|FGA|FGG,-0.22,gene
GO Biological Processes,19,GO:0002713,negative regulation of B cell mediated immunity,19_GO:0002376 immune system process,-2.4,8.8,4.6,30293,16,648,3,0.46,0.27,1378|1379|1380,CR1|CR1L|CR2,-0.22,gene
GO Biological Processes,19,GO:0021984,adenohypophysis development,19_GO:0032502 developmental process,-2.4,8.8,4.6,30293,16,648,3,0.46,0.27,1813|2692|6657,DRD2|GHRHR|SOX2,-0.22,gene
GO Biological Processes,19,GO:0042220,response to cocaine,19_GO:0050896 response to stimulus,-2.3,4.6,3.8,30293,51,648,5,0.77,0.34,1813|2890|7074|8128|221935,DRD2|GRIA1|TIAM1|ST8SIA2|SDK1,-0.21,gene
GO Biological Processes,19,GO:0051962,positive regulation of nervous system development,19_GO:0032502 developmental process,-2.3,2.2,3.1,30293,294,648,14,2.2,0.57,1524|1813|1959|3458|5362|7074|8128|9037|10154|10215|22891|26011|27185|64084,CX3CR1|DRD2|EGR2|IFNG|PLXNA2|TIAM1|ST8SIA2|SEMA5A|PLXNC1|OLIG2|ZNF365|TENM4|DISC1|CLSTN2,-0.2,gene
GO Biological Processes,19,GO:0032103,positive regulation of response to external stimulus,19_GO:0048518 positive regulation of biological process,-2.3,1.8,3,30293,557,648,22,3.4,0.71,351|1012|1240|1524|3458|3603|4317|4321|4908|5650|6622|7074|9037|9865|10125|10563|11213|23643|25818|54209|116449|285852,APP|CDH13|CMKLR1|CX3CR1|IFNG|IL16|MMP8|MMP12|NTF3|KLK7|SNCA|TIAM1|SEMA5A|TRIL|RASGRP1|CXCL13|IRAK3|LY96|KLK5|TREM2|CLNK|TREML4,-0.2,gene
GO Biological Processes,19,GO:0031623,receptor internalization,19_GO:0051179 localization,-2.3,3.8,3.6,30293,73,648,6,0.93,0.38,157|634|1813|2890|6622|9413,GRK3|CEACAM1|DRD2|GRIA1|SNCA|ENTREP1,-0.2,gene
GO Biological Processes,19,GO:0003014,renal system process,19_GO:0032501 multicellular organismal process,-2.3,3.1,3.4,30293,122,648,8,1.2,0.43,947|1813|2702|3778|6523|10391|11280|26249,CD34|DRD2|GJA5|KCNMA1|SLC5A1|CORO2B|SCN11A|KLHL3,-0.2,gene
GO Biological Processes,19,GO:0042445,hormone metabolic process,19_GO:0008152 metabolic process,-2.3,2.5,3.2,30293,205,648,11,1.7,0.51,2692|5653|6716|7038|7364|7367|8854|9227|27284|57665|389434,GHRHR|KLK6|SRD5A2|TG|UGT2B7|UGT2B17|ALDH1A2|LRAT|SULT1B1|RDH14|IYD,-0.2,gene
GO Biological Processes,19,GO:0010975,regulation of neuron projection development,19_GO:0032502 developmental process,-2.3,1.9,3,30293,459,648,19,2.9,0.66,238|1608|4756|4897|5362|5653|7074|8321|9037|9638|9760|10154|22891|23105|23111|25793|27185|55714|120114,ALK|DGKG|NEO1|NRCAM|PLXNA2|KLK6|TIAM1|FZD1|SEMA5A|FEZ1|TOX|PLXNC1|ZNF365|FSTL4|SPART|FBXO7|DISC1|TENM3|FAT3,-0.2,gene
GO Biological Processes,19,GO:0006942,regulation of striated muscle contraction,19_GO:0032501 multicellular organismal process,-2.3,3.3,3.4,30293,98,648,7,1.1,0.41,845|1193|2702|6336|6547|27302|30845,CASQ2|CLIC2|GJA5|SCN10A|SLC8A3|BMP10|EHD3,-0.2,gene
GO Biological Processes,19,GO:0032410,negative regulation of transporter activity,19_GO:0051179 localization,-2.3,3.3,3.4,30293,98,648,7,1.1,0.41,845|1193|1813|6622|7881|407041|574513,CASQ2|CLIC2|DRD2|SNCA|KCNAB1|MIR34B|MIR508,-0.2,gene
WikiPathways,27,WP4258,lncRNA in canonical Wnt signaling and colorectal cancer,,-2.3,3.3,3.4,30293,98,648,7,1.1,0.41,894|8321|11197|27123|51176|51701|283106,CCND2|FZD1|WIF1|DKK2|LEF1|NLK|CSNK2A3,-0.2,gene
GO Biological Processes,19,GO:0050767,regulation of neurogenesis,19_GO:0032502 developmental process,-2.3,2,3,30293,393,648,17,2.6,0.63,1524|1813|1959|3458|5362|7074|9037|10154|10215|22891|23105|23111|23500|26011|27185|51176|54209,CX3CR1|DRD2|EGR2|IFNG|PLXNA2|TIAM1|SEMA5A|PLXNC1|OLIG2|ZNF365|FSTL4|SPART|DAAM2|TENM4|DISC1|LEF1|TREM2,-0.2,gene
GO Biological Processes,19,GO:0050931,pigment cell differentiation,19_GO:0043473 pigmentation,-2.3,5.7,4,30293,33,648,4,0.62,0.31,8975|56999|83938|89781,USP13|ADAMTS9|LRMDA|HPS4,-0.2,gene
GO Biological Processes,19,GO:0061436,establishment of skin barrier,19_GO:0032502 developmental process,-2.3,5.7,4,30293,33,648,4,0.62,0.31,2312|388697|388698|389208,FLG|HRNR|FLG2|TMPRSS11F,-0.2,gene
GO Biological Processes,19,GO:0051497,negative regulation of stress fiber assembly,19_GO:0048519 negative regulation of biological process,-2.3,5.7,4,30293,33,648,4,0.62,0.31,10391|79822|84952|406929,CORO2B|ARHGAP28|CGNL1|MIR138-1,-0.2,gene
Reactome Gene Sets,6,R-HSA-1592389,Activation of Matrix Metalloproteinases,,-2.3,5.7,4,30293,33,648,4,0.62,0.31,4312|4314|4317|4319,MMP1|MMP3|MMP8|MMP10,-0.2,gene
GO Biological Processes,19,GO:0045576,mast cell activation,19_GO:0002376 immune system process,-2.3,5.7,4,30293,33,648,4,0.62,0.31,3937|10125|11280|116449,LCP2|RASGRP1|SCN11A|CLNK,-0.2,gene
Reactome Gene Sets,6,R-HSA-5602498,MyD88 deficiency (TLR2/4),,-2.3,8.2,4.4,30293,17,648,3,0.46,0.27,2243|2266|23643,FGA|FGG|LY96,-0.19,gene
GO Biological Processes,19,GO:0021535,cell migration in hindbrain,19_GO:0032502 developmental process,-2.3,8.2,4.4,30293,17,648,3,0.46,0.27,4808|5362|51176,NHLH2|PLXNA2|LEF1,-0.19,gene
GO Biological Processes,19,GO:0002921,negative regulation of humoral immune response,19_GO:0002376 immune system process,-2.3,8.2,4.4,30293,17,648,3,0.46,0.27,1378|1379|1380,CR1|CR1L|CR2,-0.19,gene
GO Biological Processes,19,GO:0046903,secretion,19_GO:0051179 localization,-2.3,1.9,2.9,30293,529,648,21,3.2,0.7,366|1813|2266|2692|2740|2798|4756|5341|6622|7498|8224|8492|8867|10125|11280|26059|27023|57586|90139|116449|644150,AQP9|DRD2|FGG|GHRHR|GLP1R|GNRHR|NEO1|PLEK|SNCA|XDH|SYN3|PRSS12|SYNJ1|RASGRP1|SCN11A|ERC2|FOXB1|SYT13|TSPAN18|CLNK|WIPF3,-0.19,gene
GO Biological Processes,19,GO:0007599,hemostasis,19_GO:0065007 biological regulation,-2.3,2.6,3.2,30293,180,648,10,1.5,0.48,1608|2162|2243|2266|5265|5341|51156|89781|90139|340205,DGKG|F13A1|FGA|FGG|SERPINA1|PLEK|SERPINA10|HPS4|TSPAN18|TREML1,-0.18,gene
GO Biological Processes,19,GO:0090630,activation of GTPase activity,19_GO:0065007 biological regulation,-2.2,3.3,3.4,30293,100,648,7,1.1,0.41,4908|7074|9938|10125|10563|23329|58504,NTF3|TIAM1|ARHGAP25|RASGRP1|CXCL13|TBC1D30|ARHGAP22,-0.17,gene
WikiPathways,27,WP5218,Extrafollicular and follicular B cell activation by SARS CoV 2,,-2.2,3.7,3.5,30293,76,648,6,0.93,0.38,1378|1380|3458|10563|60468|151888,CR1|CR2|IFNG|CXCL13|BACH2|BTLA,-0.17,gene
GO Biological Processes,19,GO:0006814,sodium ion transport,19_GO:0051179 localization,-2.2,2.6,3.2,30293,181,648,10,1.5,0.48,6334|6336|6340|6523|6526|6547|11280|26249|285195|285335,SCN8A|SCN10A|SCNN1G|SLC5A1|SLC5A3|SLC8A3|SCN11A|KLHL3|SLC9A9|SLC9C1,-0.17,gene
Reactome Gene Sets,6,R-HSA-1500931,Cell-Cell communication,,-2.2,2.7,3.2,30293,153,648,9,1.4,0.46,1012|3914|6441|8935|9073|26285|221935|653509|729238,CDH13|LAMB3|SFTPD|SKAP2|CLDN8|CLDN17|SDK1|SFTPA1|SFTPA2,-0.17,gene
GO Biological Processes,19,GO:0007585,respiratory gaseous exchange by respiratory system,19_GO:0032501 multicellular organismal process,-2.2,4.3,3.6,30293,54,648,5,0.77,0.34,6441|9407|147372|653509|729238,SFTPD|TMPRSS11D|CCBE1|SFTPA1|SFTPA2,-0.16,gene
GO Biological Processes,19,GO:0042063,gliogenesis,19_GO:0032502 developmental process,-2.2,2.2,3,30293,271,648,13,2,0.55,351|1959|3458|4336|6547|6647|6657|10215|26011|27185|51176|54209|116448,APP|EGR2|IFNG|MOBP|SLC8A3|SOD1|SOX2|OLIG2|TENM4|DISC1|LEF1|TREM2|OLIG1,-0.16,gene
GO Biological Processes,19,GO:0048729,tissue morphogenesis,19_GO:0032502 developmental process,-2.2,1.8,2.9,30293,570,648,22,3.4,0.71,634|2263|2300|2303|2658|2668|4146|4321|5314|7053|8091|8321|8854|26249|27302|43847|51176|79192|80144|284217|341640|388698,CEACAM1|FGFR2|FOXL1|FOXC2|GDF2|GDNF|MATN1|MMP12|PKHD1|TGM3|HMGA2|FZD1|ALDH1A2|KLHL3|BMP10|KLK14|LEF1|IRX1|FRAS1|LAMA1|FREM2|FLG2,-0.16,gene
GO Biological Processes,19,GO:0055117,regulation of cardiac muscle contraction,19_GO:0032501 multicellular organismal process,-2.2,3.6,3.4,30293,77,648,6,0.93,0.38,845|1193|2702|6336|27302|30845,CASQ2|CLIC2|GJA5|SCN10A|BMP10|EHD3,-0.16,gene
GO Biological Processes,19,GO:1903242,regulation of cardiac muscle hypertrophy in response to stress,19_GO:0032501 multicellular organismal process,-2.2,7.8,4.3,30293,18,648,3,0.46,0.27,27302|407041|407042,BMP10|MIR34B|MIR34C,-0.16,gene
GO Biological Processes,19,GO:0072376,protein activation cascade,19_GO:0008152 metabolic process,-2.2,7.8,4.3,30293,18,648,3,0.46,0.27,2162|2243|2266,F13A1|FGA|FGG,-0.16,gene
GO Biological Processes,19,GO:0010612,regulation of cardiac muscle adaptation,19_GO:0032501 multicellular organismal process,-2.2,7.8,4.3,30293,18,648,3,0.46,0.27,27302|407041|407042,BMP10|MIR34B|MIR34C,-0.16,gene
Reactome Gene Sets,6,R-HSA-5603041,IRAK4 deficiency (TLR2/4),,-2.2,7.8,4.3,30293,18,648,3,0.46,0.27,2243|2266|23643,FGA|FGG|LY96,-0.16,gene
Reactome Gene Sets,6,R-HSA-74259,Purine catabolism,,-2.2,7.8,4.3,30293,18,648,3,0.46,0.27,7498|93034|100526794,XDH|NT5C1B|NT5C1B-RDH14,-0.16,gene
GO Biological Processes,19,GO:0008285,negative regulation of cell population proliferation,19_GO:0048519 negative regulation of biological process,-2.2,1.7,2.8,30293,785,648,28,4.3,0.8,351|634|1012|1378|1813|2263|2658|3458|3664|4330|4345|5797|6441|6657|7498|8854|8935|9500|23495|54209|54766|55801|122042|406929|406988|407041|407042|100126307,APP|CEACAM1|CDH13|CR1|DRD2|FGFR2|GDF2|IFNG|IRF6|MN1|CD200|PTPRM|SFTPD|SOX2|XDH|ALDH1A2|SKAP2|MAGED1|TNFRSF13B|TREM2|BTG4|IL26|RXFP2|MIR138-1|MIR205|MIR34B|MIR34C|MIR892B,-0.15,gene
GO Biological Processes,19,GO:0099174,regulation of presynapse organization,19_GO:0050789 regulation of biological process,-2.2,5.3,3.8,30293,35,648,4,0.62,0.31,351|6622|8321|26280,APP|SNCA|FZD1|IL1RAPL2,-0.15,gene
GO Biological Processes,19,GO:1905606,regulation of presynapse assembly,19_GO:0032502 developmental process,-2.2,5.3,3.8,30293,35,648,4,0.62,0.31,351|6622|8321|26280,APP|SNCA|FZD1|IL1RAPL2,-0.15,gene
GO Biological Processes,19,GO:0052547,regulation of peptidase activity,19_GO:0008152 metabolic process,-2.2,2.1,3,30293,306,648,14,2.2,0.57,866|1378|5265|6622|6657|7078|7498|51156|57119|145264|256394|327657|406988|100126307,SERPINA6|CR1|SERPINA1|SNCA|SOX2|TIMP3|XDH|SERPINA10|EPPIN|SERPINA12|SERPINA11|SERPINA9|MIR205|MIR892B,-0.14,gene
Reactome Gene Sets,6,R-HSA-114608,Platelet degranulation,,-2.2,2.9,3.2,30293,129,648,8,1.2,0.43,351|2162|2243|2266|5265|5341|6647|7078,APP|F13A1|FGA|FGG|SERPINA1|PLEK|SOD1|TIMP3,-0.14,gene
Canonical Pathways,11,M5884,NABA CORE MATRISOME,,-2.2,2.2,3,30293,275,648,13,2,0.55,2243|2266|3914|4146|11082|22798|80144|83872|146177|169044|200403|284217|347252,FGA|FGG|LAMB3|MATN1|ESM1|LAMB4|FRAS1|HMCN1|VWA3A|COL22A1|VWA3B|LAMA1|IGFBPL1,-0.14,gene
GO Biological Processes,19,GO:0001508,action potential,19_GO:0065007 biological regulation,-2.2,3.2,3.3,30293,103,648,7,1.1,0.41,2890|3752|4897|6334|6336|6647|11280,GRIA1|KCND3|NRCAM|SCN8A|SCN10A|SOD1|SCN11A,-0.14,gene
GO Biological Processes,19,GO:0060326,cell chemotaxis,19_GO:0040011 locomotion,-2.2,2.4,3,30293,215,648,11,1.7,0.51,1237|1524|3603|3680|5588|6441|9037|9547|10563|51176|54210,CCR8|CX3CR1|IL16|ITGA9|PRKCQ|SFTPD|SEMA5A|CXCL14|CXCL13|LEF1|TREM1,-0.13,gene
GO Biological Processes,19,GO:0003013,circulatory system process,19_GO:0032501 multicellular organismal process,-2.2,1.8,2.8,30293,507,648,20,3.1,0.68,634|845|1813|2243|2266|2303|2702|2740|3680|3752|3778|6334|6336|6340|6523|6526|6647|9590|10391|11280,CEACAM1|CASQ2|DRD2|FGA|FGG|FOXC2|GJA5|GLP1R|ITGA9|KCND3|KCNMA1|SCN8A|SCN10A|SCNN1G|SLC5A1|SLC5A3|SOD1|AKAP12|CORO2B|SCN11A,-0.13,gene
GO Biological Processes,19,GO:0045685,regulation of glial cell differentiation,19_GO:0032502 developmental process,-2.2,3.6,3.4,30293,79,648,6,0.93,0.38,1959|10215|22891|23500|26011|54209,EGR2|OLIG2|ZNF365|DAAM2|TENM4|TREM2,-0.13,gene
GO Biological Processes,19,GO:0050769,positive regulation of neurogenesis,19_GO:0032502 developmental process,-2.2,2.3,3,30293,246,648,12,1.9,0.53,1524|1813|1959|3458|5362|7074|9037|10154|10215|22891|26011|27185,CX3CR1|DRD2|EGR2|IFNG|PLXNA2|TIAM1|SEMA5A|PLXNC1|OLIG2|ZNF365|TENM4|DISC1,-0.13,gene
GO Biological Processes,19,GO:0006911,"phagocytosis, engulfment",19_GO:0051179 localization,-2.1,5.2,3.7,30293,36,648,4,0.62,0.31,9844|9938|54209|286046,ELMO1|ARHGAP25|TREM2|XKR6,-0.13,gene
GO Biological Processes,19,GO:0032232,negative regulation of actin filament bundle assembly,19_GO:0048519 negative regulation of biological process,-2.1,5.2,3.7,30293,36,648,4,0.62,0.31,10391|79822|84952|406929,CORO2B|ARHGAP28|CGNL1|MIR138-1,-0.13,gene
GO Biological Processes,19,GO:0140352,export from cell,19_GO:0051179 localization,-2.1,1.9,2.8,30293,474,648,19,2.9,0.66,2266|2692|2740|2798|3752|4756|5341|6622|8224|8492|8867|10125|11280|26059|57586|81615|90139|116449|644150,FGG|GHRHR|GLP1R|GNRHR|KCND3|NEO1|PLEK|SNCA|SYN3|PRSS12|SYNJ1|RASGRP1|SCN11A|ERC2|SYT13|TMEM163|TSPAN18|CLNK|WIPF3,-0.13,gene
GO Biological Processes,19,GO:0030111,regulation of Wnt signaling pathway,19_GO:0050896 response to stimulus,-2.1,2.1,2.9,30293,341,648,15,2.3,0.59,351|2263|2300|5218|6657|7074|8321|9037|11197|23500|27123|27185|51176|51701|205147,APP|FGFR2|FOXL1|CDK14|SOX2|TIAM1|FZD1|SEMA5A|WIF1|DAAM2|DKK2|DISC1|LEF1|NLK|AMER3,-0.13,gene
GO Biological Processes,19,GO:0007423,sensory organ development,19_GO:0032502 developmental process,-2.1,1.8,2.8,30293,579,648,22,3.4,0.71,793|1413|1414|1813|2263|2303|4762|5797|6647|6657|8854|10215|51176|55714|63974|116448|120114|140469|221935|284217|340273|341640,CALB1|CRYBA4|CRYBB1|DRD2|FGFR2|FOXC2|NEUROG1|PTPRM|SOD1|SOX2|ALDH1A2|OLIG2|LEF1|TENM3|NEUROD6|OLIG1|FAT3|MYO3B|SDK1|LAMA1|ABCB5|FREM2,-0.13,gene
GO Biological Processes,19,GO:1903376,regulation of oxidative stress-induced neuron intrinsic apoptotic signaling pathway,19_GO:0050896 response to stimulus,-2.1,7.4,4.1,30293,19,648,3,0.46,0.27,8321|25793|54209,FZD1|FBXO7|TREM2,-0.13,gene
GO Biological Processes,19,GO:0002281,macrophage activation involved in immune response,19_GO:0002376 immune system process,-2.1,7.4,4.1,30293,19,648,3,0.46,0.27,1524|3458|54209,CX3CR1|IFNG|TREM2,-0.13,gene
GO Biological Processes,19,GO:0048143,astrocyte activation,19_GO:0032502 developmental process,-2.1,7.4,4.1,30293,19,648,3,0.46,0.27,351|3458|54209,APP|IFNG|TREM2,-0.13,gene
GO Biological Processes,19,GO:0051580,regulation of neurotransmitter uptake,19_GO:0051179 localization,-2.1,7.4,4.1,30293,19,648,3,0.46,0.27,1813|2668|6622,DRD2|GDNF|SNCA,-0.13,gene
GO Biological Processes,19,GO:0023058,adaptation of signaling pathway,19_GO:0050896 response to stimulus,-2.1,7.4,4.1,30293,19,648,3,0.46,0.27,157|1813|9413,GRK3|DRD2|ENTREP1,-0.13,gene
Reactome Gene Sets,6,R-HSA-5576891,Cardiac conduction,,-2.1,2.8,3.1,30293,132,648,8,1.2,0.43,845|1193|3752|6334|6336|6547|11280|30820,CASQ2|CLIC2|KCND3|SCN8A|SCN10A|SLC8A3|SCN11A|KCNIP1,-0.12,gene
GO Biological Processes,19,GO:0032680,regulation of tumor necrosis factor production,19_GO:0032501 multicellular organismal process,-2.1,2.5,3,30293,189,648,10,1.5,0.48,351|1524|3458|4317|9590|10125|11213|23643|54209|100126333,APP|CX3CR1|IFNG|MMP8|AKAP12|RASGRP1|IRAK3|LY96|TREM2|MIR708,-0.11,gene
GO Biological Processes,19,GO:0048730,epidermis morphogenesis,19_GO:0032502 developmental process,-2.1,5.1,3.6,30293,37,648,4,0.62,0.31,2263|7053|43847|388698,FGFR2|TGM3|KLK14|FLG2,-0.11,gene
GO Biological Processes,19,GO:0014059,regulation of dopamine secretion,19_GO:0051179 localization,-2.1,5.1,3.6,30293,37,648,4,0.62,0.31,1813|2668|6622|57586,DRD2|GDNF|SNCA|SYT13,-0.11,gene
GO Biological Processes,19,GO:0048168,regulation of neuronal synaptic plasticity,19_GO:0050789 regulation of biological process,-2.1,4,3.4,30293,58,648,5,0.77,0.34,351|1813|1959|6622|729993,APP|DRD2|EGR2|SNCA|SHISA9,-0.11,gene
Reactome Gene Sets,6,R-HSA-198933,Immunoregulatory interactions between a Lymphoid and a non-Lymphoid cell,,-2.1,2.8,3.1,30293,133,648,8,1.2,0.43,947|4345|6441|54209|54210|79865|285852|340205,CD34|CD200|SFTPD|TREM2|TREM1|TREML2|TREML4|TREML1,-0.11,gene
GO Biological Processes,19,GO:0032940,secretion by cell,19_GO:0051179 localization,-2.1,1.9,2.8,30293,412,648,17,2.6,0.63,2266|2692|2740|2798|4756|5341|6622|8224|8492|8867|10125|11280|26059|57586|90139|116449|644150,FGG|GHRHR|GLP1R|GNRHR|NEO1|PLEK|SNCA|SYN3|PRSS12|SYNJ1|RASGRP1|SCN11A|ERC2|SYT13|TSPAN18|CLNK|WIPF3,-0.1,gene
GO Biological Processes,19,GO:0052548,regulation of endopeptidase activity,19_GO:0008152 metabolic process,-2.1,2.2,2.9,30293,282,648,13,2,0.55,866|1378|5265|6622|6657|7078|7498|51156|145264|256394|327657|406988|100126307,SERPINA6|CR1|SERPINA1|SNCA|SOX2|TIMP3|XDH|SERPINA10|SERPINA12|SERPINA11|SERPINA9|MIR205|MIR892B,-0.1,gene
GO Biological Processes,19,GO:0031640,killing of cells of another organism,19_GO:0044419 biological process involved in interspecies interaction between organisms,-2.1,3.4,3.2,30293,82,648,6,0.93,0.38,3001|54210|114771|353142|353143|353144,GZMA|TREM1|PGLYRP3|LCE3A|LCE3B|LCE3C,-0.098,gene
GO Biological Processes,19,GO:0141061,disruption of cell in another organism,19_GO:0044419 biological process involved in interspecies interaction between organisms,-2.1,3.4,3.2,30293,82,648,6,0.93,0.38,3001|54210|114771|353142|353143|353144,GZMA|TREM1|PGLYRP3|LCE3A|LCE3B|LCE3C,-0.098,gene
Reactome Gene Sets,6,R-HSA-76005,Response to elevated platelet cytosolic Ca2+,,-2.1,2.8,3.1,30293,134,648,8,1.2,0.43,351|2162|2243|2266|5265|5341|6647|7078,APP|F13A1|FGA|FGG|SERPINA1|PLEK|SOD1|TIMP3,-0.098,gene
GO Biological Processes,19,GO:0008037,cell recognition,19_GO:0009987 cellular process,-2.1,2.8,3.1,30293,134,648,8,1.2,0.43,351|4897|9037|10694|50863|54209|79937|83639,APP|NRCAM|SEMA5A|CCT8|NTM|TREM2|CNTNAP3|TEX101,-0.098,gene
WikiPathways,27,WP3927,BMP signaling in eyelid development,,-2.1,7,4,30293,20,648,3,0.46,0.27,2263|2303|27123,FGFR2|FOXC2|DKK2,-0.093,gene
GO Biological Processes,19,GO:0006939,smooth muscle contraction,19_GO:0032501 multicellular organismal process,-2.1,4,3.4,30293,59,648,5,0.77,0.34,1813|2668|3778|4762|11280,DRD2|GDNF|KCNMA1|NEUROG1|SCN11A,-0.091,gene
GO Biological Processes,19,GO:0007616,long-term memory,19_GO:0032501 multicellular organismal process,-2.1,4.9,3.6,30293,38,648,4,0.62,0.31,793|894|1813|2890,CALB1|CCND2|DRD2|GRIA1,-0.09,gene
GO Biological Processes,19,GO:0032412,regulation of monoatomic ion transmembrane transporter activity,19_GO:0051179 localization,-2.1,2.3,2.9,30293,222,648,11,1.7,0.51,351|845|1193|1813|3458|7881|54209|56704|84766|149111|729993,APP|CASQ2|CLIC2|DRD2|IFNG|KCNAB1|TREM2|JPH1|CRACR2A|CNIH3|SHISA9,-0.089,gene
GO Biological Processes,19,GO:0035725,sodium ion transmembrane transport,19_GO:0051179 localization,-2.1,2.8,3,30293,135,648,8,1.2,0.43,6334|6336|6340|6523|6547|11280|285195|285335,SCN8A|SCN10A|SCNN1G|SLC5A1|SLC8A3|SCN11A|SLC9A9|SLC9C1,-0.089,gene
GO Biological Processes,19,GO:0002697,regulation of immune effector process,19_GO:0002376 immune system process,-2,2,2.8,30293,383,648,16,2.5,0.61,634|1378|1379|1380|1524|3458|5650|9865|10125|11213|25818|54209|57126|114771|116449|200558,CEACAM1|CR1|CR1L|CR2|CX3CR1|IFNG|KLK7|TRIL|RASGRP1|IRAK3|KLK5|TREM2|CD177|PGLYRP3|CLNK|APLF,-0.079,gene
WikiPathways,27,WP5053,Development of ureteric collection system,,-2,3.9,3.3,30293,60,648,5,0.77,0.34,2263|2668|23426|80144|341640,FGFR2|GDNF|GRIP1|FRAS1|FREM2,-0.071,gene
GO Biological Processes,19,GO:0022411,cellular component disassembly,19_GO:0009987 cellular process,-2,2,2.8,30293,351,648,15,2.3,0.59,1524|4312|4314|4317|4319|4321|5650|8867|9622|24144|25793|25818|26046|54209|132671,CX3CR1|MMP1|MMP3|MMP8|MMP10|MMP12|KLK7|SYNJ1|KLK4|TFIP11|FBXO7|KLK5|LTN1|TREM2|SPATA18,-0.071,gene
GO Biological Processes,19,GO:1903555,regulation of tumor necrosis factor superfamily cytokine production,19_GO:0032501 multicellular organismal process,-2,2.4,2.9,30293,194,648,10,1.5,0.48,351|1524|3458|4317|9590|10125|11213|23643|54209|100126333,APP|CX3CR1|IFNG|MMP8|AKAP12|RASGRP1|IRAK3|LY96|TREM2|MIR708,-0.07,gene
KEGG Pathway,24,hsa05412,Arrhythmogenic right ventricular cardiomyopathy,,-2,3.3,3.2,30293,84,648,6,0.93,0.38,3680|6443|6547|51176|55799|284217,ITGA9|SGCB|SLC8A3|LEF1|CACNA2D3|LAMA1,-0.07,gene
GO Biological Processes,19,GO:0070098,chemokine-mediated signaling pathway,19_GO:0050896 response to stimulus,-2,3.3,3.2,30293,84,648,6,0.93,0.38,1237|1240|1524|9413|10563|54209,CCR8|CMKLR1|CX3CR1|ENTREP1|CXCL13|TREM2,-0.07,gene
Reactome Gene Sets,6,R-HSA-140877,Formation of Fibrin Clot (Clotting Cascade),,-2,4.8,3.5,30293,39,648,4,0.62,0.31,2162|2243|2266|57126,F13A1|FGA|FGG|CD177,-0.067,gene
GO Biological Processes,19,GO:0060294,cilium movement involved in cell motility,19_GO:0009987 cellular process,-2,2.7,3,30293,137,648,8,1.2,0.43,1769|4184|54970|83639|83659|127602|285335|399949,DNAH8|SMCP|TTC12|TEX101|TEKT1|DNAH14|SLC9C1|HOATZ,-0.067,gene
GO Biological Processes,19,GO:1903975,regulation of glial cell migration,19_GO:0040011 locomotion,-2,6.7,3.8,30293,21,648,3,0.46,0.27,1524|7074|54209,CX3CR1|TIAM1|TREM2,-0.06,gene
GO Biological Processes,19,GO:0001756,somitogenesis,19_GO:0032502 developmental process,-2,3.8,3.3,30293,61,648,5,0.77,0.34,2303|5362|8854|27023|51176,FOXC2|PLXNA2|ALDH1A2|FOXB1|LEF1,-0.06,gene
GO Biological Processes,19,GO:0002040,sprouting angiogenesis,19_GO:0032502 developmental process,-2,3.8,3.3,30293,61,648,5,0.77,0.34,1012|9037|11082|51176|147372,CDH13|SEMA5A|ESM1|LEF1|CCBE1,-0.06,gene
GO Biological Processes,19,GO:0002009,morphogenesis of an epithelium,19_GO:0032502 developmental process,-2,1.8,2.7,30293,455,648,18,2.8,0.65,634|2263|2303|2658|2668|4321|5314|7053|8321|8854|26249|43847|51176|79192|80144|284217|341640|388698,CEACAM1|FGFR2|FOXC2|GDF2|GDNF|MMP12|PKHD1|TGM3|FZD1|ALDH1A2|KLHL3|KLK14|LEF1|IRX1|FRAS1|LAMA1|FREM2|FLG2,-0.06,gene
GO Biological Processes,19,GO:0141060,disruption of anatomical structure in another organism,19_GO:0044419 biological process involved in interspecies interaction between organisms,-2,3.3,3.1,30293,85,648,6,0.93,0.38,3001|54210|114771|353142|353143|353144,GZMA|TREM1|PGLYRP3|LCE3A|LCE3B|LCE3C,-0.06,gene
GO Biological Processes,19,GO:0008277,regulation of G protein-coupled receptor signaling pathway,19_GO:0050896 response to stimulus,-2,2.7,3,30293,138,648,8,1.2,0.43,157|1813|5341|5653|6622|22844|25818|43847,GRK3|DRD2|PLEK|KLK6|SNCA|FRMPD1|KLK5|KLK14,-0.06,gene
GO Biological Processes,19,GO:0007626,locomotory behavior,19_GO:0032501 multicellular organismal process,-2,2.4,2.9,30293,196,648,10,1.5,0.48,238|351|460|793|894|1813|2668|6622|6647|390259,ALK|APP|ASTN1|CALB1|CCND2|DRD2|GDNF|SNCA|SOD1|BSX,-0.059,gene
