_MEMBER_gene,_LogP_gene,GO,Description,_PATTERN_,_RANK_,GiniIndex
1,-3.5,R-HSA-5688849,Defective CSF2RB causes SMDP5,M1,1,0
1,-4.6,GO:0030574,collagen catabolic process,M1,1,0
1,-3.2,R-HSA-416700,Other semaphorin interactions,M1,1,0
1,-3.8,GO:0010466,negative regulation of peptidase activity,M1,1,0
1,-2.4,GO:0001818,negative regulation of cytokine production,M1,1,0
1,-4.8,GO:0060322,head development,M1,1,0
1,-2.4,GO:1903522,regulation of blood circulation,M1,1,0
1,-2.6,GO:0007160,cell-matrix adhesion,M1,1,0
1,-4.3,GO:0098742,cell-cell adhesion via plasma-membrane adhesion molecules,M1,1,0
1,-2.6,GO:0007409,axonogenesis,M1,1,0
1,-2.2,GO:0048729,tissue morphogenesis,M1,1,0
1,-3.5,GO:0061564,axon development,M1,1,0
1,-3.5,WP4927,COVID 19 thrombosis and anticoagulation,M1,1,0
1,-2.7,GO:1901342,regulation of vasculature development,M1,1,0
1,-5.3,GO:0022617,extracellular matrix disassembly,M1,1,0
1,-2.9,GO:0035282,segmentation,M1,1,0
1,-2.4,GO:0072378,"blood coagulation, fibrin clot formation",M1,1,0
1,-2.5,GO:0070372,regulation of ERK1 and ERK2 cascade,M1,1,0
1,-3.3,WP2839,Hair follicle development organogenesis part 2 of 3,M1,1,0
1,-2.3,GO:0051962,positive regulation of nervous system development,M1,1,0
1,-2.1,GO:0141061,disruption of cell in another organism,M1,1,0
1,-2,GO:0008277,regulation of G protein-coupled receptor signaling pathway,M1,1,0
1,-3.4,GO:0120039,plasma membrane bounded cell projection morphogenesis,M1,1,0
1,-2.2,R-HSA-5603041,IRAK4 deficiency (TLR2/4),M1,1,0
1,-23,GO:0043588,skin development,M1,1,0
1,-22,GO:0009913,epidermal cell differentiation,M1,1,0
1,-2.4,GO:1904683,regulation of metalloendopeptidase activity,M1,1,0
1,-3.6,GO:0034330,cell junction organization,M1,1,0
1,-2.4,GO:0002713,negative regulation of B cell mediated immunity,M1,1,0
1,-2.1,WP3927,BMP signaling in eyelid development,M1,1,0
1,-2,hsa05412,Arrhythmogenic right ventricular cardiomyopathy,M1,1,0
1,-2.4,GO:0002890,negative regulation of immunoglobulin mediated immune response,M1,1,0
1,-4.3,GO:0021536,diencephalon development,M1,1,0
1,-2.4,GO:0002430,complement receptor mediated signaling pathway,M1,1,0
1,-2.5,GO:0051926,negative regulation of calcium ion transport,M1,1,0
1,-2.4,GO:0022898,regulation of transmembrane transporter activity,M1,1,0
1,-2.2,GO:1905606,regulation of presynapse assembly,M1,1,0
1,-5.3,R-HSA-109582,Hemostasis,M1,1,0
1,-2.4,GO:0045055,regulated exocytosis,M1,1,0
1,-2.2,WP5218,Extrafollicular and follicular B cell activation by SARS CoV 2,M1,1,0
1,-2.7,M174,PID UPA UPAR PATHWAY,M1,1,0
1,-3.1,R-HSA-5687613,Diseases associated with surfactant metabolism,M1,1,0
1,-2.4,GO:0150076,neuroinflammatory response,M1,1,0
1,-2.5,R-HSA-181438,Toll Like Receptor 2 (TLR2) Cascade,M1,1,0
1,-2,WP5053,Development of ureteric collection system,M1,1,0
1,-2,GO:0002697,regulation of immune effector process,M1,1,0
1,-2.2,GO:0007585,respiratory gaseous exchange by respiratory system,M1,1,0
1,-4.2,M5883,NABA SECRETED FACTORS,M1,1,0
1,-2.4,GO:0001764,neuron migration,M1,1,0
1,-2.2,GO:0072376,protein activation cascade,M1,1,0
1,-2.2,GO:0045685,regulation of glial cell differentiation,M1,1,0
1,-4.3,GO:0051346,negative regulation of hydrolase activity,M1,1,0
1,-3.3,M18,PID INTEGRIN1 PATHWAY,M1,1,0
1,-4.2,GO:0050890,cognition,M1,1,0
1,-3.3,GO:0006776,vitamin A metabolic process,M1,1,0
1,-3,GO:0030318,melanocyte differentiation,M1,1,0
1,-3.5,GO:0009611,response to wounding,M1,1,0
1,-2.9,GO:0051896,regulation of phosphatidylinositol 3-kinase/protein kinase B signal transduction,M1,1,0
1,-2.8,GO:0010921,regulation of phosphatase activity,M1,1,0
1,-2.6,GO:0045916,negative regulation of complement activation,M1,1,0
1,-2.4,GO:2001212,regulation of vasculogenesis,M1,1,0
1,-3,R-HSA-140875,Common Pathway of Fibrin Clot Formation,M1,1,0
1,-2,GO:0141060,disruption of anatomical structure in another organism,M1,1,0
1,-5.6,R-HSA-1474244,Extracellular matrix organization,M1,1,0
1,-2.3,GO:0042220,response to cocaine,M1,1,0
1,-2.1,GO:1903376,regulation of oxidative stress-induced neuron intrinsic apoptotic signaling pathway,M1,1,0
1,-4.1,GO:0007565,female pregnancy,M1,1,0
1,-2.9,GO:0044057,regulation of system process,M1,1,0
1,-3,R-HSA-8956319,Nucleotide catabolism,M1,1,0
1,-2.3,GO:0002921,negative regulation of humoral immune response,M1,1,0
1,-2.1,GO:0007423,sensory organ development,M1,1,0
1,-2.1,GO:0048143,astrocyte activation,M1,1,0
1,-2.2,GO:0001508,action potential,M1,1,0
1,-2.1,GO:0014059,regulation of dopamine secretion,M1,1,0
1,-2.1,GO:0008037,cell recognition,M1,1,0
1,-4.4,R-HSA-9757110,Prednisone ADME,M1,1,0
1,-2.2,GO:0042063,gliogenesis,M1,1,0
1,-2.7,GO:0030432,peristalsis,M1,1,0
1,-7.3,M3468,NABA ECM REGULATORS,M1,1,0
1,-3.7,GO:0071864,positive regulation of cell proliferation in bone marrow,M1,1,0
1,-3.5,M285,PID HNF3A PATHWAY,M1,1,0
1,-2.1,R-HSA-198933,Immunoregulatory interactions between a Lymphoid and a non-Lymphoid cell,M1,1,0
1,-2,GO:1903975,regulation of glial cell migration,M1,1,0
1,-2.5,GO:0045745,positive regulation of G protein-coupled receptor signaling pathway,M1,1,0
1,-2.4,GO:0050921,positive regulation of chemotaxis,M1,1,0
1,-2.8,GO:0002924,negative regulation of humoral immune response mediated by circulating immunoglobulin,M1,1,0
1,-8.3,WP2840,Hair follicle development cytodifferentiation part 3 of 3,M1,1,0
1,-31,R-HSA-6805567,Keratinization,M1,1,0
1,-4,GO:0031175,neuron projection development,M1,1,0
1,-2.5,WP4336,ncRNAs involved in Wnt signaling in hepatocellular carcinoma,M1,1,0
1,-3.9,GO:0007157,heterophilic cell-cell adhesion via plasma membrane cell adhesion molecules,M1,1,0
1,-2.3,GO:0032103,positive regulation of response to external stimulus,M1,1,0
1,-2,R-HSA-140877,Formation of Fibrin Clot (Clotting Cascade),M1,1,0
1,-2.9,GO:0050680,negative regulation of epithelial cell proliferation,M1,1,0
1,-2.3,R-HSA-5602498,MyD88 deficiency (TLR2/4),M1,1,0
1,-2.1,GO:0032412,regulation of monoatomic ion transmembrane transporter activity,M1,1,0
1,-3,GO:0030449,regulation of complement activation,M1,1,0
1,-2.5,GO:0042742,defense response to bacterium,M1,1,0
1,-2.2,GO:0003013,circulatory system process,M1,1,0
1,-2.9,GO:0061900,glial cell activation,M1,1,0
1,-5.4,R-HSA-5686938,Regulation of TLR by endogenous ligand,M1,1,0
1,-2.1,GO:0002281,macrophage activation involved in immune response,M1,1,0
1,-2.1,GO:0032680,regulation of tumor necrosis factor production,M1,1,0
1,-2.2,GO:0060326,cell chemotaxis,M1,1,0
1,-4.5,GO:0007610,behavior,M1,1,0
1,-3.5,R-HSA-391160,Signal regulatory protein family interactions,M1,1,0
1,-2.5,WP5279,Mineralocorticoid biosynthesis,M1,1,0
1,-33,GO:0031424,keratinization,M1,1,0
1,-2.4,GO:0010919,regulation of inositol phosphate biosynthetic process,M1,1,0
1,-2.4,GO:0007416,synapse assembly,M1,1,0
1,-26,GO:0030216,keratinocyte differentiation,M1,1,0
1,-2.4,GO:0021984,adenohypophysis development,M1,1,0
1,-2.1,GO:0031640,killing of cells of another organism,M1,1,0
1,-2.6,GO:0051898,negative regulation of phosphatidylinositol 3-kinase/protein kinase B signal transduction,M1,1,0
1,-3.4,GO:0008366,axon ensheathment,M1,1,0
1,-3.4,GO:0007272,ensheathment of neurons,M1,1,0
1,-6.3,WP5283,Chronic hyperglycemia impairment of neuron function,M1,1,0
1,-3.2,GO:0042391,regulation of membrane potential,M1,1,0
1,-2.1,GO:0052548,regulation of endopeptidase activity,M1,1,0
1,-12,GO:0030855,epithelial cell differentiation,M1,1,0
1,-2.9,GO:0001819,positive regulation of cytokine production,M1,1,0
1,-3.3,GO:0002923,regulation of humoral immune response mediated by circulating immunoglobulin,M1,1,0
1,-2,GO:0001756,somitogenesis,M1,1,0
1,-4.6,GO:0030450,"regulation of complement activation, classical pathway",M1,1,0
1,-8.4,GO:0018149,peptide cross-linking,M1,1,0
1,-3.4,GO:0032963,collagen metabolic process,M1,1,0
1,-2.4,GO:0019228,neuronal action potential,M1,1,0
1,-3.4,GO:0043086,negative regulation of catalytic activity,M1,1,0
1,-2.1,GO:0032940,secretion by cell,M1,1,0
1,-2.1,GO:0007616,long-term memory,M1,1,0
1,-2.3,GO:0006942,regulation of striated muscle contraction,M1,1,0
1,-2,GO:0022411,cellular component disassembly,M1,1,0
1,-12,M5885,NABA MATRISOME ASSOCIATED,M1,1,0
1,-32,R-HSA-6809371,Formation of the cornified envelope,M1,1,0
1,-4.2,GO:0044703,multi-organism reproductive process,M1,1,0
1,-2.6,GO:0050808,synapse organization,M1,1,0
1,-2.7,GO:1903670,regulation of sprouting angiogenesis,M1,1,0
1,-5.1,GO:0007420,brain development,M1,1,0
1,-3,R-HSA-1474228,Degradation of the extracellular matrix,M1,1,0
1,-2.5,WP428,Wnt signaling,M1,1,0
1,-2.5,M3008,NABA ECM GLYCOPROTEINS,M1,1,0
1,-2.8,GO:0045765,regulation of angiogenesis,M1,1,0
1,-2.3,GO:0032410,negative regulation of transporter activity,M1,1,0
1,-2.5,GO:0090175,regulation of establishment of planar polarity,M1,1,0
1,-3.5,GO:0043062,extracellular structure organization,M1,1,0
1,-2.5,GO:0016082,synaptic vesicle priming,M1,1,0
1,-2.3,GO:0046903,secretion,M1,1,0
1,-2,GO:1903555,regulation of tumor necrosis factor superfamily cytokine production,M1,1,0
1,-2.1,GO:0048730,epidermis morphogenesis,M1,1,0
1,-2,GO:0002009,morphogenesis of an epithelium,M1,1,0
1,-7.4,R-HSA-202733,Cell surface interactions at the vascular wall,M1,1,0
1,-2.3,GO:0031623,receptor internalization,M1,1,0
1,-2.6,GO:0002275,myeloid cell activation involved in immune response,M1,1,0
1,-2.3,GO:0045576,mast cell activation,M1,1,0
1,-3.1,GO:0071863,regulation of cell proliferation in bone marrow,M1,1,0
1,-3.2,GO:0032989,cellular anatomical entity morphogenesis,M1,1,0
1,-2.3,GO:0042445,hormone metabolic process,M1,1,0
1,-2.5,R-HSA-168179,Toll Like Receptor TLR1:TLR2 Cascade,M1,1,0
1,-2.7,hsa04514,Cell adhesion molecules,M1,1,0
1,-2.7,WP4148,Splicing factor NOVA regulated synaptic proteins,M1,1,0
1,-2.3,R-HSA-1592389,Activation of Matrix Metalloproteinases,M1,1,0
1,-3.1,GO:0009617,response to bacterium,M1,1,0
1,-3.5,GO:0030198,extracellular matrix organization,M1,1,0
1,-2.2,GO:0052547,regulation of peptidase activity,M1,1,0
1,-4.1,GO:0050878,regulation of body fluid levels,M1,1,0
1,-2.8,GO:0007613,memory,M1,1,0
1,-2.8,GO:0021761,limbic system development,M1,1,0
1,-3,GO:0014821,phasic smooth muscle contraction,M1,1,0
1,-2.3,GO:0007599,hemostasis,M1,1,0
1,-2.2,R-HSA-74259,Purine catabolism,M1,1,0
1,-2.3,GO:0050931,pigment cell differentiation,M1,1,0
1,-3.4,GO:0042552,myelination,M1,1,0
1,-3.4,WP5408,15q25 copy number variation,M1,1,0
1,-3.3,GO:0048858,cell projection morphogenesis,M1,1,0
1,-4.6,GO:0044706,multi-multicellular organism process,M1,1,0
1,-7,GO:0098609,cell-cell adhesion,M1,1,0
1,-2.4,GO:0008015,blood circulation,M1,1,0
1,-3.3,GO:0007422,peripheral nervous system development,M1,1,0
1,-2.2,GO:0010612,regulation of cardiac muscle adaptation,M1,1,0
1,-2,GO:0007626,locomotory behavior,M1,1,0
1,-2.3,GO:0061436,establishment of skin barrier,M1,1,0
1,-4.3,GO:0002920,regulation of humoral immune response,M1,1,0
1,-2.2,R-HSA-1500931,Cell-Cell communication,M1,1,0
1,-3.3,GO:0051940,regulation of catecholamine uptake involved in synaptic transmission,M1,1,0
1,-2.2,GO:0050769,positive regulation of neurogenesis,M1,1,0
1,-3.5,GO:0048812,neuron projection morphogenesis,M1,1,0
1,-2.9,GO:0050678,regulation of epithelial cell proliferation,M1,1,0
1,-2.7,GO:0010842,retina layer formation,M1,1,0
1,-2.3,GO:0050767,regulation of neurogenesis,M1,1,0
1,-2.3,WP4258,lncRNA in canonical Wnt signaling and colorectal cancer,M1,1,0
1,-4.6,GO:0044092,negative regulation of molecular function,M1,1,0
1,-2.4,WP2806,Complement system,M1,1,0
1,-2.3,GO:0021535,cell migration in hindbrain,M1,1,0
1,-2.6,GO:0032823,regulation of natural killer cell differentiation,M1,1,0
1,-3.3,GO:0051584,regulation of dopamine uptake involved in synaptic transmission,M1,1,0
1,-2.1,GO:0048168,regulation of neuronal synaptic plasticity,M1,1,0
1,-2.9,GO:0034329,cell junction assembly,M1,1,0
1,-2.1,GO:0140352,export from cell,M1,1,0
1,-2.4,GO:0010720,positive regulation of cell development,M1,1,0
1,-2.2,M5884,NABA CORE MATRISOME,M1,1,0
1,-2.3,GO:0051497,negative regulation of stress fiber assembly,M1,1,0
1,-2,GO:0070098,chemokine-mediated signaling pathway,M1,1,0
1,-2.9,GO:0051960,regulation of nervous system development,M1,1,0
1,-3.2,GO:0048667,cell morphogenesis involved in neuron differentiation,M1,1,0
1,-2.1,R-HSA-76005,Response to elevated platelet cytosolic Ca2+,M1,1,0
1,-2.2,GO:0055117,regulation of cardiac muscle contraction,M1,1,0
1,-2,GO:0060294,cilium movement involved in cell motility,M1,1,0
1,-2.1,GO:0032232,negative regulation of actin filament bundle assembly,M1,1,0
1,-2.8,GO:0098719,sodium ion import across plasma membrane,M1,1,0
1,-4.3,WP2877,Vitamin D receptor pathway,M1,1,0
1,-2.6,GO:1903977,positive regulation of glial cell migration,M1,1,0
1,-2.1,GO:0035725,sodium ion transmembrane transport,M1,1,0
1,-2.5,GO:1903671,negative regulation of sprouting angiogenesis,M1,1,0
1,-3.3,GO:0001774,microglial cell activation,M1,1,0
1,-2.2,GO:0090630,activation of GTPase activity,M1,1,0
1,-23,GO:0008544,epidermis development,M1,1,0
1,-3.7,GO:0030900,forebrain development,M1,1,0
1,-2.8,GO:0032409,regulation of transporter activity,M1,1,0
1,-2.2,GO:0008285,negative regulation of cell population proliferation,M1,1,0
1,-2.6,GO:0010001,glial cell differentiation,M1,1,0
1,-2,GO:0002040,sprouting angiogenesis,M1,1,0
1,-3.3,R-HSA-445095,Interaction between L1 and Ankyrins,M1,1,0
1,-3.8,GO:0000902,cell morphogenesis,M1,1,0
1,-4,GO:0045229,external encapsulating structure organization,M1,1,0
1,-2.1,GO:0023058,adaptation of signaling pathway,M1,1,0
1,-4.5,GO:0007611,learning or memory,M1,1,0
1,-2.6,hsa04610,Complement and coagulation cascades,M1,1,0
1,-2.5,GO:0045744,negative regulation of G protein-coupled receptor signaling pathway,M1,1,0
1,-4.7,GO:0050807,regulation of synapse organization,M1,1,0
1,-2.1,GO:0051580,regulation of neurotransmitter uptake,M1,1,0
1,-2.8,GO:0002922,positive regulation of humoral immune response,M1,1,0
1,-3.4,GO:0010951,negative regulation of endopeptidase activity,M1,1,0
1,-2.2,GO:0006814,sodium ion transport,M1,1,0
1,-3.1,GO:0002269,leukocyte activation involved in inflammatory response,M1,1,0
1,-2.2,GO:0099174,regulation of presynapse organization,M1,1,0
1,-2.1,GO:0006939,smooth muscle contraction,M1,1,0
1,-4.5,GO:0050803,regulation of synapse structure or activity,M1,1,0
1,-2.8,GO:0019226,transmission of nerve impulse,M1,1,0
1,-4.7,GO:0051336,regulation of hydrolase activity,M1,1,0
1,-2.4,GO:0022401,negative adaptation of signaling pathway,M1,1,0
1,-2.8,GO:0002274,myeloid leukocyte activation,M1,1,0
1,-5.6,WP129,Matrix metalloproteinases,M1,1,0
1,-2.3,GO:0010975,regulation of neuron projection development,M1,1,0
1,-2.1,R-HSA-5576891,Cardiac conduction,M1,1,0
1,-2.3,GO:0003014,renal system process,M1,1,0
1,-2.2,GO:1903242,regulation of cardiac muscle hypertrophy in response to stress,M1,1,0
1,-3.3,GO:0045959,"negative regulation of complement activation, classical pathway",M1,1,0
1,-2.1,GO:0006911,"phagocytosis, engulfment",M1,1,0
1,-2.2,R-HSA-114608,Platelet degranulation,M1,1,0
1,-2.1,GO:0030111,regulation of Wnt signaling pathway,M1,1,0
1,-3.5,R-HSA-5688890,Defective CSF2RA causes SMDP4,M1,1,0
