_MEMBER_gene,_LogP_gene,GO,Description,_PATTERN_,_RANK_,CHILD_GO_gene
1,-32.92457317354519,GO:0032502,developmental process,M1,1,GO:0031424 keratinization
1,-8.370303584540997,GO:0008152,metabolic process,M1,1,GO:0018149 peptide cross-linking
1,-7.037562947384829,GO:0009987,cellular process,M1,1,GO:0098609 cell-cell adhesion
1,-4.7418067812848115,GO:0065007,biological regulation,M1,1,GO:0051336 regulation of hydrolase activity
1,-4.662476651187015,GO:0050789,regulation of biological process,M1,1,GO:0050807 regulation of synapse organization
1,-4.619842065397117,GO:0002376,immune system process,M1,1,"GO:0030450 regulation of complement activation, classical pathway"
1,-4.583153090420669,GO:0032501,multicellular organismal process,M1,1,GO:0044706 multi-multicellular organism process
1,-4.1868058974969085,GO:0022414,reproductive process,M1,1,GO:0044703 multi-organism reproductive process
1,-3.8220010819159436,GO:0048519,negative regulation of biological process,M1,1,GO:0010466 negative regulation of peptidase activity
1,-3.7311954927649715,GO:0048518,positive regulation of biological process,M1,1,GO:0071864 positive regulation of cell proliferation in bone marrow
1,-3.4625189122059314,GO:0050896,response to stimulus,M1,1,GO:0009611 response to wounding
1,-3.2979689871296634,GO:0051179,localization,M1,1,GO:0051584 regulation of dopamine uptake involved in synaptic transmission
1,-3.1204637196985887,GO:0044419,biological process involved in interspecies interaction between organisms,M1,1,GO:0009617 response to bacterium
1,-2.9520948162782434,GO:0043473,pigmentation,M1,1,GO:0030318 melanocyte differentiation
1,-2.6244871124160047,GO:0040011,locomotion,M1,1,GO:1903977 positive regulation of glial cell migration
