_MEMBER_gene,_LogP_gene,GO,_PATTERN_,_RANK_,GiniIndex,Category,CategoryID,Description,PARENT_GO,LogP,Enrichment,Z-score,#TotalGeneInLibrary,#GeneInGO,#GeneInHitList,#GeneInGOAndHitList,%InGO,STDV %InGO,GeneID,Hits,Log(q-value),EvidenceCutoff
1,-8.2,COVID203,M1,1,0,COVID,200,RNA_Vanderheiden_pHAE_48h_Up,,-8.2,5.4,8.2,30293,155,648,18,2.8,0.65,885|3713|6523|6698|6699|6700|6703|6704|6705|6707|9586|50863|56999|114771|148304|169044|389208|440854,CCK|IVL|SLC5A1|SPRR1A|SPRR1B|SPRR2A|SPRR2D|SPRR2E|SPRR2F|SPRR3|CREB5|NTM|ADAMTS9|PGLYRP3|C1orf74|COL22A1|TMPRSS11F|CAPN14,-4.4,0
1,-5.5,COVID202,M1,1,0,COVID,200,RNA_Vanderheiden_pHAE_48h_Down,,-5.5,4,6,30293,189,648,16,2.5,0.61,793|3603|4314|5678|6526|6690|7038|7062|9547|25849|54209|57502|64968|83857|84952|201516,CALB1|IL16|MMP3|PSG9|SLC5A3|SPINK1|TG|TCHH|CXCL14|PARM1|TREM2|NLGN4X|MRPS6|TMTC1|CGNL1|ZSCAN4,-2.3,0
1,-3.8,COVID017,M1,1,0,COVID,200,RNA_Blanco-Melo_Lung_Down,,-3.8,2.9,4.5,30293,259,648,16,2.5,0.61,366|634|3937|4317|5265|5341|5655|8972|23643|27284|54210|285852|285941|340206|353133|448834,AQP9|CEACAM1|LCP2|MMP8|SERPINA1|PLEK|KLK10|MGAM|LY96|SULT1B1|TREM1|TREML4|LINC02860|TREML3P|LCE1C|KPRP,-1.1,0
1,-2.7,COVID293,M1,1,0,COVID,200,RNA_Wilk_NK-cells_patient-C3_Up,,-2.7,7.5,4.8,30293,25,648,4,0.62,0.31,894|1524|3001|5341,CCND2|CX3CR1|GZMA|PLEK,-0.49,0
1,-2.1,COVID216,M1,1,0,COVID,200,Proteome_Shen_Serum-nonsevere-vs-healthy_Up,,-2.1,7,4,30293,20,648,3,0.46,0.27,866|22844|256394,SERPINA6|FRMPD1|SERPINA11,-0.12,0
