_MEMBER_gene,_LogP_gene,GO,_PATTERN_,_RANK_,GiniIndex,Category,CategoryID,Description,PARENT_GO,LogP,Enrichment,Z-score,#TotalGeneInLibrary,#GeneInGO,#GeneInHitList,#GeneInGOAndHitList,%InGO,STDV %InGO,GeneID,Hits,Log(q-value),EvidenceCutoff
1,-10,M40279,M1,1,0,Cell Type Signatures,7,DESCARTES FETAL PLACENTA TROPHOBLAST GIANT CELLS,,-10,8.1,10,30293,92,648,16,2.5,0.61,885|5669|5670|5671|5672|5673|5675|5676|5678|5680|7062|79865|340206|440533|653492|100289650,CCK|PSG1|PSG2|PSG3|PSG4|PSG5|PSG6|PSG7|PSG9|PSG11|TCHH|TREML2|TREML3P|PSG8|PSG10P|PSG8-AS1,-6,0
1,-6.9,M40122,M1,1,0,Cell Type Signatures,7,DESCARTES MAIN FETAL SQUAMOUS EPITHELIAL CELLS,,-6.9,5.4,7.5,30293,129,648,15,2.3,0.59,3664|6698|6700|6703|6704|6707|9407|10913|49860|54544|132724|339967|389208|401136|440854,IRF6|SPRR1A|SPRR2A|SPRR2D|SPRR2E|SPRR3|TMPRSS11D|EDAR|CRNN|CRCT1|TMPRSS11B|TMPRSS11A|TMPRSS11F|TMPRSS11BNL|CAPN14,-3.4,0
1,-6.5,M39222,M1,1,0,Cell Type Signatures,7,LAKE ADULT KIDNEY C3 PROXIMAL TUBULE EPITHELIAL CELLS S1 S2,,-6.5,4,6.7,30293,221,648,19,2.9,0.66,1807|5218|5314|5797|7364|23331|79623|79783|80144|83938|84952|130013|138046|140733|220441|221935|374378|389432|401164,DPYS|CDK14|PKHD1|PTPRM|UGT2B7|TTC28|GALNT14|SUGCT|FRAS1|LRMDA|CGNL1|ACMSD|RALYL|MACROD2|RNF152|SDK1|GALNT18|SAMD5|LINC01060,-3.1,0
1,-5.6,M41676,M1,1,0,Cell Type Signatures,7,TRAVAGLINI LUNG ALVEOLAR FIBROBLAST CELL,,-5.6,4.3,6.2,30293,164,648,15,2.3,0.59,1012|1240|2662|2890|3290|4628|6622|7078|9844|9891|50486|57569|83872|147372|256691,CDH13|CMKLR1|GDF10|GRIA1|HSD11B1|MYH10|SNCA|TIMP3|ELMO1|NUAK1|G0S2|ARHGAP20|HMCN1|CCBE1|MAMDC2,-2.4,0
1,-5.4,M40134,M1,1,0,Cell Type Signatures,7,DESCARTES MAIN FETAL TROPHOBLAST GIANT CELLS,,-5.4,4.1,6.1,30293,169,648,15,2.3,0.59,885|4345|5670|5671|5672|5673|5675|5678|7062|79745|79865|140862|340206|440533|653492,CCK|CD200|PSG2|PSG3|PSG4|PSG5|PSG6|PSG9|TCHH|CLIP4|TREML2|ISM1|TREML3P|PSG8|PSG10P,-2.2,0
1,-5.2,M39223,M1,1,0,Cell Type Signatures,7,LAKE ADULT KIDNEY C4 PROXIMAL TUBULE EPITHELIAL CELLS S2,,-5.2,4,5.9,30293,176,648,15,2.3,0.59,5218|5314|5797|7364|9037|9586|9590|23331|26960|56977|64084|79623|83938|127602|221935,CDK14|PKHD1|PTPRM|UGT2B7|SEMA5A|CREB5|AKAP12|TTC28|NBEA|STOX2|CLSTN2|GALNT14|LRMDA|DNAH14|SDK1,-2.1,0
1,-4.9,M39240,M1,1,0,Cell Type Signatures,7,LAKE ADULT KIDNEY C21 COLLECTING DUCT INTERCALATED CELLS TYPE B,,-4.9,5,6,30293,103,648,11,1.7,0.51,5137|25924|54622|57188|83938|84952|93663|116449|140733|148641|220441,PDE1C|MYRIP|ARL15|ADAMTSL3|LRMDA|CGNL1|ARHGAP18|CLNK|MACROD2|SLC35F3|RNF152,-1.8,0
1,-4.8,M39221,M1,1,0,Cell Type Signatures,7,LAKE ADULT KIDNEY C2 PODOCYTES,,-4.8,3.5,5.5,30293,212,648,16,2.5,0.61,571|1378|4249|9037|23114|51701|55714|56999|79822|83992|140733|347689|550112|644150|100505385|100507098,BACH1|CR1|MGAT5|SEMA5A|NFASC|NLK|TENM3|ADAMTS9|ARHGAP28|CTTNBP2|MACROD2|SOX2-OT|UBA6-DT|WIPF3|IQCJ-SCHIP1|ADAMTS9-AS2,-1.8,0
1,-4.8,M39067,M1,1,0,Cell Type Signatures,7,MANNO MIDBRAIN NEUROTYPES HDA,,-4.8,2.5,5,30293,506,648,27,4.2,0.78,351|1012|2890|3778|7881|8867|9201|9568|9590|10154|23105|23426|25924|26059|50863|51701|56977|57502|57578|57586|64084|81615|83992|84867|120114|138046|440823,APP|CDH13|GRIA1|KCNMA1|KCNAB1|SYNJ1|DCLK1|GABBR2|AKAP12|PLXNC1|FSTL4|GRIP1|MYRIP|ERC2|NTM|NLK|STOX2|NLGN4X|UNC79|SYT13|CLSTN2|TMEM163|CTTNBP2|PTPN5|FAT3|RALYL|MIAT,-1.8,0
1,-4.6,M40192,M1,1,0,Cell Type Signatures,7,DESCARTES FETAL HEART EPICARDIAL FAT CELLS,,-4.6,4.7,5.7,30293,110,648,11,1.7,0.51,646|5650|6701|6705|9227|11012|25818|56245|57718|84417|283867,BNC1|KLK7|SPRR2B|SPRR2F|LRAT|KLK11|KLK5|EPCIP|PPP4R4|ECRG4|LINC00922,-1.7,0
1,-4.3,M39235,M1,1,0,Cell Type Signatures,7,LAKE ADULT KIDNEY C16 COLLECTING SYSTEM PRINCIPAL CELLS CORTEX,,-4.3,4,5.2,30293,141,648,12,1.9,0.53,4628|5314|9760|23426|26960|51701|54622|80144|138046|140733|221935|100507098,MYH10|PKHD1|TOX|GRIP1|NBEA|NLK|ARL15|FRAS1|RALYL|MACROD2|SDK1|ADAMTS9-AS2,-1.4,0
1,-4.1,M39066,M1,1,0,Cell Type Signatures,7,MANNO MIDBRAIN NEUROTYPES HNBML5,,-4.1,2.4,4.5,30293,465,648,24,3.7,0.74,1012|1124|2334|2890|3778|5362|6334|8492|9891|10154|10842|23114|23426|26059|26960|57586|84867|85463|123722|205147|284309|286046|347252|440823,CDH13|CHN2|AFF2|GRIA1|KCNMA1|PLXNA2|SCN8A|PRSS12|NUAK1|PLXNC1|PPP1R17|NFASC|GRIP1|ERC2|NBEA|SYT13|PTPN5|ZC3H12C|FSD2|AMER3|ZNF776|XKR6|IGFBPL1|MIAT,-1.3,0
1,-4.1,M39053,M1,1,0,Cell Type Signatures,7,MANNO MIDBRAIN NEUROTYPES HRGL2C,,-4.1,2.7,4.6,30293,326,648,19,2.9,0.66,117|1012|2890|5137|6657|9201|9568|9586|10215|30820|56245|79192|81563|83659|146177|284217|347689|375061|399949,ADCYAP1R1|CDH13|GRIA1|PDE1C|SOX2|DCLK1|GABBR2|CREB5|OLIG2|KCNIP1|EPCIP|IRX1|C1orf21|TEKT1|VWA3A|LAMA1|SOX2-OT|FAM89A|HOATZ,-1.3,0
1,-3.9,M39062,M1,1,0,Cell Type Signatures,7,MANNO MIDBRAIN NEUROTYPES HNPROG,,-3.9,3.1,4.6,30293,229,648,15,2.3,0.59,894|1124|4762|6657|10642|10842|56341|79822|80209|85463|90139|341640|347252|389058|440823,CCND2|CHN2|NEUROG1|SOX2|IGF2BP1|PPP1R17|PRMT8|ARHGAP28|PROSER1|ZC3H12C|TSPAN18|FREM2|IGFBPL1|SP5|MIAT,-1.2,0
1,-3.9,M39070,M1,1,0,Cell Type Signatures,7,MANNO MIDBRAIN NEUROTYPES HNBGABA,,-3.9,2.1,4.2,30293,703,648,31,4.8,0.84,157|2890|3778|5362|6334|6622|8224|8745|9201|9465|9568|9891|23114|25924|26011|26059|26960|50863|51555|55691|57578|57586|57795|60468|83992|84867|138046|161436|286046|389432|440823,GRK3|GRIA1|KCNMA1|PLXNA2|SCN8A|SNCA|SYN3|ADAM23|DCLK1|AKAP7|GABBR2|NUAK1|NFASC|MYRIP|TENM4|ERC2|NBEA|NTM|PEX5L|FRMD4A|UNC79|SYT13|BRINP2|BACH2|CTTNBP2|PTPN5|RALYL|EML5|XKR6|SAMD5|MIAT,-1.2,0
1,-3.8,M40237,M1,1,0,Cell Type Signatures,7,DESCARTES FETAL LUNG SQUAMOUS EPITHELIAL CELLS,,-3.8,3.2,4.6,30293,206,648,14,2.2,0.57,2312|3713|6699|6700|6703|6707|7498|9407|22891|27123|54544|132724|339967|440854,FLG|IVL|SPRR1B|SPRR2A|SPRR2D|SPRR3|XDH|TMPRSS11D|ZNF365|DKK2|CRCT1|TMPRSS11B|TMPRSS11A|CAPN14,-1.1,0
1,-3.8,M39233,M1,1,0,Cell Type Signatures,7,LAKE ADULT KIDNEY C14 DISTAL CONVOLUTED TUBULE,,-3.8,3.1,4.6,30293,208,648,14,2.2,0.57,5218|5314|26249|26280|55799|80144|83938|84952|127602|130507|140733|389432|550112|100507098,CDK14|PKHD1|KLHL3|IL1RAPL2|CACNA2D3|FRAS1|LRMDA|CGNL1|DNAH14|UBR3|MACROD2|SAMD5|UBA6-DT|ADAMTS9-AS2,-1.1,0
1,-3.7,M40149,M1,1,0,Cell Type Signatures,7,DESCARTES FETAL ADRENAL SYMPATHOBLASTS,,-3.7,4,4.8,30293,117,648,10,1.5,0.48,2740|9568|9622|9956|10842|56245|83659|146177|148641|253650,GLP1R|GABBR2|KLK4|HS3ST2|PPP1R17|EPCIP|TEKT1|VWA3A|SLC35F3|ANKRD18A,-1.1,0
1,-3.5,M40312,M1,1,0,Cell Type Signatures,7,DESCARTES FETAL THYMUS THYMIC EPITHELIAL CELLS,,-3.5,2.9,4.3,30293,245,648,15,2.3,0.59,245|2263|3664|5596|23426|26280|55714|63876|79817|80144|81615|84952|221935|253650|642587,ALOX12P2|FGFR2|IRF6|MAPK4|GRIP1|IL1RAPL2|TENM3|PKNOX2|MOB3B|FRAS1|TMEM163|CGNL1|SDK1|ANKRD18A|MIR205HG,-0.99,0
1,-3.5,M40273,M1,1,0,Cell Type Signatures,7,DESCARTES FETAL PANCREAS MESOTHELIAL CELLS,,-3.5,4.7,4.9,30293,79,648,8,1.2,0.43,646|5655|8854|11012|25818|57795|147372|283867,BNC1|KLK10|ALDH1A2|KLK11|KLK5|BRINP2|CCBE1|LINC00922,-0.99,0
1,-3.5,M39234,M1,1,0,Cell Type Signatures,7,LAKE ADULT KIDNEY C15 CONNECTING TUBULE,,-3.5,3.3,4.4,30293,171,648,12,1.9,0.53,793|5314|9760|23426|51701|54622|56999|80144|83938|138046|140733|100507098,CALB1|PKHD1|TOX|GRIP1|NLK|ARL15|ADAMTS9|FRAS1|LRMDA|RALYL|MACROD2|ADAMTS9-AS2,-0.95,0
1,-3.5,M40314,M1,1,0,Cell Type Signatures,7,DESCARTES FETAL THYMUS ANTIGEN PRESENTING CELLS,,-3.5,3.3,4.4,30293,172,648,12,1.9,0.53,1124|1193|1240|2162|2900|5341|9915|23643|54504|57168|58504|116449,CHN2|CLIC2|CMKLR1|F13A1|GRIK4|PLEK|ARNT2|LY96|CPVL|ASPHD2|ARHGAP22|CLNK,-0.93,0
1,-3.4,M39068,M1,1,0,Cell Type Signatures,7,MANNO MIDBRAIN NEUROTYPES HDA1,,-3.4,2.1,3.9,30293,584,648,26,4,0.77,351|793|1012|1124|3778|5137|5218|6334|6622|7881|8128|9201|9568|10154|23114|25924|26059|26960|57578|57586|84867|120114|138046|147372|440823|100505385,APP|CALB1|CDH13|CHN2|KCNMA1|PDE1C|CDK14|SCN8A|SNCA|KCNAB1|ST8SIA2|DCLK1|GABBR2|PLXNC1|NFASC|MYRIP|ERC2|NBEA|UNC79|SYT13|PTPN5|FAT3|RALYL|CCBE1|MIAT|IQCJ-SCHIP1,-0.9,0
1,-3.3,M39075,M1,1,0,Cell Type Signatures,7,ZHONG PFC MAJOR TYPES EXCITATORY NEURON,,-3.3,18,6.9,30293,8,648,3,0.46,0.27,6503|63974|347252,SLA|NEUROD6|IGFBPL1,-0.83,0
1,-3.3,M39171,M1,1,0,Cell Type Signatures,7,MURARO PANCREAS PANCREATIC POLYPEPTIDE CELL,,-3.3,3.3,4.3,30293,155,648,11,1.7,0.51,793|1124|1959|5265|9590|9760|56245|83992|84433|221935|389432,CALB1|CHN2|EGR2|SERPINA1|AKAP12|TOX|EPCIP|CTTNBP2|CARD11|SDK1|SAMD5,-0.82,0
1,-3.3,M39246,M1,1,0,Cell Type Signatures,7,LAKE ADULT KIDNEY C27 VASCULAR SMOOTH MUSCLE CELLS AND PERICYTES,,-3.3,3.3,4.3,30293,155,648,11,1.7,0.51,1012|1608|7078|7881|9590|10186|23331|83857|130507|221935|253827,CDH13|DGKG|TIMP3|KCNAB1|AKAP12|LHFPL6|TTC28|TMTC1|UBR3|SDK1|MSRB3,-0.82,0
1,-3.2,M39209,M1,1,0,Cell Type Signatures,7,HAY BONE MARROW STROMAL,,-3.2,1.9,3.7,30293,765,648,31,4.8,0.84,2303|3290|4337|5137|5596|5797|6443|7078|8321|9201|9547|10186|10406|11082|23114|23500|26011|55691|56999|57188|57502|57569|79822|84417|90768|120114|132671|147372|283867|729085|100507098,FOXC2|HSD11B1|MOCS1|PDE1C|MAPK4|PTPRM|SGCB|TIMP3|FZD1|DCLK1|CXCL14|LHFPL6|WFDC2|ESM1|NFASC|DAAM2|TENM4|FRMD4A|ADAMTS9|ADAMTSL3|NLGN4X|ARHGAP20|ARHGAP28|ECRG4|TENM3-AS1|FAT3|SPATA18|CCBE1|LINC00922|GASK1A|ADAMTS9-AS2,-0.78,0
1,-3.2,M40195,M1,1,0,Cell Type Signatures,7,DESCARTES FETAL HEART LYMPHOID CELLS,,-3.2,3.8,4.4,30293,110,648,9,1.4,0.46,1380|3001|3003|10125|23495|84433|154075|641518|100130231,CR2|GZMA|GZMK|RASGRP1|TNFRSF13B|CARD11|SAMD3|LEF1-AS1|LINC00861,-0.77,0
1,-3.1,M41660,M1,1,0,Cell Type Signatures,7,TRAVAGLINI LUNG ALVEOLAR EPITHELIAL TYPE 2 CELL,,-3.1,3.4,4.2,30293,136,648,10,1.5,0.48,2266|5265|6441|11197|25849|81563|81615|200504|653509|729238,FGG|SERPINA1|SFTPD|WIF1|PARM1|C1orf21|TMEM163|GKN2|SFTPA1|SFTPA2,-0.73,0
1,-3.1,M39241,M1,1,0,Cell Type Signatures,7,LAKE ADULT KIDNEY C22 ENDOTHELIAL CELLS GLOMERULAR CAPILLARIES,,-3.1,3.4,4.2,30293,137,648,10,1.5,0.48,351|1012|5797|7078|9590|9844|23331|54622|83857|140733,APP|CDH13|PTPRM|TIMP3|AKAP12|ELMO1|TTC28|ARL15|TMTC1|MACROD2,-0.72,0
1,-3.1,M40220,M1,1,0,Cell Type Signatures,7,DESCARTES FETAL KIDNEY URETERIC BUD CELLS,,-3.1,2.5,3.8,30293,300,648,16,2.5,0.61,793|3664|3713|3914|6340|6690|6698|6707|9073|23105|26280|84451|92291|140469|221935|642587,CALB1|IRF6|IVL|LAMB3|SCNN1G|SPINK1|SPRR1A|SPRR3|CLDN8|FSTL4|IL1RAPL2|MAP3K21|CAPN13|MYO3B|SDK1|MIR205HG,-0.71,0
1,-3,M40004,M1,1,0,Cell Type Signatures,7,BUSSLINGER ESOPHAGEAL LATE SUPRABASAL CELLS,,-3,3.3,4.1,30293,140,648,10,1.5,0.48,3713|6698|6699|6700|6703|6707|7053|11012|26085|49860,IVL|SPRR1A|SPRR1B|SPRR2A|SPRR2D|SPRR3|TGM3|KLK11|KLK13|CRNN,-0.68,0
1,-3,M40169,M1,1,0,Cell Type Signatures,7,DESCARTES FETAL CEREBRUM OLIGODENDROCYTES,,-3,4.4,4.3,30293,75,648,7,1.1,0.41,2668|4146|4336|10215|22891|116448|100861519,GDNF|MATN1|MOBP|OLIG2|ZNF365|OLIG1|GDNF-AS1,-0.61,0
1,-2.9,M39055,M1,1,0,Cell Type Signatures,7,MANNO MIDBRAIN NEUROTYPES HRGL2A,,-2.9,1.9,3.5,30293,600,648,25,3.9,0.76,117|460|1012|1959|2334|2890|5137|6657|7078|9201|9568|9586|9865|26960|30820|57502|79192|81563|83659|90139|120114|146177|256691|347689|399949,ADCYAP1R1|ASTN1|CDH13|EGR2|AFF2|GRIA1|PDE1C|SOX2|TIMP3|DCLK1|GABBR2|CREB5|TRIL|NBEA|KCNIP1|NLGN4X|IRX1|C1orf21|TEKT1|TSPAN18|FAT3|VWA3A|MAMDC2|SOX2-OT|HOATZ,-0.57,0
1,-2.8,M40284,M1,1,0,Cell Type Signatures,7,DESCARTES FETAL PLACENTA SYNCYTIOTROPHOBLASTS AND VILLOUS CYTOTROPHOBLASTS,,-2.8,4.1,4.1,30293,79,648,7,1.1,0.41,5596|8492|26280|55714|90768|152578|642587,MAPK4|PRSS12|IL1RAPL2|TENM3|TENM3-AS1|LINC01618|MIR205HG,-0.55,0
1,-2.8,M39056,M1,1,0,Cell Type Signatures,7,MANNO MIDBRAIN NEUROTYPES HRGL3,,-2.8,2,3.4,30293,574,648,24,3.7,0.74,117|1012|2334|2890|3778|4897|5137|6657|7078|7881|8321|9201|9586|9865|30820|51072|56245|58494|83659|120114|146177|256691|341640|399949,ADCYAP1R1|CDH13|AFF2|GRIA1|KCNMA1|NRCAM|PDE1C|SOX2|TIMP3|KCNAB1|FZD1|DCLK1|CREB5|TRIL|KCNIP1|MEMO1|EPCIP|JAM2|TEKT1|FAT3|VWA3A|MAMDC2|FREM2|HOATZ,-0.54,0
1,-2.8,M39245,M1,1,0,Cell Type Signatures,7,LAKE ADULT KIDNEY C26 MESANGIAL CELLS,,-2.8,2.9,3.8,30293,177,648,11,1.7,0.51,2037|5797|7078|9590|10186|23331|23500|26960|55691|83857|130507,EPB41L2|PTPRM|TIMP3|AKAP12|LHFPL6|TTC28|DAAM2|NBEA|FRMD4A|TMTC1|UBR3,-0.54,0
1,-2.8,M39239,M1,1,0,Cell Type Signatures,7,LAKE ADULT KIDNEY C20 COLLECTING DUCT INTERCALATED CELLS TYPE A CORTEX,,-2.8,3.1,3.8,30293,152,648,10,1.5,0.48,5137|54622|83938|84952|93663|116449|130507|140733|220441|389432,PDE1C|ARL15|LRMDA|CGNL1|ARHGAP18|CLNK|UBR3|MACROD2|RNF152|SAMD5,-0.52,0
1,-2.8,M39243,M1,1,0,Cell Type Signatures,7,LAKE ADULT KIDNEY C24 ENDOTHELIAL CELLS AEA AND DVR,,-2.8,3.1,3.8,30293,152,648,10,1.5,0.48,351|5797|7078|8224|9045|9844|23331|54622|56999|83857,APP|PTPRM|TIMP3|SYN3|RPL14|ELMO1|TTC28|ARL15|ADAMTS9|TMTC1,-0.52,0
1,-2.7,M39182,M1,1,0,Cell Type Signatures,7,HAY BONE MARROW CD34 POS HSC,,-2.7,3.3,3.8,30293,129,648,9,1.4,0.46,947|3680|6547|8091|9844|25925|81615|116159|253827,CD34|ITGA9|SLC8A3|HMGA2|ELMO1|ZNF521|TMEM163|CYYR1|MSRB3,-0.49,0
1,-2.6,M40233,M1,1,0,Cell Type Signatures,7,DESCARTES FETAL LIVER STELLATE CELLS,,-2.6,2.9,3.6,30293,159,648,10,1.5,0.48,117|2263|4908|9037|9227|9547|23500|63876|120114|147372,ADCYAP1R1|FGFR2|NTF3|SEMA5A|LRAT|CXCL14|DAAM2|PKNOX2|FAT3|CCBE1,-0.43,0
1,-2.6,M39172,M1,1,0,Cell Type Signatures,7,MURARO PANCREAS EPSILON CELL,,-2.6,5.3,4.2,30293,44,648,5,0.77,0.34,5265|6690|9891|51156|389432,SERPINA1|SPINK1|NUAK1|SERPINA10|SAMD5,-0.43,0
1,-2.6,M39248,M1,1,0,Cell Type Signatures,7,LAKE ADULT KIDNEY C29 UNKNOWN NOVEL PT CFH POS SUBPOPULATION S2,,-2.6,3.8,3.9,30293,86,648,7,1.1,0.41,8854|23331|55691|55714|79623|83992|140733,ALDH1A2|TTC28|FRMD4A|TENM3|GALNT14|CTTNBP2|MACROD2,-0.43,0
1,-2.6,M39052,M1,1,0,Cell Type Signatures,7,MANNO MIDBRAIN NEUROTYPES HOPC,,-2.6,2.2,3.3,30293,366,648,17,2.6,0.63,117|460|894|5137|6657|9465|9568|9586|10215|30820|50863|57795|81563|116448|285195|347689|375061,ADCYAP1R1|ASTN1|CCND2|PDE1C|SOX2|AKAP7|GABBR2|CREB5|OLIG2|KCNIP1|NTM|BRINP2|C1orf21|OLIG1|SLC9A9|SOX2-OT|FAM89A,-0.43,0
1,-2.6,M39065,M1,1,0,Cell Type Signatures,7,MANNO MIDBRAIN NEUROTYPES HRN,,-2.6,2.2,3.4,30293,335,648,16,2.5,0.61,4808|8492|9201|23114|23426|51555|57502|57578|57586|57795|81563|84867|138046|389432|440823|100505385,NHLH2|PRSS12|DCLK1|NFASC|GRIP1|PEX5L|NLGN4X|UNC79|SYT13|BRINP2|C1orf21|PTPN5|RALYL|SAMD5|MIAT|IQCJ-SCHIP1,-0.43,0
1,-2.5,M40299,M1,1,0,Cell Type Signatures,7,DESCARTES FETAL STOMACH SQUAMOUS EPITHELIAL CELLS,,-2.5,4.2,3.9,30293,67,648,6,0.93,0.38,6707|79623|132724|339967|401136|440854,SPRR3|GALNT14|TMPRSS11B|TMPRSS11A|TMPRSS11BNL|CAPN14,-0.38,0
1,-2.5,M39019,M1,1,0,Cell Type Signatures,7,FAN EMBRYONIC CTX BIG GROUPS EXCITATORY NEURON,,-2.5,5,4,30293,47,648,5,0.77,0.34,5362|6503|63974|147372|440823,PLXNA2|SLA|NEUROD6|CCBE1|MIAT,-0.37,0
1,-2.5,M39054,M1,1,0,Cell Type Signatures,7,MANNO MIDBRAIN NEUROTYPES HRGL2B,,-2.5,2,3.2,30293,440,648,19,2.9,0.66,117|1012|1959|2334|2890|5137|6657|7078|9465|9568|9586|9865|57502|58494|79192|90139|120114|146177|347689,ADCYAP1R1|CDH13|EGR2|AFF2|GRIA1|PDE1C|SOX2|TIMP3|AKAP7|GABBR2|CREB5|TRIL|NLGN4X|JAM2|IRX1|TSPAN18|FAT3|VWA3A|SOX2-OT,-0.37,0
1,-2.4,M40275,M1,1,0,Cell Type Signatures,7,DESCARTES FETAL PLACENTA PAEP MECOM POSITIVE CELLS,,-2.4,2.8,3.4,30293,169,648,10,1.5,0.48,3914|5314|5655|7364|10406|79623|130013|146177|285780|389170,LAMB3|PKHD1|KLK10|UGT2B7|WFDC2|GALNT14|ACMSD|VWA3A|LY86-AS1|LEKR1,-0.34,0
1,-2.4,M40246,M1,1,0,Cell Type Signatures,7,DESCARTES FETAL LUNG BRONCHIOLAR AND ALVEOLAR EPITHELIAL CELLS,,-2.4,4,3.7,30293,70,648,6,0.93,0.38,2263|5314|7364|84451|257202|389058,FGFR2|PKHD1|UGT2B7|MAP3K21|GPX6|SP5,-0.32,0
1,-2.4,M41661,M1,1,0,Cell Type Signatures,7,TRAVAGLINI LUNG SIGNALING ALVEOLAR EPITHELIAL TYPE 2 CELL,,-2.4,4,3.7,30293,71,648,6,0.93,0.38,6441|25849|81563|200504|653509|729238,SFTPD|PARM1|C1orf21|GKN2|SFTPA1|SFTPA2,-0.3,0
1,-2.4,M40104,M1,1,0,Cell Type Signatures,7,DESCARTES MAIN FETAL EPICARDIAL FAT CELLS,,-2.4,4.7,3.8,30293,50,648,5,0.77,0.34,366|5650|6701|25818|283867,AQP9|KLK7|SPRR2B|KLK5|LINC00922,-0.3,0
1,-2.4,M40260,M1,1,0,Cell Type Signatures,7,DESCARTES FETAL MUSCLE LYMPHOID CELLS,,-2.4,3.1,3.4,30293,120,648,8,1.2,0.43,3|2900|3001|10125|51176|57665|84433|154075,A2MP1|GRIK4|GZMA|RASGRP1|LEF1|RDH14|CARD11|SAMD3,-0.29,0
1,-2.3,M39063,M1,1,0,Cell Type Signatures,7,MANNO MIDBRAIN NEUROTYPES HNBM,,-2.3,2.2,3.1,30293,295,648,14,2.2,0.57,1124|4808|6334|8128|9201|10842|23114|51555|63974|81615|147372|347252|389432|440823,CHN2|NHLH2|SCN8A|ST8SIA2|DCLK1|PPP1R17|NFASC|PEX5L|NEUROD6|TMEM163|CCBE1|IGFBPL1|SAMD5|MIAT,-0.26,0
1,-2.3,M40135,M1,1,0,Cell Type Signatures,7,DESCARTES MAIN FETAL IGFBP1 DKK1 POSITIVE CELLS,,-2.3,2.6,3.2,30293,178,648,10,1.5,0.48,3|3290|8224|9435|64066|64968|375061|389033|729085|100499405,A2MP1|HSD11B1|SYN3|CHST2|MMP27|MRPS6|FAM89A|PLAC9P1|GASK1A|LINC00987,-0.24,0
1,-2.3,M40288,M1,1,0,Cell Type Signatures,7,DESCARTES FETAL SPLEEN LYMPHOID CELLS,,-2.3,3,3.3,30293,124,648,8,1.2,0.43,1380|10125|23495|51176|84433|154075|285780|100130231,CR2|RASGRP1|TNFRSF13B|LEF1|CARD11|SAMD3|LY86-AS1|LINC00861,-0.23,0
1,-2.3,M40187,M1,1,0,Cell Type Signatures,7,DESCARTES FETAL EYE MICROGLIA,,-2.3,2.8,3.3,30293,151,648,9,1.4,0.46,313|1524|2162|5341|9938|58504|80342|84433|285195,AOAH|CX3CR1|F13A1|PLEK|ARHGAP25|ARHGAP22|TRAF3IP3|CARD11|SLC9A9,-0.23,0
1,-2.3,M40232,M1,1,0,Cell Type Signatures,7,DESCARTES FETAL LIVER LYMPHOID CELLS,,-2.3,3,3.3,30293,125,648,8,1.2,0.43,2900|3001|10125|51176|60468|84433|641518|100130231,GRIK4|GZMA|RASGRP1|LEF1|BACH2|CARD11|LEF1-AS1|LINC00861,-0.22,0
1,-2.3,M39057,M1,1,0,Cell Type Signatures,7,MANNO MIDBRAIN NEUROTYPES HRGL1,,-2.3,2.1,3,30293,364,648,16,2.5,0.61,1124|6657|8321|9586|10186|26011|55714|56245|58494|83659|85463|90139|120114|146177|341640|399949,CHN2|SOX2|FZD1|CREB5|LHFPL6|TENM4|TENM3|EPCIP|JAM2|TEKT1|ZC3H12C|TSPAN18|FAT3|VWA3A|FREM2|HOATZ,-0.22,0
1,-2.2,M39109,M1,1,0,Cell Type Signatures,7,AIZARANI LIVER C5 NK NKT CELLS 3,,-2.2,3,3.3,30293,126,648,8,1.2,0.43,313|894|3001|3003|3458|5341|6503|9760,AOAH|CCND2|GZMA|GZMK|IFNG|PLEK|SLA|TOX,-0.21,0
1,-2.2,M39236,M1,1,0,Cell Type Signatures,7,LAKE ADULT KIDNEY C17 COLLECTING SYSTEM PCS STRESSED DISSOC SUBSET,,-2.2,2.3,3.1,30293,240,648,12,1.9,0.53,571|7078|9760|23426|51701|54622|60468|80144|138046|140733|221935|100507098,BACH1|TIMP3|TOX|GRIP1|NLK|ARL15|BACH2|FRAS1|RALYL|MACROD2|SDK1|ADAMTS9-AS2,-0.21,0
1,-2.2,M40283,M1,1,0,Cell Type Signatures,7,DESCARTES FETAL PLACENTA VASCULAR ENDOTHELIAL CELLS,,-2.2,3.2,3.3,30293,102,648,7,1.1,0.41,947|1012|5137|25925|84952|116159|138046,CD34|CDH13|PDE1C|ZNF521|CGNL1|CYYR1|RALYL,-0.19,0
1,-2.2,M39167,M1,1,0,Cell Type Signatures,7,GAO LARGE INTESTINE ADULT CJ IMMUNE CELLS,,-2.2,1.9,2.9,30293,505,648,20,3.1,0.68,947|1012|1193|2668|5137|5341|5797|7078|9547|9844|9891|10186|23111|25925|56977|58494|83857|116159|253827|256691,CD34|CDH13|CLIC2|GDNF|PDE1C|PLEK|PTPRM|TIMP3|CXCL14|ELMO1|NUAK1|LHFPL6|SPART|ZNF521|STOX2|JAM2|TMTC1|CYYR1|MSRB3|MAMDC2,-0.17,0
1,-2.2,M39058,M1,1,0,Cell Type Signatures,7,MANNO MIDBRAIN NEUROTYPES HPROGM,,-2.2,2.1,2.9,30293,307,648,14,2.2,0.57,1124|3778|4897|6657|8091|8321|9760|10642|58494|116159|120114|341640|389058|399949,CHN2|KCNMA1|NRCAM|SOX2|HMGA2|FZD1|TOX|IGF2BP1|JAM2|CYYR1|FAT3|FREM2|SP5|HOATZ,-0.17,0
1,-2.2,M40243,M1,1,0,Cell Type Signatures,7,DESCARTES FETAL LUNG LYMPHOID CELLS,,-2.2,2.7,3.1,30293,157,648,9,1.4,0.46,1380|3001|3003|10125|23495|51176|154075|641518|100130231,CR2|GZMA|GZMK|RASGRP1|TNFRSF13B|LEF1|SAMD3|LEF1-AS1|LINC00861,-0.17,0
1,-2.1,M40316,M1,1,0,Cell Type Signatures,7,DESCARTES FETAL THYMUS VASCULAR ENDOTHELIAL CELLS,,-2.1,2.9,3.1,30293,131,648,8,1.2,0.43,9891|25924|25925|56999|83872|83938|161502|220441,NUAK1|MYRIP|ZNF521|ADAMTS9|HMCN1|LRMDA|CFAP161|RNF152,-0.16,0
1,-2.1,M40290,M1,1,0,Cell Type Signatures,7,DESCARTES FETAL SPLEEN VASCULAR ENDOTHELIAL CELLS,,-2.1,4.1,3.5,30293,57,648,5,0.77,0.34,9568|25924|116159|145781|374378,GABBR2|MYRIP|CYYR1|GCOM1|GALNT18,-0.16,0
1,-2.1,M40145,M1,1,0,Cell Type Signatures,7,DESCARTES FETAL ADRENAL CSH1 CSH2 POSITIVE CELLS,,-2.1,2.4,3,30293,218,648,11,1.7,0.51,5669|5670|5671|5672|5673|5675|5676|5678|5680|23426|440533,PSG1|PSG2|PSG3|PSG4|PSG5|PSG6|PSG7|PSG9|PSG11|GRIP1|PSG8,-0.15,0
1,-2.1,M39069,M1,1,0,Cell Type Signatures,7,MANNO MIDBRAIN NEUROTYPES HDA2,,-2.1,1.8,2.8,30293,513,648,20,3.1,0.68,793|1012|1813|5218|6334|6622|8128|10154|23114|25924|26059|50863|51555|57586|79822|84867|138046|205147|286046|440823,CALB1|CDH13|DRD2|CDK14|SCN8A|SNCA|ST8SIA2|PLXNC1|NFASC|MYRIP|ERC2|NTM|PEX5L|SYT13|ARHGAP28|PTPN5|RALYL|AMER3|XKR6|MIAT,-0.14,0
1,-2.1,M39170,M1,1,0,Cell Type Signatures,7,MURARO PANCREAS DELTA CELL,,-2.1,2.2,2.9,30293,250,648,12,1.9,0.53,793|1124|5218|5362|9590|9891|26960|30820|55714|57718|114801|389432,CALB1|CHN2|CDK14|PLXNA2|AKAP12|NUAK1|NBEA|KCNIP1|TENM3|PPP4R4|TMEM200A|SAMD5,-0.14,0
1,-2.1,M40306,M1,1,0,Cell Type Signatures,7,DESCARTES FETAL STOMACH LYMPHOID CELLS,,-2.1,3.4,3.2,30293,82,648,6,0.93,0.38,3001|5588|51176|60468|80342|154075,GZMA|PRKCQ|LEF1|BACH2|TRAF3IP3|SAMD3,-0.12,0
1,-2.1,M40154,M1,1,0,Cell Type Signatures,7,DESCARTES FETAL ADRENAL LYMPHOID CELLS,,-2.1,2.6,3,30293,163,648,9,1.4,0.46,3001|3003|10125|27284|60468|80342|84433|151888|100130231,GZMA|GZMK|RASGRP1|SULT1B1|BACH2|TRAF3IP3|CARD11|BTLA|LINC00861,-0.12,0
1,-2,M40265,M1,1,0,Cell Type Signatures,7,DESCARTES FETAL PANCREAS LYMPHOID CELLS,,-2,2.6,3,30293,164,648,9,1.4,0.46,3001|3003|3458|23495|51176|60468|151888|641518|100130231,GZMA|GZMK|IFNG|TNFRSF13B|LEF1|BACH2|BTLA|LEF1-AS1|LINC00861,-0.11,0
1,-2,M40217,M1,1,0,Cell Type Signatures,7,DESCARTES FETAL INTESTINE MESOTHELIAL CELLS,,-2,3.3,3.1,30293,85,648,6,0.93,0.38,646|5655|6441|8854|11012|56245,BNC1|KLK10|SFTPD|ALDH1A2|KLK11|EPCIP,-0.079,0
1,-2,M40241,M1,1,0,Cell Type Signatures,7,DESCARTES FETAL LUNG CILIATED EPITHELIAL CELLS,,-2,1.8,2.7,30293,525,648,20,3.1,0.68,866|4336|7053|7367|9073|54210|54766|60437|83659|92291|132671|140870|146177|154664|161003|200403|221458|255239|389170|399949,SERPINA6|MOBP|TGM3|UGT2B17|CLDN8|TREM1|BTG4|CDH26|TEKT1|CAPN13|SPATA18|WFDC6|VWA3A|ABCA13|STOML3|VWA3B|KIF6|ANKK1|LEKR1|HOATZ,-0.076,0
