_MEMBER_gene,_LogP_gene,GO,_PATTERN_,_RANK_,GiniIndex,Category,CategoryID,Description,PARENT_GO,LogP,Enrichment,Z-score,#TotalGeneInLibrary,#GeneInGO,#GeneInHitList,#GeneInGOAndHitList,%InGO,STDV %InGO,GeneID,Hits,Log(q-value),EvidenceCutoff
1,-11,C1832097,M1,1,0,DisGeNET,35,EPIDERMAL DIFFERENTIATION COMPLEX,,-11,15,13,30293,38,648,12,1.9,0.53,2312|3713|6698|6707|10186|54544|114771|353143|353144|388697|388698|448834,FLG|IVL|SPRR1A|SPRR3|LHFPL6|CRCT1|PGLYRP3|LCE3B|LCE3C|HRNR|FLG2|KPRP,-6.7,0
1,-7.9,C0410702,M1,1,0,DisGeNET,35,Adolescent idiopathic scoliosis,,-7.9,2.8,6.8,30293,656,648,39,6,0.93,571|1012|1124|1416|1769|2692|4146|4314|4908|5137|5362|8854|9248|9465|9568|9586|9760|9915|10154|10186|23007|25849|27185|51493|55691|55714|56704|57188|83938|89866|121551|127602|221895|283867|285780|414243|644861|100303453|100505385,BACH1|CDH13|CHN2|CRYBB2P1|DNAH8|GHRHR|MATN1|MMP3|NTF3|PDE1C|PLXNA2|ALDH1A2|GPR50|AKAP7|GABBR2|CREB5|TOX|ARNT2|PLXNC1|LHFPL6|PLCH1|PARM1|DISC1|RTCB|FRMD4A|TENM3|JPH1|ADAMTSL3|LRMDA|SEC16B|ABTB3|DNAH14|JAZF1|LINC00922|LY86-AS1|LINC00595|NBPF13P|TSNAX-DISC1|IQCJ-SCHIP1,-4.2,0
1,-7.3,C1837461,M1,1,0,DisGeNET,35,"SCOLIOSIS, ISOLATED, SUSCEPTIBILITY TO, 3",,-7.3,2.8,6.6,30293,578,648,35,5.4,0.89,571|1012|1124|1416|1769|2692|5137|5362|8854|9465|9568|9586|9760|9915|10154|10186|23007|25849|27185|51493|55691|55714|56704|57188|83938|89866|121551|127602|221895|283867|285780|414243|644861|100303453|100505385,BACH1|CDH13|CHN2|CRYBB2P1|DNAH8|GHRHR|PDE1C|PLXNA2|ALDH1A2|AKAP7|GABBR2|CREB5|TOX|ARNT2|PLXNC1|LHFPL6|PLCH1|PARM1|DISC1|RTCB|FRMD4A|TENM3|JPH1|ADAMTSL3|LRMDA|SEC16B|ABTB3|DNAH14|JAZF1|LINC00922|LY86-AS1|LINC00595|NBPF13P|TSNAX-DISC1|IQCJ-SCHIP1,-3.7,0
1,-7.1,C0004936,M1,1,0,DisGeNET,35,Mental disorders,,-7.1,2.5,6.3,30293,789,648,42,6.5,0.97,117|793|885|1012|1813|2263|2668|2740|2890|2900|3290|3458|3664|3778|4314|4897|4908|5362|6334|6336|6622|8128|9201|9248|9638|10215|10563|11202|22891|23574|27185|54209|54210|57502|83857|84867|114801|140733|154664|255239|259249|407041,ADCYAP1R1|CALB1|CCK|CDH13|DRD2|FGFR2|GDNF|GLP1R|GRIA1|GRIK4|HSD11B1|IFNG|IRF6|KCNMA1|MMP3|NRCAM|NTF3|PLXNA2|SCN8A|SCN10A|SNCA|ST8SIA2|DCLK1|GPR50|FEZ1|OLIG2|CXCL13|KLK8|ZNF365|PRG1|DISC1|TREM2|TREM1|NLGN4X|TMTC1|PTPN5|TMEM200A|MACROD2|ABCA13|ANKK1|MRGPRX1|MIR34B,-3.6,0
1,-6.8,C3548479,M1,1,0,DisGeNET,35,response to bronchodilator,,-6.8,5.4,7.4,30293,131,648,15,2.3,0.59,1012|4314|4321|5265|5314|23426|26059|51156|57718|64084|148641|253827|654502|100288077|100505385,CDH13|MMP3|MMP12|SERPINA1|PKHD1|GRIP1|ERC2|SERPINA10|PPP4R4|CLSTN2|SLC35F3|MSRB3|IQCJ|WTAPP1|IQCJ-SCHIP1,-3.4,0
1,-6.6,C0038580,M1,1,0,DisGeNET,35,Substance Dependence,,-6.6,4.8,7,30293,156,648,16,2.5,0.61,1012|1769|1813|4897|5137|5265|9465|9547|27185|54970|55691|63876|83938|140733|253573|255239,CDH13|DNAH8|DRD2|NRCAM|PDE1C|SERPINA1|AKAP7|CXCL14|DISC1|TTC12|FRMD4A|PKNOX2|LRMDA|MACROD2|LINC02052|ANKK1,-3.2,0
1,-6.4,C0011615,M1,1,0,DisGeNET,35,"Dermatitis, Atopic",,-6.4,2.4,5.9,30293,751,648,39,6,0.93,460|571|1237|1524|1959|2312|2551|3290|3458|3603|3713|4014|5265|5650|5653|5948|6698|6707|7053|7062|9073|9760|10563|11012|11213|22891|24144|25818|49860|54210|55801|84433|126638|149018|353143|353144|388697|388698|448834,ASTN1|BACH1|CCR8|CX3CR1|EGR2|FLG|GABPA|HSD11B1|IFNG|IL16|IVL|LORICRIN|SERPINA1|KLK7|KLK6|RBP2|SPRR1A|SPRR3|TGM3|TCHH|CLDN8|TOX|CXCL13|KLK11|IRAK3|ZNF365|TFIP11|KLK5|CRNN|TREM1|IL26|CARD11|RPTN|LELP1|LCE3B|LCE3C|HRNR|FLG2|KPRP,-3,0
1,-5.2,C0035242,M1,1,0,DisGeNET,35,Respiratory Tract Diseases,,-5.2,3.8,5.8,30293,198,648,16,2.5,0.61,571|2312|2551|3458|4312|5265|5726|6441|10154|57188|60468|84433|221895|259249|653509|729238,BACH1|FLG|GABPA|IFNG|MMP1|SERPINA1|TAS2R38|SFTPD|PLXNC1|ADAMTSL3|BACH2|CARD11|JAZF1|MRGPRX1|SFTPA1|SFTPA2,-2.1,0
1,-5.1,C0265962,M1,1,0,DisGeNET,35,Ichthyosis linearis circumflexa,,-5.1,6.6,6.6,30293,64,648,9,1.4,0.46,351|2312|3458|3713|5650|5653|6690|25818|43847,APP|FLG|IFNG|IVL|KLK7|KLK6|SPINK1|KLK5|KLK14,-1.9,0
1,-5,C4024757,M1,1,0,DisGeNET,35,Malformed lacrimal duct,,-5,47,12,30293,3,648,3,0.46,0.27,23426|80144|341640,GRIP1|FRAS1|FREM2,-1.9,0
1,-5,C4024773,M1,1,0,DisGeNET,35,Lacrimal duct aplasia,,-5,47,12,30293,3,648,3,0.46,0.27,23426|80144|341640,GRIP1|FRAS1|FREM2,-1.9,0
1,-5,C4551480,M1,1,0,DisGeNET,35,FRASER SYNDROME 1,,-5,47,12,30293,3,648,3,0.46,0.27,23426|80144|341640,GRIP1|FRAS1|FREM2,-1.9,0
1,-4.8,C0007766,M1,1,0,DisGeNET,35,Intracranial Aneurysm,,-4.8,3,5.3,30293,311,648,20,3.1,0.68,2551|3458|4312|4314|5265|5673|7078|9622|9760|11280|22891|23495|50863|57599|84433|130507|140469|148641|169044|406988,GABPA|IFNG|MMP1|MMP3|SERPINA1|PSG5|TIMP3|KLK4|TOX|SCN11A|ZNF365|TNFRSF13B|NTM|WDR48|CARD11|UBR3|MYO3B|SLC35F3|COL22A1|MIR205,-1.8,0
1,-4.7,C0236969,M1,1,0,DisGeNET,35,Substance-Related Disorders,,-4.7,4.4,5.7,30293,128,648,12,1.9,0.53,1012|1769|1813|4897|5137|9465|9547|23114|55691|63876|83938|140733,CDH13|DNAH8|DRD2|NRCAM|PDE1C|AKAP7|CXCL14|NFASC|FRMD4A|PKNOX2|LRMDA|MACROD2,-1.7,0
1,-4.7,C3714636,M1,1,0,DisGeNET,35,Pneumonitis,,-4.7,2.2,4.8,30293,696,648,33,5.1,0.86,238|313|1237|1240|2551|2658|2692|3290|3458|3603|4314|4317|4321|4345|4756|5265|6441|6523|8975|8988|10154|10563|11213|23643|54210|55801|84433|117156|253558|284217|407041|653509|729238,ALK|AOAH|CCR8|CMKLR1|GABPA|GDF2|GHRHR|HSD11B1|IFNG|IL16|MMP3|MMP8|MMP12|CD200|NEO1|SERPINA1|SFTPD|SLC5A1|USP13|HSPB3|PLXNC1|CXCL13|IRAK3|LY96|TREM1|IL26|CARD11|SCGB3A2|LCLAT1|LAMA1|MIR34B|SFTPA1|SFTPA2,-1.7,0
1,-4.6,C0016529,M1,1,0,DisGeNET,35,Forced expiratory volume function,,-4.6,3.1,5.1,30293,272,648,18,2.8,0.65,1608|2900|4321|4330|5265|5314|5680|8935|9915|51156|54622|56981|57718|64084|83938|221895|253827|100129961,DGKG|GRIK4|MMP12|MN1|SERPINA1|PKHD1|PSG11|SKAP2|ARNT2|SERPINA10|ARL15|PRDM11|PPP4R4|CLSTN2|LRMDA|JAZF1|MSRB3|CCNT2-AS1,-1.6,0
1,-4.5,C1510472,M1,1,0,DisGeNET,35,Drug Dependence,,-4.5,3.2,5.2,30293,248,648,17,2.6,0.63,238|1012|1769|1813|2668|4897|5137|6622|9465|9500|9547|27185|54970|55691|83938|140733|255239,ALK|CDH13|DNAH8|DRD2|GDNF|NRCAM|PDE1C|SNCA|AKAP7|MAGED1|CXCL14|DISC1|TTC12|FRMD4A|LRMDA|MACROD2|ANKK1,-1.6,0
1,-4.4,C1399358,M1,1,0,DisGeNET,35,Hemiparkinsonism,,-4.4,35,10,30293,4,648,3,0.46,0.27,1813|2668|6622,DRD2|GDNF|SNCA,-1.5,0
1,-4.4,C1844537,M1,1,0,DisGeNET,35,Cleft ala nasi,,-4.4,35,10,30293,4,648,3,0.46,0.27,23426|80144|341640,GRIP1|FRAS1|FREM2,-1.5,0
1,-4.4,C4025412,M1,1,0,DisGeNET,35,Midline nasal groove,,-4.4,35,10,30293,4,648,3,0.46,0.27,23426|80144|341640,GRIP1|FRAS1|FREM2,-1.5,0
1,-4.3,C0740858,M1,1,0,DisGeNET,35,Substance abuse problem,,-4.3,3.5,5.1,30293,185,648,14,2.2,0.57,460|1012|1769|1813|3603|4897|5137|6622|9465|9547|10215|55691|83938|140733,ASTN1|CDH13|DNAH8|DRD2|IL16|NRCAM|PDE1C|SNCA|AKAP7|CXCL14|OLIG2|FRMD4A|LRMDA|MACROD2,-1.4,0
1,-4.2,C1510420,M1,1,0,DisGeNET,35,Cavitation,,-4.2,7,6,30293,47,648,7,1.1,0.41,238|3906|4312|4317|5362|54210|169044,ALK|LALBA|MMP1|MMP8|PLXNA2|TREM1|COL22A1,-1.4,0
1,-4.2,C0023075,M1,1,0,DisGeNET,35,Laryngostenosis,,-4.2,17,7.8,30293,11,648,4,0.62,0.31,3914|23426|80144|341640,LAMB3|GRIP1|FRAS1|FREM2,-1.4,0
1,-4.2,C1275122,M1,1,0,DisGeNET,35,Familial multiple trichoepitheliomata,,-4.2,2.8,4.8,30293,317,648,19,2.9,0.66,947|1012|1524|2263|3458|4312|4314|5650|6657|7078|8091|8854|8988|9590|9844|11197|353135|406940|406988,CD34|CDH13|CX3CR1|FGFR2|IFNG|MMP1|MMP3|KLK7|SOX2|TIMP3|HMGA2|ALDH1A2|HSPB3|AKAP12|ELMO1|WIF1|LCE1E|MIR148A|MIR205,-1.4,0
1,-4.2,C0006267,M1,1,0,DisGeNET,35,Bronchiectasis,,-4.2,3.4,5,30293,190,648,14,2.2,0.57,1380|3458|4312|4317|5265|5858|6340|6441|7078|23495|50863|60468|653509|729238,CR2|IFNG|MMP1|MMP8|SERPINA1|PZP|SCNN1G|SFTPD|TIMP3|TNFRSF13B|NTM|BACH2|SFTPA1|SFTPA2,-1.4,0
1,-4.1,C0376705,M1,1,0,DisGeNET,35,Viral Load result,,-4.1,5.8,5.7,30293,65,648,8,1.2,0.43,238|9586|30820|50863|79783|83938|147372|285195,ALK|CREB5|KCNIP1|NTM|SUGCT|LRMDA|CCBE1|SLC9A9,-1.3,0
1,-4.1,C1836231,M1,1,0,DisGeNET,35,"HIV-1, RESISTANCE TO",,-4.1,3.8,5.1,30293,147,648,12,1.9,0.53,238|7074|9586|22844|26960|30820|50863|79783|83938|147372|285195|644861,ALK|TIAM1|CREB5|FRMPD1|NBEA|KCNIP1|NTM|SUGCT|LRMDA|CCBE1|SLC9A9|NBPF13P,-1.3,0
1,-4.1,C1836232,M1,1,0,DisGeNET,35,"ACQUIRED IMMUNODEFICIENCY SYNDROME, PROGRESSION TO",,-4.1,3.8,5.1,30293,147,648,12,1.9,0.53,238|7074|9586|22844|26960|30820|50863|79783|83938|147372|285195|644861,ALK|TIAM1|CREB5|FRMPD1|NBEA|KCNIP1|NTM|SUGCT|LRMDA|CCBE1|SLC9A9|NBPF13P,-1.3,0
1,-4.1,C1836233,M1,1,0,DisGeNET,35,"AIDS, PROGRESSION TO",,-4.1,3.8,5.1,30293,147,648,12,1.9,0.53,238|7074|9586|22844|26960|30820|50863|79783|83938|147372|285195|644861,ALK|TIAM1|CREB5|FRMPD1|NBEA|KCNIP1|NTM|SUGCT|LRMDA|CCBE1|SLC9A9|NBPF13P,-1.3,0
1,-4,C0205858,M1,1,0,DisGeNET,35,General Paralysis,,-4,16,7.5,30293,12,648,4,0.62,0.31,351|6334|6647|10563,APP|SCN8A|SOD1|CXCL13,-1.3,0
1,-4,C0393911,M1,1,0,DisGeNET,35,Pure Autonomic Failure,,-4,16,7.5,30293,12,648,4,0.62,0.31,351|2668|6622|6647,APP|GDNF|SNCA|SOD1,-1.3,0
1,-4,C0152459,M1,1,0,DisGeNET,35,Linear atrophy,,-4,3.8,5,30293,149,648,12,1.9,0.53,793|1012|1813|2263|2551|2740|4314|4317|6526|6622|9201|406988,CALB1|CDH13|DRD2|FGFR2|GABPA|GLP1R|MMP3|MMP8|SLC5A3|SNCA|DCLK1|MIR205,-1.3,0
1,-4,C1836230,M1,1,0,DisGeNET,35,"HUMAN IMMUNODEFICIENCY VIRUS TYPE 1, SUSCEPTIBILITY TO",,-4,3.8,5,30293,149,648,12,1.9,0.53,238|7074|9586|22844|26960|30820|50863|79783|83938|147372|285195|644861,ALK|TIAM1|CREB5|FRMPD1|NBEA|KCNIP1|NTM|SUGCT|LRMDA|CCBE1|SLC9A9|NBPF13P,-1.3,0
1,-4,C0311249,M1,1,0,DisGeNET,35,Cryptophthalmos,,-4,28,8.9,30293,5,648,3,0.46,0.27,23426|80144|341640,GRIP1|FRAS1|FREM2,-1.3,0
1,-4,C1857190,M1,1,0,DisGeNET,35,Wide pubic symphysis,,-4,28,8.9,30293,5,648,3,0.46,0.27,23426|80144|341640,GRIP1|FRAS1|FREM2,-1.3,0
1,-4,C2350521,M1,1,0,DisGeNET,35,Taste Perception (mental process),,-4,28,8.9,30293,5,648,3,0.46,0.27,5726|8972|23601,TAS2R38|MGAM|CLEC5A,-1.3,0
1,-3.9,C0018498,M1,1,0,DisGeNET,35,Hair Color,,-3.9,4,5,30293,130,648,11,1.7,0.51,3603|5314|9586|9590|50863|51176|80144|81615|221895|285456|341640,IL16|PKHD1|CREB5|AKAP12|NTM|LEF1|FRAS1|TMEM163|JAZF1|RPL34-DT|FREM2,-1.2,0
1,-3.9,C4511452,M1,1,0,DisGeNET,35,Sporadic Parkinson disease,,-3.9,3.4,4.8,30293,179,648,13,2,0.55,351|793|1813|2551|6622|6647|8224|9037|25793|54209|81615|130013|406988,APP|CALB1|DRD2|GABPA|SNCA|SOD1|SYN3|SEMA5A|FBXO7|TREM2|TMEM163|ACMSD|MIR205,-1.2,0
1,-3.8,C0041696,M1,1,0,DisGeNET,35,Unipolar Depression,,-3.8,2.1,4.2,30293,641,648,29,4.5,0.81,117|947|1608|1813|2551|2668|2890|2900|3458|4317|4908|6622|6647|7038|9248|9568|27185|30845|50863|51701|64084|92369|152578|154664|255239|286046|347252|407041|100303453,ADCYAP1R1|CD34|DGKG|DRD2|GABPA|GDNF|GRIA1|GRIK4|IFNG|MMP8|NTF3|SNCA|SOD1|TG|GPR50|GABBR2|DISC1|EHD3|NTM|NLK|CLSTN2|SPSB4|LINC01618|ABCA13|ANKK1|XKR6|IGFBPL1|MIR34B|TSNAX-DISC1,-1.2,0
1,-3.8,C0341106,M1,1,0,DisGeNET,35,Eosinophilic esophagitis,,-3.8,3.3,4.7,30293,183,648,13,2,0.55,1088|1237|2312|2551|3458|3906|5650|5653|6707|221895|286046|440854|100885775,CEACAM8|CCR8|FLG|GABPA|IFNG|LALBA|KLK7|KLK6|SPRR3|JAZF1|XKR6|CAPN14|BANCR,-1.1,0
1,-3.8,C0037274,M1,1,0,DisGeNET,35,Dermatologic disorders,,-3.8,2.1,4.2,30293,615,648,28,4.3,0.8,238|571|2263|2312|2551|3290|3458|3713|3914|4014|4321|5265|5362|5650|5653|5948|6699|6707|7053|7062|8975|9760|25818|43847|50863|55801|259249|406988,ALK|BACH1|FGFR2|FLG|GABPA|HSD11B1|IFNG|IVL|LAMB3|LORICRIN|MMP12|SERPINA1|PLXNA2|KLK7|KLK6|RBP2|SPRR1B|SPRR3|TGM3|TCHH|USP13|TOX|KLK5|KLK14|NTM|IL26|MRGPRX1|MIR205,-1.1,0
1,-3.8,C0149825,M1,1,0,DisGeNET,35,Hypertrophy of adenoids,,-3.8,13,6.8,30293,14,648,4,0.62,0.31,4317|6441|653509|729238,MMP8|SFTPD|SFTPA1|SFTPA2,-1.1,0
1,-3.7,C0272350,M1,1,0,DisGeNET,35,"Dysfibrinogenemia, Congenital",,-3.7,23,8.1,30293,6,648,3,0.46,0.27,2162|2243|2266,F13A1|FGA|FGG,-1.1,0
1,-3.7,C0334587,M1,1,0,DisGeNET,35,Astroblastoma,,-3.7,23,8.1,30293,6,648,3,0.46,0.27,947|4330|10215,CD34|MN1|OLIG2,-1.1,0
1,-3.7,C1112324,M1,1,0,DisGeNET,35,Multifocal micronodular pneumocyte hyperplasia,,-3.7,23,8.1,30293,6,648,3,0.46,0.27,6441|653509|729238,SFTPD|SFTPA1|SFTPA2,-1.1,0
1,-3.7,C0029231,M1,1,0,DisGeNET,35,"Organic Mental Disorders, Substance-Induced",,-3.7,4.1,4.9,30293,115,648,10,1.5,0.48,1012|1769|1813|4897|5137|9465|9547|55691|83938|140733,CDH13|DNAH8|DRD2|NRCAM|PDE1C|AKAP7|CXCL14|FRMD4A|LRMDA|MACROD2,-1.1,0
1,-3.7,C4316881,M1,1,0,DisGeNET,35,Prescription Drug Abuse,,-3.7,4.1,4.9,30293,115,648,10,1.5,0.48,1012|1769|1813|4897|5137|9465|9547|55691|83938|140733,CDH13|DNAH8|DRD2|NRCAM|PDE1C|AKAP7|CXCL14|FRMD4A|LRMDA|MACROD2,-1.1,0
1,-3.7,C0752105,M1,1,0,DisGeNET,35,"Parkinsonism, Juvenile",,-3.7,7,5.6,30293,40,648,6,0.93,0.38,1813|2668|6622|8854|8867|25793,DRD2|GDNF|SNCA|ALDH1A2|SYNJ1|FBXO7,-1.1,0
1,-3.7,C4721806,M1,1,0,DisGeNET,35,"Carcinoma, Basal Cell",,-3.7,2.2,4.2,30293,557,648,26,4,0.77,238|646|947|1012|2263|2303|3458|3713|4314|4317|4319|4321|4345|4756|5726|6657|7053|8091|9590|10125|10642|51176|79623|83639|406988|100126333,ALK|BNC1|CD34|CDH13|FGFR2|FOXC2|IFNG|IVL|MMP3|MMP8|MMP10|MMP12|CD200|NEO1|TAS2R38|SOX2|TGM3|HMGA2|AKAP12|RASGRP1|IGF2BP1|LEF1|GALNT14|TEX101|MIR205|MIR708,-1.1,0
1,-3.7,C0007682,M1,1,0,DisGeNET,35,CNS disorder,,-3.7,2.6,4.3,30293,319,648,18,2.8,0.65,238|351|947|1813|2551|2658|2740|3458|4321|4345|5137|5265|5653|6622|6647|10563|54209|259249,ALK|APP|CD34|DRD2|GABPA|GDF2|GLP1R|IFNG|MMP12|CD200|PDE1C|SERPINA1|KLK6|SNCA|SOD1|CXCL13|TREM2|MRGPRX1,-1.1,0
1,-3.7,C0751295,M1,1,0,DisGeNET,35,Memory Loss,,-3.7,3.4,4.6,30293,163,648,12,1.9,0.53,351|793|1524|1813|3290|3778|4908|6622|6647|23495|54209|84867,APP|CALB1|CX3CR1|DRD2|HSD11B1|KCNMA1|NTF3|SNCA|SOD1|TNFRSF13B|TREM2|PTPN5,-1.1,0
1,-3.6,C1842981,M1,1,0,DisGeNET,35,NEUROTICISM,,-3.6,3.6,4.7,30293,141,648,11,1.7,0.51,1012|1769|1813|3290|3458|5726|6622|9671|255239|286046|353144,CDH13|DNAH8|DRD2|HSD11B1|IFNG|TAS2R38|SNCA|WSCD2|ANKK1|XKR6|LCE3C,-1.1,0
1,-3.6,C0338831,M1,1,0,DisGeNET,35,Manic,,-3.6,3.4,4.5,30293,166,648,12,1.9,0.53,157|885|1769|2668|2890|3458|4184|5265|6526|26011|27185|255239,GRK3|CCK|DNAH8|GDNF|GRIA1|IFNG|SMCP|SERPINA1|SLC5A3|TENM4|DISC1|ANKK1,-1,0
1,-3.5,C0013222,M1,1,0,DisGeNET,35,Drug Use Disorders,,-3.5,3.9,4.7,30293,121,648,10,1.5,0.48,1012|1769|1813|4897|5137|9465|9547|55691|83938|140733,CDH13|DNAH8|DRD2|NRCAM|PDE1C|AKAP7|CXCL14|FRMD4A|LRMDA|MACROD2,-0.99,0
1,-3.5,C1321884,M1,1,0,DisGeNET,35,Atresia of vagina,,-3.5,12,6.3,30293,16,648,4,0.62,0.31,2263|23426|80144|341640,FGFR2|GRIP1|FRAS1|FREM2,-0.97,0
1,-3.5,C4285693,M1,1,0,DisGeNET,35,HIV-associated neurocognitive disorder,,-3.5,5.4,5,30293,61,648,7,1.1,0.41,351|1813|3458|4312|4314|4317|6622,APP|DRD2|IFNG|MMP1|MMP3|MMP8|SNCA,-0.96,0
1,-3.5,C0037369,M1,1,0,DisGeNET,35,Smoking,,-3.5,2.4,4.1,30293,391,648,20,3.1,0.68,1012|1608|5137|5265|5858|7038|9037|9760|25924|50863|55799|57188|64084|79783|92291|221895|221935|286046|100505385|100507098,CDH13|DGKG|PDE1C|SERPINA1|PZP|TG|SEMA5A|TOX|MYRIP|NTM|CACNA2D3|ADAMTSL3|CLSTN2|SUGCT|CAPN13|JAZF1|SDK1|XKR6|IQCJ-SCHIP1|ADAMTS9-AS2,-0.95,0
1,-3.5,C1619700,M1,1,0,DisGeNET,35,RENAL ADYSPLASIA,,-3.5,8.1,5.6,30293,29,648,5,0.77,0.34,2668|3458|3664|80144|341640,GDNF|IFNG|IRF6|FRAS1|FREM2,-0.94,0
1,-3.4,C0006287,M1,1,0,DisGeNET,35,Bronchopulmonary Dysplasia,,-3.4,2.3,4,30293,423,648,21,3.2,0.7,157|947|1240|2263|2551|2658|2740|3458|6334|6441|6647|7078|8867|26011|27185|51176|54210|117156|161436|653509|729238,GRK3|CD34|CMKLR1|FGFR2|GABPA|GDF2|GLP1R|IFNG|SCN8A|SFTPD|SOD1|TIMP3|SYNJ1|TENM4|DISC1|LEF1|TREM1|SCGB3A2|EML5|SFTPA1|SFTPA2,-0.93,0
1,-3.4,C0699949,M1,1,0,DisGeNET,35,airway disease,,-3.4,3.1,4.3,30293,198,648,13,2,0.55,1237|2312|2551|3458|4312|5726|6441|6647|9407|54210|117156|653509|729238,CCR8|FLG|GABPA|IFNG|MMP1|TAS2R38|SFTPD|SOD1|TMPRSS11D|TREM1|SCGB3A2|SFTPA1|SFTPA2,-0.93,0
1,-3.4,C0002622,M1,1,0,DisGeNET,35,Amnesia,,-3.4,3.2,4.4,30293,173,648,12,1.9,0.53,351|793|1524|2551|3290|3778|4908|6622|6647|23495|54209|84867,APP|CALB1|CX3CR1|GABPA|HSD11B1|KCNMA1|NTF3|SNCA|SOD1|TNFRSF13B|TREM2|PTPN5,-0.93,0
1,-3.4,C0027404,M1,1,0,DisGeNET,35,Narcolepsy,,-3.4,2.6,4.1,30293,308,648,17,2.6,0.63,460|1769|2668|2740|3458|5673|7074|9844|22891|56704|57188|57599|79623|221935|341640|100130231|100861519,ASTN1|DNAH8|GDNF|GLP1R|IFNG|PSG5|TIAM1|ELMO1|ZNF365|JPH1|ADAMTSL3|WDR48|GALNT14|SDK1|FREM2|LINC00861|GDNF-AS1,-0.91,0
1,-3.4,C0238441,M1,1,0,DisGeNET,35,Subglottic stenosis,,-3.4,11,6.1,30293,17,648,4,0.62,0.31,3458|23426|80144|341640,IFNG|GRIP1|FRAS1|FREM2,-0.91,0
1,-3.4,C0162820,M1,1,0,DisGeNET,35,"Dermatitis, Allergic Contact",,-3.4,3.4,4.4,30293,151,648,11,1.7,0.51,2162|2312|3290|3458|3603|4314|4321|55801|353143|353144|388697,F13A1|FLG|HSD11B1|IFNG|IL16|MMP3|MMP12|IL26|LCE3B|LCE3C|HRNR,-0.88,0
1,-3.3,C0026393,M1,1,0,DisGeNET,35,Molluscum Contagiosum,,-3.3,10,5.9,30293,18,648,4,0.62,0.31,947|1237|2312|7062,CD34|CCR8|FLG|TCHH,-0.83,0
1,-3.3,C0751071,M1,1,0,DisGeNET,35,Familial Dementia,,-3.3,10,5.9,30293,18,648,4,0.62,0.31,351|5265|6622|54209,APP|SERPINA1|SNCA|TREM2,-0.83,0
1,-3.3,C0265233,M1,1,0,DisGeNET,35,Cryptophthalmos syndrome,,-3.3,18,6.9,30293,8,648,3,0.46,0.27,23426|80144|341640,GRIP1|FRAS1|FREM2,-0.83,0
1,-3.3,C0021368,M1,1,0,DisGeNET,35,Inflammation,,-3.3,2.2,3.9,30293,467,648,22,3.4,0.71,351|634|885|1237|1524|2266|3001|3458|4312|4314|4319|4345|4908|5265|6441|6647|6690|6699|9547|23495|54210|79865,APP|CEACAM1|CCK|CCR8|CX3CR1|FGG|GZMA|IFNG|MMP1|MMP3|MMP10|CD200|NTF3|SERPINA1|SFTPD|SOD1|SPINK1|SPRR1B|CXCL14|TNFRSF13B|TREM1|TREML2,-0.82,0
1,-3.2,C0562350,M1,1,0,DisGeNET,35,Hip circumference,,-3.2,4.8,4.7,30293,68,648,7,1.1,0.41,1608|8091|26046|57188|84456|140733|100507098,DGKG|HMGA2|LTN1|ADAMTSL3|L3MBTL3|MACROD2|ADAMTS9-AS2,-0.77,0
1,-3.2,C0268186,M1,1,0,DisGeNET,35,Congenital glucose-galactose malabsorption,,-3.2,9.8,5.7,30293,19,648,4,0.62,0.31,1378|5265|6523|10563,CR1|SERPINA1|SLC5A1|CXCL13,-0.77,0
1,-3.2,C0010043,M1,1,0,DisGeNET,35,Corneal Ulcer,,-3.2,7.1,5.2,30293,33,648,5,0.77,0.34,2303|3458|6441|653509|729238,FOXC2|IFNG|SFTPD|SFTPA1|SFTPA2,-0.77,0
1,-3.2,C0542519,M1,1,0,DisGeNET,35,Congenital absence of kidney,,-3.2,7.1,5.2,30293,33,648,5,0.77,0.34,2668|3458|3664|80144|341640,GDNF|IFNG|IRF6|FRAS1|FREM2,-0.77,0
1,-3.2,C0752100,M1,1,0,DisGeNET,35,Autosomal Recessive Parkinsonism,,-3.2,7.1,5.2,30293,33,648,5,0.77,0.34,1813|2668|6622|8854|8867,DRD2|GDNF|SNCA|ALDH1A2|SYNJ1,-0.77,0
1,-3.2,C2350344,M1,1,0,DisGeNET,35,Chronic Lung Injury,,-3.2,7.1,5.2,30293,33,648,5,0.77,0.34,4321|6441|6647|653509|729238,MMP12|SFTPD|SOD1|SFTPA1|SFTPA2,-0.77,0
1,-3.1,C0149517,M1,1,0,DisGeNET,35,Chronic tonsillitis,,-3.1,16,6.5,30293,9,648,3,0.46,0.27,1524|3458|4317,CX3CR1|IFNG|MMP8,-0.72,0
1,-3.1,C0857501,M1,1,0,DisGeNET,35,Acute schizophrenia,,-3.1,16,6.5,30293,9,648,3,0.46,0.27,1813|2243|3458,DRD2|FGA|IFNG,-0.72,0
1,-3.1,C0878693,M1,1,0,DisGeNET,35,Conjunctivochalasis,,-3.1,16,6.5,30293,9,648,3,0.46,0.27,4312|4314|7078,MMP1|MMP3|TIMP3,-0.72,0
1,-3.1,C0266231,M1,1,0,DisGeNET,35,Ectopic anus,,-3.1,9.3,5.5,30293,20,648,4,0.62,0.31,2263|23426|80144|341640,FGFR2|GRIP1|FRAS1|FREM2,-0.72,0
1,-3.1,C4021254,M1,1,0,DisGeNET,35,Cutaneous finger syndactyly,,-3.1,9.3,5.5,30293,20,648,4,0.62,0.31,2263|3664|80144|147372,FGFR2|IRF6|FRAS1|CCBE1,-0.72,0
1,-3.1,C0001973,M1,1,0,DisGeNET,35,"Alcoholic Intoxication, Chronic",,-3.1,2,3.7,30293,577,648,25,3.9,0.76,238|460|885|1012|1813|2668|2740|3603|4336|5726|6622|6716|9037|11280|24144|27123|50810|54622|54970|57502|63876|149111|255239|283284|400359,ALK|ASTN1|CCK|CDH13|DRD2|GDNF|GLP1R|IL16|MOBP|TAS2R38|SNCA|SRD5A2|SEMA5A|SCN11A|TFIP11|DKK2|HDGFL3|ARL15|TTC12|NLGN4X|PKNOX2|CNIH3|ANKK1|IGSF22|LINC02694,-0.72,0
1,-3,C3714651,M1,1,0,DisGeNET,35,Follicular Variant Thyroid Gland Papillary Carcinoma,,-3,6.5,4.9,30293,36,648,5,0.77,0.34,238|947|4897|5726|23426,ALK|CD34|NRCAM|TAS2R38|GRIP1,-0.65,0
1,-3,C4331921,M1,1,0,DisGeNET,35,Obesity-Associated Insulin Resistance,,-3,6.5,4.9,30293,36,648,5,0.77,0.34,3458|3778|7498|9500|9547,IFNG|KCNMA1|XDH|MAGED1|CXCL14,-0.65,0
1,-3,C0238394,M1,1,0,DisGeNET,35,Female Pseudohermaphroditism,,-3,14,6.1,30293,10,648,3,0.46,0.27,23426|80144|341640,GRIP1|FRAS1|FREM2,-0.62,0
1,-3,C1334281,M1,1,0,DisGeNET,35,Infiltrating Bladder Urothelial Carcinoma,,-3,14,6.1,30293,10,648,3,0.46,0.27,10563|25925|253827,CXCL13|ZNF521|MSRB3,-0.62,0
1,-3,C1861829,M1,1,0,DisGeNET,35,Cataract microcornea syndrome,,-3,14,6.1,30293,10,648,3,0.46,0.27,1413|1414|340273,CRYBA4|CRYBB1|ABCB5,-0.62,0
1,-3,C0009171,M1,1,0,DisGeNET,35,Cocaine Abuse,,-3,3.2,4,30293,144,648,10,1.5,0.48,157|1769|1813|2668|2890|6622|55714|57586|255239|406929,GRK3|DNAH8|DRD2|GDNF|GRIA1|SNCA|TENM3|SYT13|ANKK1|MIR138-1,-0.61,0
1,-3,C0023288,M1,1,0,DisGeNET,35,Infection by Leishmania braziliensis,,-3,8.5,5.2,30293,22,648,4,0.62,0.31,3001|3458|4312|6503,GZMA|IFNG|MMP1|SLA,-0.61,0
1,-3,C0013170,M1,1,0,DisGeNET,35,Drug habituation,,-3,2.9,3.9,30293,196,648,12,1.9,0.53,1012|1769|1813|2890|3778|4897|5137|9465|9547|55691|83938|140733,CDH13|DNAH8|DRD2|GRIA1|KCNMA1|NRCAM|PDE1C|AKAP7|CXCL14|FRMD4A|LRMDA|MACROD2,-0.61,0
1,-2.9,C0027796,M1,1,0,DisGeNET,35,Neuralgia,,-2.9,1.8,3.4,30293,766,648,30,4.6,0.83,117|351|366|885|1240|1524|1769|1813|2551|2662|2668|2740|2890|3778|4146|4321|4756|5265|6334|6336|6523|6647|7038|7078|8091|10563|11280|23643|259249|407042,ADCYAP1R1|APP|AQP9|CCK|CMKLR1|CX3CR1|DNAH8|DRD2|GABPA|GDF10|GDNF|GLP1R|GRIA1|KCNMA1|MATN1|MMP12|NEO1|SERPINA1|SCN8A|SCN10A|SLC5A1|SOD1|TG|TIMP3|HMGA2|CXCL13|SCN11A|LY96|MRGPRX1|MIR34C,-0.57,0
1,-2.9,C2718001,M1,1,0,DisGeNET,35,Protein Misfolding Disorders,,-2.9,6.2,4.7,30293,38,648,5,0.77,0.34,634|5265|6622|6647|200504,CEACAM1|SERPINA1|SNCA|SOD1|GKN2,-0.57,0
1,-2.9,C0242422,M1,1,0,DisGeNET,35,Parkinsonian Disorders,,-2.9,2.3,3.6,30293,373,648,18,2.8,0.65,351|793|1524|1813|2668|2740|4314|5669|5670|5676|6622|6647|8854|8867|25793|54209|130013|440533,APP|CALB1|CX3CR1|DRD2|GDNF|GLP1R|MMP3|PSG1|PSG2|PSG7|SNCA|SOD1|ALDH1A2|SYNJ1|FBXO7|TREM2|ACMSD|PSG8,-0.57,0
1,-2.9,C0013146,M1,1,0,DisGeNET,35,Drug abuse,,-2.9,2.2,3.6,30293,404,648,19,2.9,0.66,1012|1769|1813|2551|2668|2740|3458|3603|4897|5137|5670|7367|8988|9465|9547|9760|55691|83938|140733,CDH13|DNAH8|DRD2|GABPA|GDNF|GLP1R|IFNG|IL16|NRCAM|PDE1C|PSG2|UGT2B17|HSPB3|AKAP7|CXCL14|TOX|FRMD4A|LRMDA|MACROD2,-0.57,0
1,-2.9,C0032227,M1,1,0,DisGeNET,35,Pleural effusion disorder,,-2.9,2.7,3.8,30293,227,648,13,2,0.55,238|3290|5670|6690|7038|10563|11082|11197|55801|147372|151888|653509|729238,ALK|HSD11B1|PSG2|SPINK1|TG|CXCL13|ESM1|WIF1|IL26|CCBE1|BTLA|SFTPA1|SFTPA2,-0.57,0
1,-2.9,C3811653,M1,1,0,DisGeNET,35,Experimental Organism Basal Cell Carcinoma,,-2.9,2.1,3.5,30293,437,648,20,3.1,0.68,238|646|947|2263|2303|3458|3713|4314|4317|4345|4756|6657|7053|8091|10642|51176|79623|83639|406988|100126333,ALK|BNC1|CD34|FGFR2|FOXC2|IFNG|IVL|MMP3|MMP8|CD200|NEO1|SOX2|TGM3|HMGA2|IGF2BP1|LEF1|GALNT14|TEX101|MIR205|MIR708,-0.57,0
1,-2.9,C1704272,M1,1,0,DisGeNET,35,Benign Prostatic Hyperplasia,,-2.9,1.8,3.4,30293,770,648,30,4.6,0.83,117|947|1813|2263|2551|2668|2798|3458|3778|4314|5650|6647|6657|6690|6716|7078|7367|8224|9201|9547|9590|9622|10563|11012|25818|57126|406988|407041|407042|100126333,ADCYAP1R1|CD34|DRD2|FGFR2|GABPA|GDNF|GNRHR|IFNG|KCNMA1|MMP3|KLK7|SOD1|SOX2|SPINK1|SRD5A2|TIMP3|UGT2B17|SYN3|DCLK1|CXCL14|AKAP12|KLK4|CXCL13|KLK11|KLK5|CD177|MIR205|MIR34B|MIR34C|MIR708,-0.57,0
1,-2.9,C0730607,M1,1,0,DisGeNET,35,Severe chronic obstructive pulmonary disease,,-2.9,8.1,5.1,30293,23,648,4,0.62,0.31,2551|3001|5265|284217,GABPA|GZMA|SERPINA1|LAMA1,-0.57,0
1,-2.9,C0041671,M1,1,0,DisGeNET,35,Attention Deficit Disorder,,-2.9,3.4,4,30293,123,648,9,1.4,0.46,351|1813|3458|4908|5265|27185|285195|407041|407042,APP|DRD2|IFNG|NTF3|SERPINA1|DISC1|SLC9A9|MIR34B|MIR34C,-0.57,0
1,-2.9,C0029489,M1,1,0,DisGeNET,35,Other alopecia,,-2.9,6,4.6,30293,39,648,5,0.77,0.34,6716|10913|27123|51072|83938,SRD5A2|EDAR|DKK2|MEMO1|LRMDA,-0.57,0
1,-2.9,C0154778,M1,1,0,DisGeNET,35,"Myopia, Degenerative",,-2.9,6,4.6,30293,39,648,5,0.77,0.34,5362|7078|64084|284217|389432,PLXNA2|TIMP3|CLSTN2|LAMA1|SAMD5,-0.57,0
1,-2.9,C2676272,M1,1,0,DisGeNET,35,"Alopecia, Androgenetic, 3",,-2.9,6,4.6,30293,39,648,5,0.77,0.34,6716|10913|27123|51072|83938,SRD5A2|EDAR|DKK2|MEMO1|LRMDA,-0.57,0
1,-2.9,C2678038,M1,1,0,DisGeNET,35,"Alopecia, Androgenetic, 2",,-2.9,6,4.6,30293,39,648,5,0.77,0.34,6716|10913|27123|51072|83938,SRD5A2|EDAR|DKK2|MEMO1|LRMDA,-0.57,0
1,-2.9,C4049090,M1,1,0,DisGeNET,35,"Alopecia, Androgenetic, 1",,-2.9,6,4.6,30293,39,648,5,0.77,0.34,6716|10913|27123|51072|83938,SRD5A2|EDAR|DKK2|MEMO1|LRMDA,-0.57,0
1,-2.8,C0262376,M1,1,0,DisGeNET,35,anxiety generalized,,-2.8,13,5.8,30293,11,648,3,0.46,0.27,351|1813|2668,APP|DRD2|GDNF,-0.57,0
1,-2.8,C0276655,M1,1,0,DisGeNET,35,Infection by Aspergillus fumigatus,,-2.8,13,5.8,30293,11,648,3,0.46,0.27,3458|6441|54210,IFNG|SFTPD|TREM1,-0.57,0
1,-2.8,C0523953,M1,1,0,DisGeNET,35,Cardiac troponin T measurement,,-2.8,13,5.8,30293,11,648,3,0.46,0.27,50863|56341|221935,NTM|PRMT8|SDK1,-0.57,0
1,-2.8,C0729552,M1,1,0,DisGeNET,35,Genital infection,,-2.8,13,5.8,30293,11,648,3,0.46,0.27,2551|3458|10563,GABPA|IFNG|CXCL13,-0.57,0
1,-2.8,C0751157,M1,1,0,DisGeNET,35,FRAXE Syndrome,,-2.8,13,5.8,30293,11,648,3,0.46,0.27,351|2334|5265,APP|AFF2|SERPINA1,-0.57,0
1,-2.8,C0850024,M1,1,0,DisGeNET,35,Gluten sensitivity,,-2.8,13,5.8,30293,11,648,3,0.46,0.27,3458|6647|343641,IFNG|SOD1|TGM6,-0.57,0
1,-2.8,C1276092,M1,1,0,DisGeNET,35,Chronic hand eczema,,-2.8,13,5.8,30293,11,648,3,0.46,0.27,2312|353143|353144,FLG|LCE3B|LCE3C,-0.57,0
1,-2.8,C1868596,M1,1,0,DisGeNET,35,Atypical Parkinson Disease,,-2.8,13,5.8,30293,11,648,3,0.46,0.27,6622|8867|25793,SNCA|SYNJ1|FBXO7,-0.57,0
1,-2.8,C0202177,M1,1,0,DisGeNET,35,Phospholipid measurement,,-2.8,4.8,4.3,30293,58,648,6,0.93,0.38,3680|5137|8854|140469|220134|729993,ITGA9|PDE1C|ALDH1A2|MYO3B|SKA1|SHISA9,-0.56,0
1,-2.8,C0017168,M1,1,0,DisGeNET,35,Gastroesophageal reflux disease,,-2.8,2.1,3.4,30293,446,648,20,3.1,0.68,885|2312|2551|4312|4314|4321|6334|6657|8867|8988|9568|9915|49860|50863|54067|64801|221935|440854|653509|729238,CCK|FLG|GABPA|MMP1|MMP3|MMP12|SCN8A|SOX2|SYNJ1|HSPB3|GABBR2|ARNT2|CRNN|NTM|EPCIP-AS1|ARV1|SDK1|CAPN14|SFTPA1|SFTPA2,-0.52,0
1,-2.8,C0034067,M1,1,0,DisGeNET,35,Pulmonary Emphysema,,-2.8,2.3,3.5,30293,352,648,17,2.6,0.63,947|1524|2551|2740|3458|3603|4312|4319|4321|4628|5265|5670|6441|6647|7078|10563|407042,CD34|CX3CR1|GABPA|GLP1R|IFNG|IL16|MMP1|MMP10|MMP12|MYH10|SERPINA1|PSG2|SFTPD|SOD1|TIMP3|CXCL13|MIR34C,-0.52,0
1,-2.8,C0004606,M1,1,0,DisGeNET,35,Nonproliferative diabetic retinopathy,,-2.8,5.7,4.5,30293,41,648,5,0.77,0.34,1124|2668|3458|5362|55801,CHN2|GDNF|IFNG|PLXNA2|IL26,-0.51,0
1,-2.8,C0031029,M1,1,0,DisGeNET,35,Periapical Granuloma,,-2.8,5.7,4.5,30293,41,648,5,0.77,0.34,947|1088|3458|4312|8988,CD34|CEACAM8|IFNG|MMP1|HSPB3,-0.51,0
1,-2.8,C0524662,M1,1,0,DisGeNET,35,Opiate Addiction,,-2.8,4,4.1,30293,81,648,7,1.1,0.41,1813|2890|6622|27185|149111|255239|100303453,DRD2|GRIA1|SNCA|DISC1|CNIH3|ANKK1|TSNAX-DISC1,-0.51,0
1,-2.7,C0600260,M1,1,0,DisGeNET,35,"Lung Diseases, Obstructive",,-2.7,3.6,3.9,30293,104,648,8,1.2,0.43,1524|2740|4312|5265|6441|127602|653509|729238,CX3CR1|GLP1R|MMP1|SERPINA1|SFTPD|DNAH14|SFTPA1|SFTPA2,-0.5,0
1,-2.7,C0035204,M1,1,0,DisGeNET,35,Respiration Disorders,,-2.7,2.7,3.6,30293,208,648,12,1.9,0.53,2551|3458|4312|4319|4321|5265|5726|6441|9407|259249|653509|729238,GABPA|IFNG|MMP1|MMP10|MMP12|SERPINA1|TAS2R38|SFTPD|TMPRSS11D|MRGPRX1|SFTPA1|SFTPA2,-0.49,0
1,-2.7,C0155870,M1,1,0,DisGeNET,35,Pneumonia and influenza,,-2.7,12,5.5,30293,12,648,3,0.46,0.27,2551|5265|25818,GABPA|SERPINA1|KLK5,-0.49,0
1,-2.7,C0340782,M1,1,0,DisGeNET,35,Hyperplastic lymph node,,-2.7,12,5.5,30293,12,648,3,0.46,0.27,1012|1380|3458,CDH13|CR2|IFNG,-0.49,0
1,-2.7,C0009763,M1,1,0,DisGeNET,35,Conjunctivitis,,-2.7,4,4,30293,82,648,7,1.1,0.41,238|1380|2263|2303|4312|10642|23495,ALK|CR2|FGFR2|FOXC2|MMP1|IGF2BP1|TNFRSF13B,-0.49,0
1,-2.7,C0002991,M1,1,0,DisGeNET,35,Cutaneous Fibrous Histiocytoma,,-2.7,5.6,4.4,30293,42,648,5,0.77,0.34,238|947|2162|4321|406988,ALK|CD34|F13A1|MMP12|MIR205,-0.48,0
1,-2.7,C0524528,M1,1,0,DisGeNET,35,Pervasive Development Disorder,,-2.7,2.3,3.4,30293,328,648,16,2.5,0.61,117|351|1012|1813|2243|2334|2668|3458|6334|6622|8128|9037|9891|57502|140733|154664,ADCYAP1R1|APP|CDH13|DRD2|FGA|AFF2|GDNF|IFNG|SCN8A|SNCA|ST8SIA2|SEMA5A|NUAK1|NLGN4X|MACROD2|ABCA13,-0.46,0
1,-2.7,C0010278,M1,1,0,DisGeNET,35,Craniosynostosis,,-2.7,2,3.3,30293,488,648,21,3.2,0.7,313|947|1959|2263|2658|2740|3290|3458|3664|3778|4312|4330|5653|5726|6441|6699|6700|117156|147372|653509|729238,AOAH|CD34|EGR2|FGFR2|GDF2|GLP1R|HSD11B1|IFNG|IRF6|KCNMA1|MMP1|MN1|KLK6|TAS2R38|SFTPD|SPRR1B|SPRR2A|SCGB3A2|CCBE1|SFTPA1|SFTPA2,-0.45,0
1,-2.7,C0035450,M1,1,0,DisGeNET,35,Rheumatoid Nodule,,-2.7,7.2,4.7,30293,26,648,4,0.62,0.31,3458|4312|4314|4321,IFNG|MMP1|MMP3|MMP12,-0.45,0
1,-2.7,C0011608,M1,1,0,DisGeNET,35,Dermatitis Herpetiformis,,-2.7,5.4,4.3,30293,43,648,5,0.77,0.34,3458|4312|4314|4321|7053,IFNG|MMP1|MMP3|MMP12|TGM3,-0.45,0
1,-2.7,C0271084,M1,1,0,DisGeNET,35,Exudative age-related macular degeneration,,-2.7,3,3.6,30293,158,648,10,1.5,0.48,1524|3458|4312|5341|5362|7078|8224|8854|10186|100507098,CX3CR1|IFNG|MMP1|PLEK|PLXNA2|TIMP3|SYN3|ALDH1A2|LHFPL6|ADAMTS9-AS2,-0.44,0
1,-2.6,C0085281,M1,1,0,DisGeNET,35,Addictive Behavior,,-2.6,2.3,3.4,30293,332,648,16,2.5,0.61,117|238|1124|1813|2263|2551|2668|2740|3664|4312|4897|6657|9568|23114|149111|255239,ADCYAP1R1|ALK|CHN2|DRD2|FGFR2|GABPA|GDNF|GLP1R|IRF6|MMP1|NRCAM|SOX2|GABBR2|NFASC|CNIH3|ANKK1,-0.43,0
1,-2.6,C1536085,M1,1,0,DisGeNET,35,Geographic Atrophy,,-2.6,3.8,3.9,30293,85,648,7,1.1,0.41,1524|4345|5362|8224|8854|83872|100507098,CX3CR1|CD200|PLXNA2|SYN3|ALDH1A2|HMCN1|ADAMTS9-AS2,-0.43,0
1,-2.6,C0740391,M1,1,0,DisGeNET,35,Middle Cerebral Artery Occlusion,,-2.6,1.9,3.2,30293,626,648,25,3.9,0.76,351|885|947|1524|1813|2551|2658|2668|2740|3458|4317|4908|6441|6523|6547|6647|6657|7498|8321|8988|9622|54209|407041|440823|100126343,APP|CCK|CD34|CX3CR1|DRD2|GABPA|GDF2|GDNF|GLP1R|IFNG|MMP8|NTF3|SFTPD|SLC5A1|SLC8A3|SOD1|SOX2|XDH|FZD1|HSPB3|KLK4|TREM2|MIR34B|MIAT|MIR874,-0.43,0
1,-2.6,C0730314,M1,1,0,DisGeNET,35,Chronic central serous chorioretinopathy,,-2.6,11,5.2,30293,13,648,3,0.46,0.27,3914|5362|56999,LAMB3|PLXNA2|ADAMTS9,-0.43,0
1,-2.6,C0795875,M1,1,0,DisGeNET,35,Chromosome 21 monosomy,,-2.6,11,5.2,30293,13,648,3,0.46,0.27,351|571|6647,APP|BACH1|SOD1,-0.43,0
1,-2.6,C3469605,M1,1,0,DisGeNET,35,"PSEUDOHYPOALDOSTERONISM, TYPE IID",,-2.6,11,5.2,30293,13,648,3,0.46,0.27,2551|3778|26249,GABPA|KCNMA1|KLHL3,-0.43,0
1,-2.6,C4551487,M1,1,0,DisGeNET,35,Submucous cleft palate,,-2.6,11,5.2,30293,13,648,3,0.46,0.27,3664|4184|11202,IRF6|SMCP|KLK8,-0.43,0
1,-2.6,C0376280,M1,1,0,DisGeNET,35,"Anxiety States, Neurotic",,-2.6,5.3,4.2,30293,44,648,5,0.77,0.34,351|1813|5265|7038|27185,APP|DRD2|SERPINA1|TG|DISC1,-0.43,0
1,-2.6,C1541317,M1,1,0,DisGeNET,35,Adult Gliosarcoma,,-2.6,5.3,4.2,30293,44,648,5,0.77,0.34,885|6657|10186|161003|341640,CCK|SOX2|LHFPL6|STOML3|FREM2,-0.43,0
1,-2.6,C3899658,M1,1,0,DisGeNET,35,Childhood Gliosarcoma,,-2.6,5.3,4.2,30293,44,648,5,0.77,0.34,885|6657|10186|161003|341640,CCK|SOX2|LHFPL6|STOML3|FREM2,-0.43,0
1,-2.6,C0029182,M1,1,0,DisGeNET,35,orbit (eye disorders),,-2.6,4.4,4,30293,64,648,6,0.93,0.38,947|2263|3458|4014|7038|7498,CD34|FGFR2|IFNG|LORICRIN|TG|XDH,-0.43,0
1,-2.6,C2350236,M1,1,0,DisGeNET,35,Idiopathic Interstitial Pneumonias,,-2.6,4.4,4,30293,64,648,6,0.93,0.38,947|3458|6441|10563|653509|729238,CD34|IFNG|SFTPD|CXCL13|SFTPA1|SFTPA2,-0.43,0
1,-2.6,C0007570,M1,1,0,DisGeNET,35,Celiac Disease,,-2.6,2,3.3,30293,527,648,22,3.4,0.71,238|885|947|1380|1524|1769|2740|3458|4312|4314|4321|5265|5341|5588|6647|6690|7038|8988|9227|9844|60468|343641,ALK|CCK|CD34|CR2|CX3CR1|DNAH8|GLP1R|IFNG|MMP1|MMP3|MMP12|SERPINA1|PLEK|PRKCQ|SOD1|SPINK1|TG|HSPB3|LRAT|ELMO1|BACH2|TGM6,-0.43,0
1,-2.6,C0178879,M1,1,0,DisGeNET,35,Urinary tract obstruction,,-2.6,6.9,4.6,30293,27,648,4,0.62,0.31,4314|4317|6716|9622,MMP3|MMP8|SRD5A2|KLK4,-0.43,0
1,-2.6,C3899403,M1,1,0,DisGeNET,35,Decreased Concentration,,-2.6,6.9,4.6,30293,27,648,4,0.62,0.31,351|634|3458|27185,APP|CEACAM1|IFNG|DISC1,-0.43,0
1,-2.6,C0042834,M1,1,0,DisGeNET,35,Vital capacity,,-2.6,2.1,3.3,30293,430,648,19,2.9,0.66,8935|9586|9638|9671|10913|26059|54622|55799|56981|57188|79783|83872|83938|221895|253827|285456|400359|644861|100129961,SKAP2|CREB5|FEZ1|WSCD2|EDAR|ERC2|ARL15|CACNA2D3|PRDM11|ADAMTSL3|SUGCT|HMCN1|LRMDA|JAZF1|MSRB3|RPL34-DT|LINC02694|NBPF13P|CCNT2-AS1,-0.43,0
1,-2.6,C1270972,M1,1,0,DisGeNET,35,Mild cognitive disorder,,-2.6,2.1,3.3,30293,430,648,19,2.9,0.66,351|885|1378|1813|2551|2668|2740|4908|5362|6334|6622|6647|8867|10913|11202|51072|54209|54210|221458,APP|CCK|CR1|DRD2|GABPA|GDNF|GLP1R|NTF3|PLXNA2|SCN8A|SNCA|SOD1|SYNJ1|EDAR|KLK8|MEMO1|TREM2|TREM1|KIF6,-0.43,0
1,-2.6,C0024115,M1,1,0,DisGeNET,35,Lung diseases,,-2.6,1.8,3.2,30293,700,648,27,4.2,0.78,238|1524|2551|2668|3001|3458|3603|4312|4317|4321|4628|5265|5362|5670|6340|6441|6657|7078|9547|23643|50863|51176|51701|79192|89781|653509|729238,ALK|CX3CR1|GABPA|GDNF|GZMA|IFNG|IL16|MMP1|MMP8|MMP12|MYH10|SERPINA1|PLXNA2|PSG2|SCNN1G|SFTPD|SOX2|TIMP3|CXCL14|LY96|NTM|LEF1|NLK|IRX1|HPS4|SFTPA1|SFTPA2,-0.42,0
1,-2.6,C0476227,M1,1,0,DisGeNET,35,pricking of skin,,-2.6,4.3,4,30293,65,648,6,0.93,0.38,2312|3906|6441|406988|653509|729238,FLG|LALBA|SFTPD|MIR205|SFTPA1|SFTPA2,-0.41,0
1,-2.6,C0001956,M1,1,0,DisGeNET,35,Alcohol Use Disorder,,-2.6,2.6,3.4,30293,218,648,12,1.9,0.53,238|1813|2668|2740|3458|4908|5726|6622|7498|54970|58504|255239,ALK|DRD2|GDNF|GLP1R|IFNG|NTF3|TAS2R38|SNCA|XDH|TTC12|ARHGAP22|ANKK1,-0.41,0
1,-2.6,C0038586,M1,1,0,DisGeNET,35,Substance Use Disorders,,-2.6,2.6,3.4,30293,218,648,12,1.9,0.53,1012|1769|1813|2740|4897|5137|9465|9547|27185|55691|83938|140733,CDH13|DNAH8|DRD2|GLP1R|NRCAM|PDE1C|AKAP7|CXCL14|DISC1|FRMD4A|LRMDA|MACROD2,-0.41,0
1,-2.6,C0003857,M1,1,0,DisGeNET,35,Congenital arteriovenous malformation,,-2.6,2.9,3.5,30293,163,648,10,1.5,0.48,947|2303|2658|2702|3458|4314|6622|6657|27302|147372,CD34|FOXC2|GDF2|GJA5|IFNG|MMP3|SNCA|SOX2|BMP10|CCBE1,-0.41,0
1,-2.5,C0231688,M1,1,0,DisGeNET,35,"Gait, Shuffling",,-2.5,6.7,4.4,30293,28,648,4,0.62,0.31,6622|6647|8867|25793,SNCA|SOD1|SYNJ1|FBXO7,-0.41,0
1,-2.5,C0242423,M1,1,0,DisGeNET,35,Ramsay Hunt Paralysis Syndrome,,-2.5,6.7,4.4,30293,28,648,4,0.62,0.31,1813|2668|6622|8854,DRD2|GDNF|SNCA|ALDH1A2,-0.41,0
1,-2.5,C0752097,M1,1,0,DisGeNET,35,Autosomal Dominant Juvenile Parkinson Disease,,-2.5,6.7,4.4,30293,28,648,4,0.62,0.31,1813|2668|6622|8854,DRD2|GDNF|SNCA|ALDH1A2,-0.41,0
1,-2.5,C0752101,M1,1,0,DisGeNET,35,"Parkinsonism, Experimental",,-2.5,6.7,4.4,30293,28,648,4,0.62,0.31,1813|2668|6622|8854,DRD2|GDNF|SNCA|ALDH1A2,-0.41,0
1,-2.5,C0752104,M1,1,0,DisGeNET,35,Familial Juvenile Parkinsonism,,-2.5,6.7,4.4,30293,28,648,4,0.62,0.31,1813|2668|6622|8854,DRD2|GDNF|SNCA|ALDH1A2,-0.41,0
1,-2.5,C0042029,M1,1,0,DisGeNET,35,Urinary tract infection,,-2.5,2.6,3.4,30293,219,648,12,1.9,0.53,2740|3778|4312|4321|6340|6441|6647|10642|23643|54210|653509|729238,GLP1R|KCNMA1|MMP1|MMP12|SCNN1G|SFTPD|SOD1|IGF2BP1|LY96|TREM1|SFTPA1|SFTPA2,-0.41,0
1,-2.5,C3463897,M1,1,0,DisGeNET,35,"HYDATIDIFORM MOLE, RECURRENT, 1",,-2.5,4.2,3.9,30293,66,648,6,0.93,0.38,5673|5675|6657|7078|440533|653492,PSG5|PSG6|SOX2|TIMP3|PSG8|PSG10P,-0.4,0
1,-2.5,C0279628,M1,1,0,DisGeNET,35,Adenocarcinoma Of Esophagus,,-2.5,2,3.2,30293,468,648,20,3.1,0.68,885|1012|3458|4312|4314|4321|5670|6657|7078|7367|8091|8854|8988|9201|9590|9844|23111|90139|406940|406988,CCK|CDH13|IFNG|MMP1|MMP3|MMP12|PSG2|SOX2|TIMP3|UGT2B17|HMGA2|ALDH1A2|HSPB3|DCLK1|AKAP12|ELMO1|SPART|TSPAN18|MIR148A|MIR205,-0.4,0
1,-2.5,C0002893,M1,1,0,DisGeNET,35,Refractory anemias,,-2.5,2.2,3.3,30293,340,648,16,2.5,0.61,947|1813|2668|2740|2890|3458|4312|4314|4336|5948|8854|9227|10563|27302|50486|54210,CD34|DRD2|GDNF|GLP1R|GRIA1|IFNG|MMP1|MMP3|MOBP|RBP2|ALDH1A2|LRAT|CXCL13|BMP10|G0S2|TREM1,-0.4,0
1,-2.5,C1519383,M1,1,0,DisGeNET,35,Smoking Behaviors,,-2.5,2.4,3.4,30293,249,648,13,2,0.55,1012|5137|5265|7038|9037|25924|57188|64084|79783|92291|221895|100505385|100507098,CDH13|PDE1C|SERPINA1|TG|SEMA5A|MYRIP|ADAMTSL3|CLSTN2|SUGCT|CAPN13|JAZF1|IQCJ-SCHIP1|ADAMTS9-AS2,-0.4,0
1,-2.5,C1868675,M1,1,0,DisGeNET,35,"PARKINSON DISEASE 2, AUTOSOMAL RECESSIVE JUVENILE",,-2.5,4.2,3.9,30293,67,648,6,0.93,0.38,1813|2668|6622|8854|8867|25793,DRD2|GDNF|SNCA|ALDH1A2|SYNJ1|FBXO7,-0.38,0
1,-2.5,C3665349,M1,1,0,DisGeNET,35,Secondary hypothyroidism,,-2.5,5,4,30293,47,648,5,0.77,0.34,2692|6647|6657|9915|347689,GHRHR|SOD1|SOX2|ARNT2|SOX2-OT,-0.37,0
1,-2.5,C0349204,M1,1,0,DisGeNET,35,Nonorganic psychosis,,-2.5,2.1,3.2,30293,376,648,17,2.6,0.63,885|947|1813|2263|2740|2890|2900|3458|5596|6647|8935|9638|10215|11280|26011|27185|221833,CCK|CD34|DRD2|FGFR2|GLP1R|GRIA1|GRIK4|IFNG|MAPK4|SOD1|SKAP2|FEZ1|OLIG2|SCN11A|TENM4|DISC1|SP8,-0.36,0
1,-2.5,C0393734,M1,1,0,DisGeNET,35,Complex Partial Status Epilepticus,,-2.5,4.1,3.8,30293,68,648,6,0.93,0.38,1237|2668|3778|4908|6334|6547,CCR8|GDNF|KCNMA1|NTF3|SCN8A|SLC8A3,-0.36,0
1,-2.5,C0751524,M1,1,0,DisGeNET,35,Simple Partial Status Epilepticus,,-2.5,4.1,3.8,30293,68,648,6,0.93,0.38,1237|2668|3778|4908|6334|6547,CCR8|GDNF|KCNMA1|NTF3|SCN8A|SLC8A3,-0.36,0
1,-2.5,C4083212,M1,1,0,DisGeNET,35,"Alopecia, Male Pattern",,-2.5,3.6,3.7,30293,91,648,7,1.1,0.41,947|4345|6716|10913|27123|51072|83938,CD34|CD200|SRD5A2|EDAR|DKK2|MEMO1|LRMDA,-0.35,0
1,-2.4,C0013990,M1,1,0,DisGeNET,35,Pathological accumulation of air in tissues,,-2.4,4.1,3.8,30293,69,648,6,0.93,0.38,1380|2263|3458|5265|6340|23495,CR2|FGFR2|IFNG|SERPINA1|SCNN1G|TNFRSF13B,-0.34,0
1,-2.4,C0751522,M1,1,0,DisGeNET,35,"Status Epilepticus, Subclinical",,-2.4,4.1,3.8,30293,69,648,6,0.93,0.38,1237|2668|3778|4908|6334|6547,CCR8|GDNF|KCNMA1|NTF3|SCN8A|SLC8A3,-0.34,0
1,-2.4,C4509816,M1,1,0,DisGeNET,35,Squamous non-small cell lung cancer,,-2.4,6.2,4.2,30293,30,648,4,0.62,0.31,238|2668|6657|8988,ALK|GDNF|SOX2|HSPB3,-0.34,0
1,-2.4,C0079294,M1,1,0,DisGeNET,35,Epidermolysis Bullosa Dystrophica,,-2.4,9.3,4.8,30293,15,648,3,0.46,0.27,3458|4312|23426,IFNG|MMP1|GRIP1,-0.34,0
1,-2.4,C0751088,M1,1,0,DisGeNET,35,"Dyskinesia, Medication-Induced",,-2.4,9.3,4.8,30293,15,648,3,0.46,0.27,885|1813|2668,CCK|DRD2|GDNF,-0.34,0
1,-2.4,C4023721,M1,1,0,DisGeNET,35,Abnormal hair pattern,,-2.4,9.3,4.8,30293,15,648,3,0.46,0.27,23426|80144|341640,GRIP1|FRAS1|FREM2,-0.34,0
1,-2.4,C0600427,M1,1,0,DisGeNET,35,Cocaine Dependence,,-2.4,2.6,3.3,30293,199,648,11,1.7,0.51,157|1769|1813|2668|2890|6622|55714|57586|253573|255239|406929,GRK3|DNAH8|DRD2|GDNF|GRIA1|SNCA|TENM3|SYT13|LINC02052|ANKK1|MIR138-1,-0.31,0
1,-2.4,C3839280,M1,1,0,DisGeNET,35,High grade serous carcinoma,,-2.4,3.2,3.5,30293,118,648,8,1.2,0.43,238|2590|6657|8091|51176|79623|83872|574515,ALK|GALNT2|SOX2|HMGA2|LEF1|GALNT14|HMCN1|MIR510,-0.31,0
1,-2.4,C0338908,M1,1,0,DisGeNET,35,Mixed anxiety and depressive disorder,,-2.4,2.9,3.4,30293,145,648,9,1.4,0.46,1813|2900|3290|4184|5362|6647|84867|259249|284217,DRD2|GRIK4|HSD11B1|SMCP|PLXNA2|SOD1|PTPN5|MRGPRX1|LAMA1,-0.3,0
1,-2.4,C3542025,M1,1,0,DisGeNET,35,"AMYOTROPHIC LATERAL SCLEROSIS 1, AUTOSOMAL RECESSIVE",,-2.4,6,4.1,30293,31,648,4,0.62,0.31,3680|4336|6647|285195,ITGA9|MOBP|SOD1|SLC9A9,-0.3,0
1,-2.4,C0751523,M1,1,0,DisGeNET,35,Non-Convulsive Status Epilepticus,,-2.4,4,3.7,30293,71,648,6,0.93,0.38,1237|2668|3778|4908|6334|6547,CCR8|GDNF|KCNMA1|NTF3|SCN8A|SLC8A3,-0.3,0
1,-2.4,C1281901,M1,1,0,DisGeNET,35,Fatty acid measurement,,-2.4,4.7,3.8,30293,50,648,5,0.77,0.34,2590|5137|10186|140469|729993,GALNT2|PDE1C|LHFPL6|MYO3B|SHISA9,-0.3,0
1,-2.4,C1392786,M1,1,0,DisGeNET,35,Cognitive changes,,-2.4,4.7,3.8,30293,50,648,5,0.77,0.34,351|3290|5362|6647|27185,APP|HSD11B1|PLXNA2|SOD1|DISC1,-0.3,0
1,-2.4,C0014556,M1,1,0,DisGeNET,35,"Epilepsy, Temporal Lobe",,-2.4,2.1,3.1,30293,354,648,16,2.5,0.61,351|366|793|885|1769|1959|2740|2890|4314|6334|6647|6657|9568|10563|11202|51555,APP|AQP9|CALB1|CCK|DNAH8|EGR2|GLP1R|GRIA1|MMP3|SCN8A|SOD1|SOX2|GABBR2|CXCL13|KLK8|PEX5L,-0.29,0
1,-2.4,C0234376,M1,1,0,DisGeNET,35,Action Tremor,,-2.4,3.4,3.5,30293,95,648,7,1.1,0.41,6334|6622|23114|25793|26011|200403|343641,SCN8A|SNCA|NFASC|FBXO7|TENM4|VWA3B|TGM6,-0.29,0
1,-2.4,C1456687,M1,1,0,DisGeNET,35,Polio and Post-Polio Syndrome,,-2.4,8.8,4.6,30293,16,648,3,0.46,0.27,3458|3664|25793,IFNG|IRF6|FBXO7,-0.29,0
1,-2.4,C2220255,M1,1,0,DisGeNET,35,Motor disturbances,,-2.4,8.8,4.6,30293,16,648,3,0.46,0.27,6334|6622|6647,SCN8A|SNCA|SOD1,-0.29,0
1,-2.4,C4025329,M1,1,0,DisGeNET,35,Abnormality of the anus,,-2.4,8.8,4.6,30293,16,648,3,0.46,0.27,4312|80144|341640,MMP1|FRAS1|FREM2,-0.29,0
1,-2.4,C4317045,M1,1,0,DisGeNET,35,Gluten intolerance,,-2.4,8.8,4.6,30293,16,648,3,0.46,0.27,3458|6647|343641,IFNG|SOD1|TGM6,-0.29,0
1,-2.3,C0236736,M1,1,0,DisGeNET,35,Cocaine-Related Disorders,,-2.3,3.1,3.4,30293,121,648,8,1.2,0.43,1769|1813|2668|2890|6622|55714|57586|406929,DNAH8|DRD2|GDNF|GRIA1|SNCA|TENM3|SYT13|MIR138-1,-0.28,0
1,-2.3,C0027813,M1,1,0,DisGeNET,35,Neuritis,,-2.3,5.8,4.1,30293,32,648,4,0.62,0.31,351|3458|4756|54210,APP|IFNG|NEO1|TREM1,-0.28,0
1,-2.3,C0523677,M1,1,0,DisGeNET,35,Glycine measurement,,-2.3,5.8,4.1,30293,32,648,4,0.62,0.31,366|2266|8854|54622,AQP9|FGG|ALDH1A2|ARL15,-0.28,0
1,-2.3,C0751217,M1,1,0,DisGeNET,35,"Hyperkinesia, Generalized",,-2.3,5.8,4.1,30293,32,648,4,0.62,0.31,885|1813|2890|27185,CCK|DRD2|GRIA1|DISC1,-0.28,0
1,-2.3,C0007820,M1,1,0,DisGeNET,35,Cerebrovascular Disorders,,-2.3,2.4,3.2,30293,233,648,12,1.9,0.53,351|1524|2162|2243|2551|2740|4312|4314|4321|6622|9622|54209,APP|CX3CR1|F13A1|FGA|GABPA|GLP1R|MMP1|MMP3|MMP12|SNCA|KLK4|TREM2,-0.28,0
1,-2.3,C2937358,M1,1,0,DisGeNET,35,Cerebral Hemorrhage,,-2.3,3.1,3.4,30293,122,648,8,1.2,0.43,351|2162|2243|2266|2658|2668|4314|4321,APP|F13A1|FGA|FGG|GDF2|GDNF|MMP3|MMP12,-0.26,0
1,-2.3,C0149516,M1,1,0,DisGeNET,35,Chronic sinusitis,,-2.3,2.5,3.2,30293,205,648,11,1.7,0.51,313|1959|3290|3458|3603|4312|5265|5726|6441|117156|653509,AOAH|EGR2|HSD11B1|IFNG|IL16|MMP1|SERPINA1|TAS2R38|SFTPD|SCGB3A2|SFTPA1,-0.26,0
1,-2.3,C0018524,M1,1,0,DisGeNET,35,Hallucinations,,-2.3,2.6,3.2,30293,178,648,10,1.5,0.48,351|885|1813|2890|6334|6622|6647|22891|23111|54209,APP|CCK|DRD2|GRIA1|SCN8A|SNCA|SOD1|ZNF365|SPART|TREM2,-0.24,0
1,-2.3,C0019342,M1,1,0,DisGeNET,35,Genital Herpes,,-2.3,8.2,4.4,30293,17,648,3,0.46,0.27,2551|3458|83992,GABPA|IFNG|CTTNBP2,-0.23,0
1,-2.3,C0039841,M1,1,0,DisGeNET,35,Thiamine Deficiency,,-2.3,8.2,4.4,30293,17,648,3,0.46,0.27,351|5265|148641,APP|SERPINA1|SLC35F3,-0.23,0
1,-2.3,C0236807,M1,1,0,DisGeNET,35,Amphetamine Abuse,,-2.3,3.7,3.5,30293,75,648,6,0.93,0.38,313|1012|1813|2668|6622|81501,AOAH|CDH13|DRD2|GDNF|SNCA|DCSTAMP,-0.23,0
1,-2.3,C0311335,M1,1,0,DisGeNET,35,Grand Mal Status Epilepticus,,-2.3,3.7,3.5,30293,75,648,6,0.93,0.38,1237|2668|3778|4908|6334|6547,CCR8|GDNF|KCNMA1|NTF3|SCN8A|SLC8A3,-0.23,0
1,-2.3,C0349566,M1,1,0,DisGeNET,35,Squamous cell carcinoma of tongue,,-2.3,1.9,3,30293,462,648,19,2.9,0.66,634|885|2303|3458|4312|4317|5596|6523|6657|6700|8091|8988|9547|10642|55691|79192|440823|574514|100507098,CEACAM1|CCK|FOXC2|IFNG|MMP1|MMP8|MAPK4|SLC5A1|SOX2|SPRR2A|HMGA2|HSPB3|CXCL14|IGF2BP1|FRMD4A|IRX1|MIAT|MIR509-1|ADAMTS9-AS2,-0.23,0
1,-2.3,C0542476,M1,1,0,DisGeNET,35,Forgetful,,-2.3,2,3,30293,429,648,18,2.8,0.65,351|793|1524|2551|2740|2890|3458|4908|6334|6547|6622|6647|6700|7074|11202|54209|84867|407042,APP|CALB1|CX3CR1|GABPA|GLP1R|GRIA1|IFNG|NTF3|SCN8A|SLC8A3|SNCA|SOD1|SPRR2A|TIAM1|KLK8|TREM2|PTPN5|MIR34C,-0.22,0
1,-2.2,C0752098,M1,1,0,DisGeNET,35,Autosomal Dominant Parkinsonism,,-2.2,5.5,3.9,30293,34,648,4,0.62,0.31,1813|2668|6622|8854,DRD2|GDNF|SNCA|ALDH1A2,-0.21,0
1,-2.2,C1739135,M1,1,0,DisGeNET,35,Progression of prostate cancer,,-2.2,2,3,30293,398,648,17,2.6,0.63,2263|2551|2658|2692|3458|4312|6657|6690|6716|8091|8988|9073|9622|51701|57599|220134|221935,FGFR2|GABPA|GDF2|GHRHR|IFNG|MMP1|SOX2|SPINK1|SRD5A2|HMGA2|HSPB3|CLDN8|KLK4|NLK|WDR48|SKA1|SDK1,-0.21,0
1,-2.2,C3489413,M1,1,0,DisGeNET,35,"Lipomatosis, Multiple",,-2.2,4.3,3.6,30293,54,648,5,0.77,0.34,947|2668|8091|10186|253827,CD34|GDNF|HMGA2|LHFPL6|MSRB3,-0.21,0
1,-2.2,C0268251,M1,1,0,DisGeNET,35,"Gaucher Disease, Type 3 (disorder)",,-2.2,7.8,4.3,30293,18,648,3,0.46,0.27,351|947|6622,APP|CD34|SNCA,-0.19,0
1,-2.2,C0741281,M1,1,0,DisGeNET,35,atrial fibrillation new onset,,-2.2,7.8,4.3,30293,18,648,3,0.46,0.27,3458|8972|50863,IFNG|MGAM|NTM,-0.19,0
1,-2.2,C0871099,M1,1,0,DisGeNET,35,positive and negative symptoms,,-2.2,7.8,4.3,30293,18,648,3,0.46,0.27,1813|8935|27185,DRD2|SKAP2|DISC1,-0.19,0
1,-2.2,C0009241,M1,1,0,DisGeNET,35,Cognition Disorders,,-2.2,1.8,2.8,30293,606,648,23,3.5,0.73,117|351|793|1524|1813|2334|2551|2658|2890|3458|4345|6334|6622|6647|8867|9037|10215|27185|50810|54209|84867|259249|653509,ADCYAP1R1|APP|CALB1|CX3CR1|DRD2|AFF2|GABPA|GDF2|GRIA1|IFNG|CD200|SCN8A|SNCA|SOD1|SYNJ1|SEMA5A|OLIG2|DISC1|HDGFL3|TREM2|PTPN5|MRGPRX1|SFTPA1,-0.19,0
1,-2.2,C0085786,M1,1,0,DisGeNET,35,Hamman-Rich syndrome,,-2.2,4.2,3.6,30293,55,648,5,0.77,0.34,3458|5265|10563|653509|729238,IFNG|SERPINA1|CXCL13|SFTPA1|SFTPA2,-0.19,0
1,-2.2,C1334699,M1,1,0,DisGeNET,35,Mesenchymal Cell Neoplasm,,-2.2,4.2,3.6,30293,55,648,5,0.77,0.34,238|947|8091|10186|221895,ALK|CD34|HMGA2|LHFPL6|JAZF1,-0.19,0
1,-2.2,C0339543,M1,1,0,DisGeNET,35,Epiretinal Membrane,,-2.2,3.2,3.3,30293,102,648,7,1.1,0.41,947|2668|3458|3778|5362|6657|7078,CD34|GDNF|IFNG|KCNMA1|PLXNA2|SOX2|TIMP3,-0.19,0
1,-2.2,C0243010,M1,1,0,DisGeNET,35,Viral Encephalitis,,-2.2,5.3,3.8,30293,35,648,4,0.62,0.31,3458|5653|10563|11202,IFNG|KLK6|CXCL13|KLK8,-0.19,0
1,-2.2,C4011788,M1,1,0,DisGeNET,35,Behavioral variant of frontotemporal dementia,,-2.2,5.3,3.8,30293,35,648,4,0.62,0.31,351|4336|6647|54209,APP|MOBP|SOD1|TREM2,-0.19,0
1,-2.2,C0236733,M1,1,0,DisGeNET,35,Amphetamine-Related Disorders,,-2.2,3.6,3.4,30293,78,648,6,0.93,0.38,313|1012|1813|2668|6622|81501,AOAH|CDH13|DRD2|GDNF|SNCA|DCSTAMP,-0.18,0
1,-2.2,C0270823,M1,1,0,DisGeNET,35,Petit mal status,,-2.2,3.6,3.4,30293,78,648,6,0.93,0.38,1237|2668|3778|4908|6334|6547,CCR8|GDNF|KCNMA1|NTF3|SCN8A|SLC8A3,-0.18,0
1,-2.2,C0032927,M1,1,0,DisGeNET,35,Precancerous Conditions,,-2.2,1.9,2.9,30293,471,648,19,2.9,0.66,947|1012|1124|2551|4312|4314|4321|5653|5669|5670|6657|6690|9590|9622|10406|50486|51176|200504|407042,CD34|CDH13|CHN2|GABPA|MMP1|MMP3|MMP12|KLK6|PSG1|PSG2|SOX2|SPINK1|AKAP12|KLK4|WFDC2|G0S2|LEF1|GKN2|MIR34C,-0.17,0
1,-2.2,C1301034,M1,1,0,DisGeNET,35,Pancreatic intraepithelial neoplasia,,-2.2,2.5,3.1,30293,186,648,10,1.5,0.48,634|885|1524|2551|2740|3458|5655|6657|6690|406940,CEACAM1|CCK|CX3CR1|GABPA|GLP1R|IFNG|KLK10|SOX2|SPINK1|MIR148A,-0.16,0
1,-2.2,C0424574,M1,1,0,DisGeNET,35,Duration of sleep,,-2.2,3.1,3.2,30293,104,648,7,1.1,0.41,1813|1959|25924|26059|79864|140733|140862,DRD2|EGR2|MYRIP|ERC2|JHY|MACROD2|ISM1,-0.16,0
1,-2.1,C0234985,M1,1,0,DisGeNET,35,Mental deterioration,,-2.1,1.8,2.8,30293,508,648,20,3.1,0.68,351|793|1378|2551|2668|2740|2890|3290|3458|4908|5673|6334|6622|6647|8867|11197|25793|54209|54210|64801,APP|CALB1|CR1|GABPA|GDNF|GLP1R|GRIA1|HSD11B1|IFNG|NTF3|PSG5|SCN8A|SNCA|SOD1|SYNJ1|WIF1|FBXO7|TREM2|TREM1|ARV1,-0.16,0
1,-2.1,C0007384,M1,1,0,DisGeNET,35,Cataplexy,,-2.1,5.2,3.7,30293,36,648,4,0.62,0.31,3778|5673|7038|22891,KCNMA1|PSG5|TG|ZNF365,-0.16,0
1,-2.1,C0085106,M1,1,0,DisGeNET,35,Familial benign pemphigus,,-2.1,5.2,3.7,30293,36,648,4,0.62,0.31,1769|2551|3664|3713,DNAH8|GABPA|IRF6|IVL,-0.16,0
1,-2.1,C0086196,M1,1,0,DisGeNET,35,"Eczema, Infantile",,-2.1,5.2,3.7,30293,36,648,4,0.62,0.31,2312|3458|22891|84433,FLG|IFNG|ZNF365|CARD11,-0.16,0
1,-2.1,C2959467,M1,1,0,DisGeNET,35,Tuberculous pleural effusion,,-2.1,5.2,3.7,30293,36,648,4,0.62,0.31,1524|3458|4312|55801,CX3CR1|IFNG|MMP1|IL26,-0.16,0
1,-2.1,C0242383,M1,1,0,DisGeNET,35,Age related macular degeneration,,-2.1,1.7,2.8,30293,685,648,25,3.9,0.76,351|947|1414|1524|2263|2551|2658|3290|3458|4312|4314|4345|5265|5341|5362|6647|7078|7367|8224|8854|10563|25924|54209|83872|100507098,APP|CD34|CRYBB1|CX3CR1|FGFR2|GABPA|GDF2|HSD11B1|IFNG|MMP1|MMP3|CD200|SERPINA1|PLEK|PLXNA2|SOD1|TIMP3|UGT2B17|SYN3|ALDH1A2|CXCL13|MYRIP|TREM2|HMCN1|ADAMTS9-AS2,-0.16,0
1,-2.1,C0033805,M1,1,0,DisGeNET,35,Pseudohypoaldosteronism,,-2.1,7.4,4.1,30293,19,648,3,0.46,0.27,6340|9073|26249,SCNN1G|CLDN8|KLHL3,-0.16,0
1,-2.1,C0221155,M1,1,0,DisGeNET,35,Systolic hypertension,,-2.1,7.4,4.1,30293,19,648,3,0.46,0.27,1813|4321|148641,DRD2|MMP12|SLC35F3,-0.16,0
1,-2.1,C0221480,M1,1,0,DisGeNET,35,Recurrent depression,,-2.1,7.4,4.1,30293,19,648,3,0.46,0.27,1378|1813|27185,CR1|DRD2|DISC1,-0.16,0
1,-2.1,C0268436,M1,1,0,DisGeNET,35,"Pseudohypoaldosteronism, Type I",,-2.1,7.4,4.1,30293,19,648,3,0.46,0.27,6340|9073|26249,SCNN1G|CLDN8|KLHL3,-0.16,0
1,-2.1,C0393534,M1,1,0,DisGeNET,35,Paraneoplastic Cerebellar Degeneration,,-2.1,7.4,4.1,30293,19,648,3,0.46,0.27,238|3458|6657,ALK|IFNG|SOX2,-0.16,0
1,-2.1,C0431659,M1,1,0,DisGeNET,35,Hypoplasia of scrotum,,-2.1,4.1,3.5,30293,57,648,5,0.77,0.34,3664|6716|23426|80144|341640,IRF6|SRD5A2|GRIP1|FRAS1|FREM2,-0.16,0
1,-2.1,C1260959,M1,1,0,DisGeNET,35,Drusen,,-2.1,4.1,3.5,30293,57,648,5,0.77,0.34,351|2551|5362|6647|7078,APP|GABPA|PLXNA2|SOD1|TIMP3,-0.16,0
1,-2.1,C0018203,M1,1,0,DisGeNET,35,Chronic granulomatous disease,,-2.1,3.1,3.2,30293,105,648,7,1.1,0.41,947|3458|3778|5265|5341|9547|23495,CD34|IFNG|KCNMA1|SERPINA1|PLEK|CXCL14|TNFRSF13B,-0.16,0
1,-2.1,C0007785,M1,1,0,DisGeNET,35,Cerebral Infarction,,-2.1,1.7,2.7,30293,687,648,25,3.9,0.76,117|351|634|793|885|1524|2243|2551|2668|2740|3603|4321|4345|4908|6441|6523|6547|6647|8988|9547|9622|11202|54209|116448|440823,ADCYAP1R1|APP|CEACAM1|CALB1|CCK|CX3CR1|FGA|GABPA|GDNF|GLP1R|IL16|MMP12|CD200|NTF3|SFTPD|SLC5A1|SLC8A3|SOD1|HSPB3|CXCL14|KLK4|KLK8|TREM2|OLIG1|MIAT,-0.15,0
1,-2.1,C0236804,M1,1,0,DisGeNET,35,Amphetamine Addiction,,-2.1,3.5,3.3,30293,81,648,6,0.93,0.38,313|1012|1813|2668|6622|81501,AOAH|CDH13|DRD2|GDNF|SNCA|DCSTAMP,-0.14,0
1,-2.1,C0006111,M1,1,0,DisGeNET,35,Brain Diseases,,-2.1,2,2.9,30293,345,648,15,2.3,0.59,238|351|460|1813|2668|2740|3458|4314|6622|27185|54209|57502|259249|285195|100861519,ALK|APP|ASTN1|DRD2|GDNF|GLP1R|IFNG|MMP3|SNCA|DISC1|TREM2|NLGN4X|MRGPRX1|SLC9A9|GDNF-AS1,-0.14,0
1,-2.1,C0206710,M1,1,0,DisGeNET,35,Basal Cell Neoplasm,,-2.1,4,3.4,30293,58,648,5,0.77,0.34,7053|22891|54504|55691|60468,TGM3|ZNF365|CPVL|FRMD4A|BACH2,-0.14,0
1,-2.1,C2981150,M1,1,0,DisGeNET,35,Uranostaphyloschisis,,-2.1,2.5,3,30293,190,648,10,1.5,0.48,2162|2263|2303|3664|4314|4330|6647|51176|56999|83938,F13A1|FGFR2|FOXC2|IRF6|MMP3|MN1|SOD1|LEF1|ADAMTS9|LRMDA,-0.13,0
1,-2.1,C4722099,M1,1,0,DisGeNET,35,High grade glioma,,-2.1,2.5,3,30293,190,648,10,1.5,0.48,947|2668|4312|4345|5265|6647|6657|9547|406940|406988,CD34|GDNF|MMP1|CD200|SERPINA1|SOD1|SOX2|CXCL14|MIR148A|MIR205,-0.13,0
1,-2.1,C0149521,M1,1,0,DisGeNET,35,"Pancreatitis, Chronic",,-2.1,2,2.8,30293,379,648,16,2.5,0.61,634|885|1524|2551|2740|3458|4312|4319|5265|6622|6690|9547|24144|60468|406940|440823,CEACAM1|CCK|CX3CR1|GABPA|GLP1R|IFNG|MMP1|MMP10|SERPINA1|SNCA|SPINK1|CXCL14|TFIP11|BACH2|MIR148A|MIAT,-0.13,0
1,-2.1,C0014591,M1,1,0,DisGeNET,35,Epistaxis,,-2.1,3.4,3.2,30293,82,648,6,0.93,0.38,2162|2243|2266|2658|3458|89781,F13A1|FGA|FGG|GDF2|IFNG|HPS4,-0.12,0
1,-2.1,C0265259,M1,1,0,DisGeNET,35,Popliteal pterygium syndrome,,-2.1,7,4,30293,20,648,3,0.46,0.27,3458|3664|25793,IFNG|IRF6|FBXO7,-0.12,0
1,-2.1,C0809983,M1,1,0,DisGeNET,35,Schizophrenia and related disorders,,-2.1,7,4,30293,20,648,3,0.46,0.27,2890|8224|27185,GRIA1|SYN3|DISC1,-0.12,0
1,-2.1,C3825201,M1,1,0,DisGeNET,35,Mitochondrial pathology,,-2.1,7,4,30293,20,648,3,0.46,0.27,634|6622|6647,CEACAM1|SNCA|SOD1,-0.12,0
1,-2.1,C0005818,M1,1,0,DisGeNET,35,Blood Platelet Disorders,,-2.1,4,3.4,30293,59,648,5,0.77,0.34,947|4628|6700|10125|259249,CD34|MYH10|SPRR2A|RASGRP1|MRGPRX1,-0.12,0
1,-2.1,C0013404,M1,1,0,DisGeNET,35,Dyspnea,,-2.1,2.3,2.9,30293,222,648,11,1.7,0.51,1959|3914|5265|5362|6340|6647|10406|54209|84890|89781|284217,EGR2|LAMB3|SERPINA1|PLXNA2|SCNN1G|SOD1|WFDC2|TREM2|ADO|HPS4|LAMA1,-0.12,0
1,-2.1,C4020732,M1,1,0,DisGeNET,35,Mitochondrial abnormalities,,-2.1,3.4,3.2,30293,83,648,6,0.93,0.38,351|2551|6622|6647|8988|27185,APP|GABPA|SNCA|SOD1|HSPB3|DISC1,-0.11,0
1,-2,C0339573,M1,1,0,DisGeNET,35,"Glaucoma, Primary Open Angle",,-2,2,2.8,30293,383,648,16,2.5,0.61,351|3458|4312|4314|4321|5314|5362|6647|6700|7078|8988|9201|50863|57188|220972|407041,APP|IFNG|MMP1|MMP3|MMP12|PKHD1|PLXNA2|SOD1|SPRR2A|TIMP3|HSPB3|DCLK1|NTM|ADAMTSL3|MARCHF8|MIR34B,-0.11,0
1,-2,C0872084,M1,1,0,DisGeNET,35,Sarcopenia,,-2,2.6,3,30293,164,648,9,1.4,0.46,885|1769|2551|3290|3458|4314|6647|8321|8492,CCK|DNAH8|GABPA|HSD11B1|IFNG|MMP3|SOD1|FZD1|PRSS12,-0.11,0
1,-2,C2745900,M1,1,0,DisGeNET,35,Promyelocytic leukemia,,-2,2.2,2.8,30293,255,648,12,1.9,0.53,947|2551|2668|3458|4146|5670|5673|6647|9622|27185|440533|653492,CD34|GABPA|GDNF|IFNG|MATN1|PSG2|PSG5|SOD1|KLK4|DISC1|PSG8|PSG10P,-0.096,0
1,-2,C0458247,M1,1,0,DisGeNET,35,Allodynia,,-2,3.3,3.2,30293,84,648,6,0.93,0.38,2668|4314|4908|6336|10887|11280,GDNF|MMP3|NTF3|SCN10A|PROKR1|SCN11A,-0.096,0
1,-2,C0751211,M1,1,0,DisGeNET,35,"Hyperalgesia, Primary",,-2,3.3,3.2,30293,84,648,6,0.93,0.38,2668|4314|4908|6336|10887|11280,GDNF|MMP3|NTF3|SCN10A|PROKR1|SCN11A,-0.096,0
1,-2,C0206062,M1,1,0,DisGeNET,35,"Lung Diseases, Interstitial",,-2,2.1,2.8,30293,319,648,14,2.2,0.57,238|1524|3458|4146|4312|4908|6441|8091|9547|10154|10563|89781|653509|729238,ALK|CX3CR1|IFNG|MATN1|MMP1|NTF3|SFTPD|HMGA2|CXCL14|PLXNC1|CXCL13|HPS4|SFTPA1|SFTPA2,-0.096,0
1,-2,C0027746,M1,1,0,DisGeNET,35,Nerve Degeneration,,-2,2.5,3,30293,165,648,9,1.4,0.46,351|3458|4908|6622|6647|7498|54209|64801|84867,APP|IFNG|NTF3|SNCA|SOD1|XDH|TREM2|ARV1|PTPN5,-0.096,0
1,-2,C0333980,M1,1,0,DisGeNET,35,Focal Nodular Hyperplasia,,-2,6.7,3.8,30293,21,648,3,0.46,0.27,894|4897|6690,CCND2|NRCAM|SPINK1,-0.081,0
1,-2,C0751706,M1,1,0,DisGeNET,35,Primary Progressive Nonfluent Aphasia,,-2,6.7,3.8,30293,21,648,3,0.46,0.27,5265|6647|54209,SERPINA1|SOD1|TREM2,-0.081,0
1,-2,C0545074,M1,1,0,DisGeNET,35,Myxoid/Round Cell Liposarcoma,,-2,3.8,3.3,30293,61,648,5,0.77,0.34,238|2263|2668|3458|8091,ALK|FGFR2|GDNF|IFNG|HMGA2,-0.079,0
1,-2,C0033975,M1,1,0,DisGeNET,35,Psychotic Disorders,,-2,1.8,2.7,30293,560,648,21,3.2,0.7,885|947|1124|1813|2263|2740|2890|2900|3458|5596|6647|8935|9638|10215|11280|23111|26011|27185|54209|54504|221833,CCK|CD34|CHN2|DRD2|FGFR2|GLP1R|GRIA1|GRIK4|IFNG|MAPK4|SOD1|SKAP2|FEZ1|OLIG2|SCN11A|SPART|TENM4|DISC1|TREM2|CPVL|SP8,-0.077,0
