_MEMBER_gene,_LogP_gene,GO,_PATTERN_,_RANK_,GiniIndex,Category,CategoryID,Description,PARENT_GO,LogP,Enrichment,Z-score,#TotalGeneInLibrary,#GeneInGO,#GeneInHitList,#GeneInGOAndHitList,%InGO,STDV %InGO,GeneID,Hits,Log(q-value),EvidenceCutoff
1,-11,PGB:00053,M1,1,0,PaGenBase,36,Cell-specific: NHEK,,-11,4.1,8.9,30293,377,648,33,5.1,0.86,1193|5669|5670|5671|5672|5673|5675|5676|5678|5680|6622|6698|6699|6706|6707|9844|10642|23519|26239|83639|84648|126638|220134|353131|353132|353133|353134|353137|353140|353141|353145|388698|440533,CLIC2|PSG1|PSG2|PSG3|PSG4|PSG5|PSG6|PSG7|PSG9|PSG11|SNCA|SPRR1A|SPRR1B|SPRR2G|SPRR3|ELMO1|IGF2BP1|ANP32D|LCE2B|TEX101|LCE3D|RPTN|SKA1|LCE1A|LCE1B|LCE1C|LCE1D|LCE1F|LCE2C|LCE2D|LCE3E|FLG2|PSG8,-6.7,0
1,-10,PGB:00192,M1,1,0,PaGenBase,36,Cell-specific: GM133,,-10,29,15,30293,13,648,8,1.2,0.43,4321|5669|5670|5671|5675|5676|8988|440533,MMP12|PSG1|PSG2|PSG3|PSG6|PSG7|HSPB3|PSG8,-6.3,0
1,-8.2,PGB:00017,M1,1,0,PaGenBase,36,Tissue-specific: skin,,-8.2,4.7,7.9,30293,210,648,21,3.2,0.7,2312|4014|5650|6698|6699|6701|7062|11202|22798|25818|26239|54544|64066|83902|145264|163778|199834|254240|284366|353134|100129271,FLG|LORICRIN|KLK7|SPRR1A|SPRR1B|SPRR2B|TCHH|KLK8|LAMB4|KLK5|LCE2B|CRCT1|MMP27|KRTAP17-1|SERPINA12|SPRR4|LCE4A|BPIFC|KLK9|LCE1D|KPLCE,-4.4,0
1,-7.3,PGB:00005,M1,1,0,PaGenBase,36,Tissue-specific: tonsil,,-7.3,8.6,8.7,30293,60,648,11,1.7,0.51,3906|5655|6698|6699|6703|6707|7053|9407|26085|49860|54544,LALBA|KLK10|SPRR1A|SPRR1B|SPRR2D|SPRR3|TGM3|TMPRSS11D|KLK13|CRNN|CRCT1,-3.7,0
1,-6.2,PGB:00156,M1,1,0,PaGenBase,36,Tissue-specific: Tongue,,-6.2,11,8.5,30293,35,648,8,1.2,0.43,6698|6699|6701|6702|6707|7053|49860|54544,SPRR1A|SPRR1B|SPRR2B|SPRR2C|SPRR3|TGM3|CRNN|CRCT1,-2.9,0
1,-5.9,PGB:00010,M1,1,0,PaGenBase,36,Tissue-specific: adipose tissue,,-5.9,4.3,6.5,30293,174,648,16,2.5,0.61,4014|5673|26239|50486|57126|64066|118421|145264|340273|353131|353132|353137|353140|388698|448834|100129271,LORICRIN|PSG5|LCE2B|G0S2|CD177|MMP27|LINC00161|SERPINA12|ABCB5|LCE1A|LCE1B|LCE1F|LCE2C|FLG2|KPRP|KPLCE,-2.7,0
1,-5.9,PGB:00018,M1,1,0,PaGenBase,36,Tissue-specific: lung,,-5.9,2.7,5.7,30293,498,648,29,4.5,0.81,1088|1379|3001|3458|3914|4317|4319|5265|5669|6441|6699|9276|11012|22891|43849|54209|54210|114771|117156|121549|154664|200504|221438|286527|340206|400359|653509|677778|729238,CEACAM8|CR1L|GZMA|IFNG|LAMB3|MMP8|MMP10|SERPINA1|PSG1|SFTPD|SPRR1B|COPB2|KLK11|ZNF365|KLK12|TREM2|TREM1|PGLYRP3|SCGB3A2|ASCL4|ABCA13|GKN2|TREML5P|TMSB15B|TREML3P|LINC02694|SFTPA1|SCARNA15|SFTPA2,-2.6,0
1,-3.9,PGB:00045,M1,1,0,PaGenBase,36,Tissue-specific: placenta,,-3.9,2.8,4.6,30293,305,648,18,2.8,0.65,1378|2162|2551|2702|4345|5669|5670|5671|5672|5673|5675|5676|5678|5680|7062|7078|79865|440533,CR1|F13A1|GABPA|GJA5|CD200|PSG1|PSG2|PSG3|PSG4|PSG5|PSG6|PSG7|PSG9|PSG11|TCHH|TIMP3|TREML2|PSG8,-1.2,0
1,-3.7,PGB:00037,M1,1,0,PaGenBase,36,Tissue-specific: heart,,-3.7,2.6,4.3,30293,321,648,18,2.8,0.65,845|2740|3752|5137|6523|8745|8988|26095|27023|27302|81488|83902|123722|145781|285852|389336|401136|677778,CASQ2|GLP1R|KCND3|PDE1C|SLC5A1|ADAM23|HSPB3|PTPN20|FOXB1|BMP10|POLR2M|KRTAP17-1|FSD2|GCOM1|TREML4|C5orf46|TMPRSS11BNL|SCARNA15,-1.1,0
1,-3.6,PGB:00011,M1,1,0,PaGenBase,36,Tissue-specific: spleen,,-3.6,2.2,4.1,30293,500,648,24,3.7,0.74,313|1240|1378|1380|3003|3603|3680|4312|4321|6503|7062|9938|10154|10563|11280|23495|79865|80342|84433|146183|151888|285852|340206|343641,AOAH|CMKLR1|CR1|CR2|GZMK|IL16|ITGA9|MMP1|MMP12|SLA|TCHH|ARHGAP25|PLXNC1|CXCL13|SCN11A|TNFRSF13B|TREML2|TRAF3IP3|CARD11|OTOA|BTLA|TREML4|TREML3P|TGM6,-1.1,0
1,-3.1,PGB:00004,M1,1,0,PaGenBase,36,Tissue-specific: kidney,,-3.1,2.1,3.7,30293,483,648,22,3.4,0.71,793|2798|5314|5672|5678|6340|7364|9073|9465|11082|22798|23574|56245|79623|84952|116449|220441|341640|574511|653509|693131|729238,CALB1|GNRHR|PKHD1|PSG4|PSG9|SCNN1G|UGT2B7|CLDN8|AKAP7|ESM1|LAMB4|PRG1|EPCIP|GALNT14|CGNL1|CLNK|RNF152|FREM2|MIR506|SFTPA1|MIR548D2|SFTPA2,-0.71,0
1,-2.7,PGB:00014,M1,1,0,PaGenBase,36,Cell-specific: DRG,,-2.7,2.1,3.3,30293,456,648,20,3.1,0.68,845|885|956|2662|3001|3458|3752|7881|9201|9865|10391|10406|22844|23114|25849|27185|50486|57188|80342|138046,CASQ2|CCK|ENTPD3|GDF10|GZMA|IFNG|KCND3|KCNAB1|DCLK1|TRIL|CORO2B|WFDC2|FRMPD1|NFASC|PARM1|DISC1|G0S2|ADAMTSL3|TRAF3IP3|RALYL,-0.45,0
1,-2.6,PGB:00059,M1,1,0,PaGenBase,36,Cell-specific: Testis Germ Cell,,-2.6,3.8,3.8,30293,87,648,7,1.1,0.41,10816|57119|58494|84417|93034|140870|100526794,SPINT3|EPPIN|JAM2|ECRG4|NT5C1B|WFDC6|NT5C1B-RDH14,-0.41,0
1,-2.5,PGB:00071,M1,1,0,PaGenBase,36,Cell-specific: Vaginal Epithelial,,-2.5,6.7,4.4,30293,28,648,4,0.62,0.31,5650|6702|6707|26085,KLK7|SPRR2C|SPRR3|KLK13,-0.41,0
1,-2.2,PGB:00041,M1,1,0,PaGenBase,36,Tissue-specific: Blood,,-2.2,2.3,3.1,30293,239,648,12,1.9,0.53,313|366|571|3001|3937|5341|8935|9938|10154|23643|54210|56911,AOAH|AQP9|BACH1|GZMA|LCP2|PLEK|SKAP2|ARHGAP25|PLXNC1|LY96|TREM1|MAP3K7CL,-0.22,0
1,-2.2,PGB:00057,M1,1,0,PaGenBase,36,Tissue-specific: ovary,,-2.2,2.3,3,30293,245,648,12,1.9,0.53,1959|3290|6705|8972|23519|23615|27185|63876|64084|140464|147372|161436,EGR2|HSD11B1|SPRR2F|MGAM|ANP32D|PYY2|DISC1|PKNOX2|CLSTN2|PISRT1|CCBE1|EML5,-0.17,0
