_MEMBER_gene,_LogP_gene,GO,_PATTERN_,_RANK_,GiniIndex,Category,CategoryID,Description,PARENT_GO,LogP,Enrichment,Z-score,#TotalGeneInLibrary,#GeneInGO,#GeneInHitList,#GeneInGOAndHitList,%InGO,STDV %InGO,GeneID,Hits,Log(q-value),EvidenceCutoff
1,-6.3,TRR00261,M1,1,0,TRRUST,34,Regulated by: ELF3,,-6.3,26,11,30293,9,648,5,0.77,0.34,6698|6699|6700|6707|7078,SPRR1A|SPRR1B|SPRR2A|SPRR3|TIMP3,-3,0
1,-3.9,TRR00779,M1,1,0,TRRUST,34,Regulated by: MYBL2,,-3.9,14,7.1,30293,13,648,4,0.62,0.31,5669|5670|5676|440533,PSG1|PSG2|PSG7|PSG8,-1.2,0
1,-3.1,TRR00344,M1,1,0,TRRUST,34,Regulated by: FOSL1,,-3.1,16,6.5,30293,9,648,3,0.46,0.27,3713|4312|6441,IVL|MMP1|SFTPD,-0.72,0
1,-2.8,TRR00289,M1,1,0,TRRUST,34,Regulated by: EWSR1,,-2.8,13,5.8,30293,11,648,3,0.46,0.27,885|1959|2668,CCK|EGR2|GDNF,-0.57,0
1,-2.3,TRR00646,M1,1,0,TRRUST,34,Regulated by: JUNB,,-2.3,8.2,4.4,30293,17,648,3,0.46,0.27,3713|4014|6441,IVL|LORICRIN|SFTPD,-0.23,0
1,-2.2,TRR01280,M1,1,0,TRRUST,34,Regulated by: STAT5A,,-2.2,7.8,4.3,30293,18,648,3,0.46,0.27,894|3458|5669,CCND2|IFNG|PSG1,-0.19,0
1,-2,TRR00280,M1,1,0,TRRUST,34,Regulated by: ETS1,,-2,3.3,3.2,30293,84,648,6,0.93,0.38,1378|2162|4249|4312|4314|4319,CR1|F13A1|MGAT5|MMP1|MMP3|MMP10,-0.096,0
