Category,CategoryID,GO,Description,PARENT_GO,LogP,Enrichment,Z-score,#TotalGeneInLibrary,#GeneInGO,#GeneInHitList,#GeneInGOAndHitList,%InGO,STDV %InGO,GeneID,Hits,Log(q-value),GeneList
PaGenBase,36,PGB:00053,Cell-specific: NHEK,,-11,4.1,8.9,30293,377,648,33,5.1,0.86,1193|5669|5670|5671|5672|5673|5675|5676|5678|5680|6622|6698|6699|6706|6707|9844|10642|23519|26239|83639|84648|126638|220134|353131|353132|353133|353134|353137|353140|353141|353145|388698|440533,CLIC2|PSG1|PSG2|PSG3|PSG4|PSG5|PSG6|PSG7|PSG9|PSG11|SNCA|SPRR1A|SPRR1B|SPRR2G|SPRR3|ELMO1|IGF2BP1|ANP32D|LCE2B|TEX101|LCE3D|RPTN|SKA1|LCE1A|LCE1B|LCE1C|LCE1D|LCE1F|LCE2C|LCE2D|LCE3E|FLG2|PSG8,-6.7,gene
DisGeNET,35,C1832097,EPIDERMAL DIFFERENTIATION COMPLEX,,-11,15,13,30293,38,648,12,1.9,0.53,2312|3713|6698|6707|10186|54544|114771|353143|353144|388697|388698|448834,FLG|IVL|SPRR1A|SPRR3|LHFPL6|CRCT1|PGLYRP3|LCE3B|LCE3C|HRNR|FLG2|KPRP,-6.7,gene
PaGenBase,36,PGB:00192,Cell-specific: GM133,,-10,29,15,30293,13,648,8,1.2,0.43,4321|5669|5670|5671|5675|5676|8988|440533,MMP12|PSG1|PSG2|PSG3|PSG6|PSG7|HSPB3|PSG8,-6.3,gene
Cell Type Signatures,7,M40279,DESCARTES FETAL PLACENTA TROPHOBLAST GIANT CELLS,,-10,8.1,10,30293,92,648,16,2.5,0.61,885|5669|5670|5671|5672|5673|5675|5676|5678|5680|7062|79865|340206|440533|653492|100289650,CCK|PSG1|PSG2|PSG3|PSG4|PSG5|PSG6|PSG7|PSG9|PSG11|TCHH|TREML2|TREML3P|PSG8|PSG10P|PSG8-AS1,-6,gene
PaGenBase,36,PGB:00017,Tissue-specific: skin,,-8.2,4.7,7.9,30293,210,648,21,3.2,0.7,2312|4014|5650|6698|6699|6701|7062|11202|22798|25818|26239|54544|64066|83902|145264|163778|199834|254240|284366|353134|100129271,FLG|LORICRIN|KLK7|SPRR1A|SPRR1B|SPRR2B|TCHH|KLK8|LAMB4|KLK5|LCE2B|CRCT1|MMP27|KRTAP17-1|SERPINA12|SPRR4|LCE4A|BPIFC|KLK9|LCE1D|KPLCE,-4.4,gene
COVID,200,COVID203,RNA_Vanderheiden_pHAE_48h_Up,,-8.2,5.4,8.2,30293,155,648,18,2.8,0.65,885|3713|6523|6698|6699|6700|6703|6704|6705|6707|9586|50863|56999|114771|148304|169044|389208|440854,CCK|IVL|SLC5A1|SPRR1A|SPRR1B|SPRR2A|SPRR2D|SPRR2E|SPRR2F|SPRR3|CREB5|NTM|ADAMTS9|PGLYRP3|C1orf74|COL22A1|TMPRSS11F|CAPN14,-4.4,gene
DisGeNET,35,C0410702,Adolescent idiopathic scoliosis,,-7.9,2.8,6.8,30293,656,648,39,6,0.93,571|1012|1124|1416|1769|2692|4146|4314|4908|5137|5362|8854|9248|9465|9568|9586|9760|9915|10154|10186|23007|25849|27185|51493|55691|55714|56704|57188|83938|89866|121551|127602|221895|283867|285780|414243|644861|100303453|100505385,BACH1|CDH13|CHN2|CRYBB2P1|DNAH8|GHRHR|MATN1|MMP3|NTF3|PDE1C|PLXNA2|ALDH1A2|GPR50|AKAP7|GABBR2|CREB5|TOX|ARNT2|PLXNC1|LHFPL6|PLCH1|PARM1|DISC1|RTCB|FRMD4A|TENM3|JPH1|ADAMTSL3|LRMDA|SEC16B|ABTB3|DNAH14|JAZF1|LINC00922|LY86-AS1|LINC00595|NBPF13P|TSNAX-DISC1|IQCJ-SCHIP1,-4.2,gene
DisGeNET,35,C1837461,"SCOLIOSIS, ISOLATED, SUSCEPTIBILITY TO, 3",,-7.3,2.8,6.6,30293,578,648,35,5.4,0.89,571|1012|1124|1416|1769|2692|5137|5362|8854|9465|9568|9586|9760|9915|10154|10186|23007|25849|27185|51493|55691|55714|56704|57188|83938|89866|121551|127602|221895|283867|285780|414243|644861|100303453|100505385,BACH1|CDH13|CHN2|CRYBB2P1|DNAH8|GHRHR|PDE1C|PLXNA2|ALDH1A2|AKAP7|GABBR2|CREB5|TOX|ARNT2|PLXNC1|LHFPL6|PLCH1|PARM1|DISC1|RTCB|FRMD4A|TENM3|JPH1|ADAMTSL3|LRMDA|SEC16B|ABTB3|DNAH14|JAZF1|LINC00922|LY86-AS1|LINC00595|NBPF13P|TSNAX-DISC1|IQCJ-SCHIP1,-3.7,gene
PaGenBase,36,PGB:00005,Tissue-specific: tonsil,,-7.3,8.6,8.7,30293,60,648,11,1.7,0.51,3906|5655|6698|6699|6703|6707|7053|9407|26085|49860|54544,LALBA|KLK10|SPRR1A|SPRR1B|SPRR2D|SPRR3|TGM3|TMPRSS11D|KLK13|CRNN|CRCT1,-3.7,gene
DisGeNET,35,C0004936,Mental disorders,,-7.1,2.5,6.3,30293,789,648,42,6.5,0.97,117|793|885|1012|1813|2263|2668|2740|2890|2900|3290|3458|3664|3778|4314|4897|4908|5362|6334|6336|6622|8128|9201|9248|9638|10215|10563|11202|22891|23574|27185|54209|54210|57502|83857|84867|114801|140733|154664|255239|259249|407041,ADCYAP1R1|CALB1|CCK|CDH13|DRD2|FGFR2|GDNF|GLP1R|GRIA1|GRIK4|HSD11B1|IFNG|IRF6|KCNMA1|MMP3|NRCAM|NTF3|PLXNA2|SCN8A|SCN10A|SNCA|ST8SIA2|DCLK1|GPR50|FEZ1|OLIG2|CXCL13|KLK8|ZNF365|PRG1|DISC1|TREM2|TREM1|NLGN4X|TMTC1|PTPN5|TMEM200A|MACROD2|ABCA13|ANKK1|MRGPRX1|MIR34B,-3.6,gene
Cell Type Signatures,7,M40122,DESCARTES MAIN FETAL SQUAMOUS EPITHELIAL CELLS,,-6.9,5.4,7.5,30293,129,648,15,2.3,0.59,3664|6698|6700|6703|6704|6707|9407|10913|49860|54544|132724|339967|389208|401136|440854,IRF6|SPRR1A|SPRR2A|SPRR2D|SPRR2E|SPRR3|TMPRSS11D|EDAR|CRNN|CRCT1|TMPRSS11B|TMPRSS11A|TMPRSS11F|TMPRSS11BNL|CAPN14,-3.4,gene
DisGeNET,35,C3548479,response to bronchodilator,,-6.8,5.4,7.4,30293,131,648,15,2.3,0.59,1012|4314|4321|5265|5314|23426|26059|51156|57718|64084|148641|253827|654502|100288077|100505385,CDH13|MMP3|MMP12|SERPINA1|PKHD1|GRIP1|ERC2|SERPINA10|PPP4R4|CLSTN2|SLC35F3|MSRB3|IQCJ|WTAPP1|IQCJ-SCHIP1,-3.4,gene
DisGeNET,35,C0038580,Substance Dependence,,-6.6,4.8,7,30293,156,648,16,2.5,0.61,1012|1769|1813|4897|5137|5265|9465|9547|27185|54970|55691|63876|83938|140733|253573|255239,CDH13|DNAH8|DRD2|NRCAM|PDE1C|SERPINA1|AKAP7|CXCL14|DISC1|TTC12|FRMD4A|PKNOX2|LRMDA|MACROD2|LINC02052|ANKK1,-3.2,gene
Cell Type Signatures,7,M39222,LAKE ADULT KIDNEY C3 PROXIMAL TUBULE EPITHELIAL CELLS S1 S2,,-6.5,4,6.7,30293,221,648,19,2.9,0.66,1807|5218|5314|5797|7364|23331|79623|79783|80144|83938|84952|130013|138046|140733|220441|221935|374378|389432|401164,DPYS|CDK14|PKHD1|PTPRM|UGT2B7|TTC28|GALNT14|SUGCT|FRAS1|LRMDA|CGNL1|ACMSD|RALYL|MACROD2|RNF152|SDK1|GALNT18|SAMD5|LINC01060,-3.1,gene
DisGeNET,35,C0011615,"Dermatitis, Atopic",,-6.4,2.4,5.9,30293,751,648,39,6,0.93,460|571|1237|1524|1959|2312|2551|3290|3458|3603|3713|4014|5265|5650|5653|5948|6698|6707|7053|7062|9073|9760|10563|11012|11213|22891|24144|25818|49860|54210|55801|84433|126638|149018|353143|353144|388697|388698|448834,ASTN1|BACH1|CCR8|CX3CR1|EGR2|FLG|GABPA|HSD11B1|IFNG|IL16|IVL|LORICRIN|SERPINA1|KLK7|KLK6|RBP2|SPRR1A|SPRR3|TGM3|TCHH|CLDN8|TOX|CXCL13|KLK11|IRAK3|ZNF365|TFIP11|KLK5|CRNN|TREM1|IL26|CARD11|RPTN|LELP1|LCE3B|LCE3C|HRNR|FLG2|KPRP,-3,gene
TRRUST,34,TRR00261,Regulated by: ELF3,,-6.3,26,11,30293,9,648,5,0.77,0.34,6698|6699|6700|6707|7078,SPRR1A|SPRR1B|SPRR2A|SPRR3|TIMP3,-3,gene
PaGenBase,36,PGB:00156,Tissue-specific: Tongue,,-6.2,11,8.5,30293,35,648,8,1.2,0.43,6698|6699|6701|6702|6707|7053|49860|54544,SPRR1A|SPRR1B|SPRR2B|SPRR2C|SPRR3|TGM3|CRNN|CRCT1,-2.9,gene
PaGenBase,36,PGB:00010,Tissue-specific: adipose tissue,,-5.9,4.3,6.5,30293,174,648,16,2.5,0.61,4014|5673|26239|50486|57126|64066|118421|145264|340273|353131|353132|353137|353140|388698|448834|100129271,LORICRIN|PSG5|LCE2B|G0S2|CD177|MMP27|LINC00161|SERPINA12|ABCB5|LCE1A|LCE1B|LCE1F|LCE2C|FLG2|KPRP|KPLCE,-2.7,gene
PaGenBase,36,PGB:00018,Tissue-specific: lung,,-5.9,2.7,5.7,30293,498,648,29,4.5,0.81,1088|1379|3001|3458|3914|4317|4319|5265|5669|6441|6699|9276|11012|22891|43849|54209|54210|114771|117156|121549|154664|200504|221438|286527|340206|400359|653509|677778|729238,CEACAM8|CR1L|GZMA|IFNG|LAMB3|MMP8|MMP10|SERPINA1|PSG1|SFTPD|SPRR1B|COPB2|KLK11|ZNF365|KLK12|TREM2|TREM1|PGLYRP3|SCGB3A2|ASCL4|ABCA13|GKN2|TREML5P|TMSB15B|TREML3P|LINC02694|SFTPA1|SCARNA15|SFTPA2,-2.6,gene
Cell Type Signatures,7,M41676,TRAVAGLINI LUNG ALVEOLAR FIBROBLAST CELL,,-5.6,4.3,6.2,30293,164,648,15,2.3,0.59,1012|1240|2662|2890|3290|4628|6622|7078|9844|9891|50486|57569|83872|147372|256691,CDH13|CMKLR1|GDF10|GRIA1|HSD11B1|MYH10|SNCA|TIMP3|ELMO1|NUAK1|G0S2|ARHGAP20|HMCN1|CCBE1|MAMDC2,-2.4,gene
COVID,200,COVID202,RNA_Vanderheiden_pHAE_48h_Down,,-5.5,4,6,30293,189,648,16,2.5,0.61,793|3603|4314|5678|6526|6690|7038|7062|9547|25849|54209|57502|64968|83857|84952|201516,CALB1|IL16|MMP3|PSG9|SLC5A3|SPINK1|TG|TCHH|CXCL14|PARM1|TREM2|NLGN4X|MRPS6|TMTC1|CGNL1|ZSCAN4,-2.3,gene
Cell Type Signatures,7,M40134,DESCARTES MAIN FETAL TROPHOBLAST GIANT CELLS,,-5.4,4.1,6.1,30293,169,648,15,2.3,0.59,885|4345|5670|5671|5672|5673|5675|5678|7062|79745|79865|140862|340206|440533|653492,CCK|CD200|PSG2|PSG3|PSG4|PSG5|PSG6|PSG9|TCHH|CLIP4|TREML2|ISM1|TREML3P|PSG8|PSG10P,-2.2,gene
DisGeNET,35,C0035242,Respiratory Tract Diseases,,-5.2,3.8,5.8,30293,198,648,16,2.5,0.61,571|2312|2551|3458|4312|5265|5726|6441|10154|57188|60468|84433|221895|259249|653509|729238,BACH1|FLG|GABPA|IFNG|MMP1|SERPINA1|TAS2R38|SFTPD|PLXNC1|ADAMTSL3|BACH2|CARD11|JAZF1|MRGPRX1|SFTPA1|SFTPA2,-2.1,gene
Cell Type Signatures,7,M39223,LAKE ADULT KIDNEY C4 PROXIMAL TUBULE EPITHELIAL CELLS S2,,-5.2,4,5.9,30293,176,648,15,2.3,0.59,5218|5314|5797|7364|9037|9586|9590|23331|26960|56977|64084|79623|83938|127602|221935,CDK14|PKHD1|PTPRM|UGT2B7|SEMA5A|CREB5|AKAP12|TTC28|NBEA|STOX2|CLSTN2|GALNT14|LRMDA|DNAH14|SDK1,-2.1,gene
DisGeNET,35,C0265962,Ichthyosis linearis circumflexa,,-5.1,6.6,6.6,30293,64,648,9,1.4,0.46,351|2312|3458|3713|5650|5653|6690|25818|43847,APP|FLG|IFNG|IVL|KLK7|KLK6|SPINK1|KLK5|KLK14,-1.9,gene
DisGeNET,35,C4551480,FRASER SYNDROME 1,,-5,47,12,30293,3,648,3,0.46,0.27,23426|80144|341640,GRIP1|FRAS1|FREM2,-1.9,gene
DisGeNET,35,C4024757,Malformed lacrimal duct,,-5,47,12,30293,3,648,3,0.46,0.27,23426|80144|341640,GRIP1|FRAS1|FREM2,-1.9,gene
DisGeNET,35,C4024773,Lacrimal duct aplasia,,-5,47,12,30293,3,648,3,0.46,0.27,23426|80144|341640,GRIP1|FRAS1|FREM2,-1.9,gene
Cell Type Signatures,7,M39240,LAKE ADULT KIDNEY C21 COLLECTING DUCT INTERCALATED CELLS TYPE B,,-4.9,5,6,30293,103,648,11,1.7,0.51,5137|25924|54622|57188|83938|84952|93663|116449|140733|148641|220441,PDE1C|MYRIP|ARL15|ADAMTSL3|LRMDA|CGNL1|ARHGAP18|CLNK|MACROD2|SLC35F3|RNF152,-1.8,gene
DisGeNET,35,C0007766,Intracranial Aneurysm,,-4.8,3,5.3,30293,311,648,20,3.1,0.68,2551|3458|4312|4314|5265|5673|7078|9622|9760|11280|22891|23495|50863|57599|84433|130507|140469|148641|169044|406988,GABPA|IFNG|MMP1|MMP3|SERPINA1|PSG5|TIMP3|KLK4|TOX|SCN11A|ZNF365|TNFRSF13B|NTM|WDR48|CARD11|UBR3|MYO3B|SLC35F3|COL22A1|MIR205,-1.8,gene
Cell Type Signatures,7,M39221,LAKE ADULT KIDNEY C2 PODOCYTES,,-4.8,3.5,5.5,30293,212,648,16,2.5,0.61,571|1378|4249|9037|23114|51701|55714|56999|79822|83992|140733|347689|550112|644150|100505385|100507098,BACH1|CR1|MGAT5|SEMA5A|NFASC|NLK|TENM3|ADAMTS9|ARHGAP28|CTTNBP2|MACROD2|SOX2-OT|UBA6-DT|WIPF3|IQCJ-SCHIP1|ADAMTS9-AS2,-1.8,gene
Cell Type Signatures,7,M39067,MANNO MIDBRAIN NEUROTYPES HDA,,-4.8,2.5,5,30293,506,648,27,4.2,0.78,351|1012|2890|3778|7881|8867|9201|9568|9590|10154|23105|23426|25924|26059|50863|51701|56977|57502|57578|57586|64084|81615|83992|84867|120114|138046|440823,APP|CDH13|GRIA1|KCNMA1|KCNAB1|SYNJ1|DCLK1|GABBR2|AKAP12|PLXNC1|FSTL4|GRIP1|MYRIP|ERC2|NTM|NLK|STOX2|NLGN4X|UNC79|SYT13|CLSTN2|TMEM163|CTTNBP2|PTPN5|FAT3|RALYL|MIAT,-1.8,gene
Transcription Factor Targets,16,M8172,HNF6 Q6,,-4.8,3.3,5.3,30293,239,648,17,2.6,0.63,894|1124|1608|4330|4762|4808|4908|6690|7881|10642|11082|55799|64084|83938|221833|221895|349565,CCND2|CHN2|DGKG|MN1|NEUROG1|NHLH2|NTF3|SPINK1|KCNAB1|IGF2BP1|ESM1|CACNA2D3|CLSTN2|LRMDA|SP8|JAZF1|NMNAT3,-1.8,gene
DisGeNET,35,C0236969,Substance-Related Disorders,,-4.7,4.4,5.7,30293,128,648,12,1.9,0.53,1012|1769|1813|4897|5137|9465|9547|23114|55691|63876|83938|140733,CDH13|DNAH8|DRD2|NRCAM|PDE1C|AKAP7|CXCL14|NFASC|FRMD4A|PKNOX2|LRMDA|MACROD2,-1.7,gene
DisGeNET,35,C3714636,Pneumonitis,,-4.7,2.2,4.8,30293,696,648,33,5.1,0.86,238|313|1237|1240|2551|2658|2692|3290|3458|3603|4314|4317|4321|4345|4756|5265|6441|6523|8975|8988|10154|10563|11213|23643|54210|55801|84433|117156|253558|284217|407041|653509|729238,ALK|AOAH|CCR8|CMKLR1|GABPA|GDF2|GHRHR|HSD11B1|IFNG|IL16|MMP3|MMP8|MMP12|CD200|NEO1|SERPINA1|SFTPD|SLC5A1|USP13|HSPB3|PLXNC1|CXCL13|IRAK3|LY96|TREM1|IL26|CARD11|SCGB3A2|LCLAT1|LAMA1|MIR34B|SFTPA1|SFTPA2,-1.7,gene
Transcription Factor Targets,16,M19368,TGATTTRY GFI1 01,,-4.6,3,5.1,30293,296,648,19,2.9,0.66,845|1012|2668|5218|6622|8854|9073|9586|10186|22844|25925|64084|83938|84433|138046|200403|221833|221895|349565,CASQ2|CDH13|GDNF|CDK14|SNCA|ALDH1A2|CLDN8|CREB5|LHFPL6|FRMPD1|ZNF521|CLSTN2|LRMDA|CARD11|RALYL|VWA3B|SP8|JAZF1|NMNAT3,-1.7,gene
Cell Type Signatures,7,M40192,DESCARTES FETAL HEART EPICARDIAL FAT CELLS,,-4.6,4.7,5.7,30293,110,648,11,1.7,0.51,646|5650|6701|6705|9227|11012|25818|56245|57718|84417|283867,BNC1|KLK7|SPRR2B|SPRR2F|LRAT|KLK11|KLK5|EPCIP|PPP4R4|ECRG4|LINC00922,-1.7,gene
DisGeNET,35,C0016529,Forced expiratory volume function,,-4.6,3.1,5.1,30293,272,648,18,2.8,0.65,1608|2900|4321|4330|5265|5314|5680|8935|9915|51156|54622|56981|57718|64084|83938|221895|253827|100129961,DGKG|GRIK4|MMP12|MN1|SERPINA1|PKHD1|PSG11|SKAP2|ARNT2|SERPINA10|ARL15|PRDM11|PPP4R4|CLSTN2|LRMDA|JAZF1|MSRB3|CCNT2-AS1,-1.6,gene
DisGeNET,35,C1510472,Drug Dependence,,-4.5,3.2,5.2,30293,248,648,17,2.6,0.63,238|1012|1769|1813|2668|4897|5137|6622|9465|9500|9547|27185|54970|55691|83938|140733|255239,ALK|CDH13|DNAH8|DRD2|GDNF|NRCAM|PDE1C|SNCA|AKAP7|MAGED1|CXCL14|DISC1|TTC12|FRMD4A|LRMDA|MACROD2|ANKK1,-1.6,gene
DisGeNET,35,C1399358,Hemiparkinsonism,,-4.4,35,10,30293,4,648,3,0.46,0.27,1813|2668|6622,DRD2|GDNF|SNCA,-1.5,gene
DisGeNET,35,C4025412,Midline nasal groove,,-4.4,35,10,30293,4,648,3,0.46,0.27,23426|80144|341640,GRIP1|FRAS1|FREM2,-1.5,gene
DisGeNET,35,C1844537,Cleft ala nasi,,-4.4,35,10,30293,4,648,3,0.46,0.27,23426|80144|341640,GRIP1|FRAS1|FREM2,-1.5,gene
DisGeNET,35,C0740858,Substance abuse problem,,-4.3,3.5,5.1,30293,185,648,14,2.2,0.57,460|1012|1769|1813|3603|4897|5137|6622|9465|9547|10215|55691|83938|140733,ASTN1|CDH13|DNAH8|DRD2|IL16|NRCAM|PDE1C|SNCA|AKAP7|CXCL14|OLIG2|FRMD4A|LRMDA|MACROD2,-1.4,gene
Cell Type Signatures,7,M39235,LAKE ADULT KIDNEY C16 COLLECTING SYSTEM PRINCIPAL CELLS CORTEX,,-4.3,4,5.2,30293,141,648,12,1.9,0.53,4628|5314|9760|23426|26960|51701|54622|80144|138046|140733|221935|100507098,MYH10|PKHD1|TOX|GRIP1|NBEA|NLK|ARL15|FRAS1|RALYL|MACROD2|SDK1|ADAMTS9-AS2,-1.4,gene
DisGeNET,35,C1510420,Cavitation,,-4.2,7,6,30293,47,648,7,1.1,0.41,238|3906|4312|4317|5362|54210|169044,ALK|LALBA|MMP1|MMP8|PLXNA2|TREM1|COL22A1,-1.4,gene
DisGeNET,35,C0023075,Laryngostenosis,,-4.2,17,7.8,30293,11,648,4,0.62,0.31,3914|23426|80144|341640,LAMB3|GRIP1|FRAS1|FREM2,-1.4,gene
DisGeNET,35,C1275122,Familial multiple trichoepitheliomata,,-4.2,2.8,4.8,30293,317,648,19,2.9,0.66,947|1012|1524|2263|3458|4312|4314|5650|6657|7078|8091|8854|8988|9590|9844|11197|353135|406940|406988,CD34|CDH13|CX3CR1|FGFR2|IFNG|MMP1|MMP3|KLK7|SOX2|TIMP3|HMGA2|ALDH1A2|HSPB3|AKAP12|ELMO1|WIF1|LCE1E|MIR148A|MIR205,-1.4,gene
Transcription Factor Targets,16,M19088,TST1 01,,-4.2,3,4.8,30293,265,648,17,2.6,0.63,1959|2263|4762|5218|5362|6526|8091|8745|8975|10215|10563|54970|55799|63974|90768|138046|221895,EGR2|FGFR2|NEUROG1|CDK14|PLXNA2|SLC5A3|HMGA2|ADAM23|USP13|OLIG2|CXCL13|TTC12|CACNA2D3|NEUROD6|TENM3-AS1|RALYL|JAZF1,-1.4,gene
DisGeNET,35,C0006267,Bronchiectasis,,-4.2,3.4,5,30293,190,648,14,2.2,0.57,1380|3458|4312|4317|5265|5858|6340|6441|7078|23495|50863|60468|653509|729238,CR2|IFNG|MMP1|MMP8|SERPINA1|PZP|SCNN1G|SFTPD|TIMP3|TNFRSF13B|NTM|BACH2|SFTPA1|SFTPA2,-1.4,gene
DisGeNET,35,C0376705,Viral Load result,,-4.1,5.8,5.7,30293,65,648,8,1.2,0.43,238|9586|30820|50863|79783|83938|147372|285195,ALK|CREB5|KCNIP1|NTM|SUGCT|LRMDA|CCBE1|SLC9A9,-1.3,gene
Cell Type Signatures,7,M39066,MANNO MIDBRAIN NEUROTYPES HNBML5,,-4.1,2.4,4.5,30293,465,648,24,3.7,0.74,1012|1124|2334|2890|3778|5362|6334|8492|9891|10154|10842|23114|23426|26059|26960|57586|84867|85463|123722|205147|284309|286046|347252|440823,CDH13|CHN2|AFF2|GRIA1|KCNMA1|PLXNA2|SCN8A|PRSS12|NUAK1|PLXNC1|PPP1R17|NFASC|GRIP1|ERC2|NBEA|SYT13|PTPN5|ZC3H12C|FSD2|AMER3|ZNF776|XKR6|IGFBPL1|MIAT,-1.3,gene
DisGeNET,35,C1836231,"HIV-1, RESISTANCE TO",,-4.1,3.8,5.1,30293,147,648,12,1.9,0.53,238|7074|9586|22844|26960|30820|50863|79783|83938|147372|285195|644861,ALK|TIAM1|CREB5|FRMPD1|NBEA|KCNIP1|NTM|SUGCT|LRMDA|CCBE1|SLC9A9|NBPF13P,-1.3,gene
DisGeNET,35,C1836233,"AIDS, PROGRESSION TO",,-4.1,3.8,5.1,30293,147,648,12,1.9,0.53,238|7074|9586|22844|26960|30820|50863|79783|83938|147372|285195|644861,ALK|TIAM1|CREB5|FRMPD1|NBEA|KCNIP1|NTM|SUGCT|LRMDA|CCBE1|SLC9A9|NBPF13P,-1.3,gene
DisGeNET,35,C1836232,"ACQUIRED IMMUNODEFICIENCY SYNDROME, PROGRESSION TO",,-4.1,3.8,5.1,30293,147,648,12,1.9,0.53,238|7074|9586|22844|26960|30820|50863|79783|83938|147372|285195|644861,ALK|TIAM1|CREB5|FRMPD1|NBEA|KCNIP1|NTM|SUGCT|LRMDA|CCBE1|SLC9A9|NBPF13P,-1.3,gene
Cell Type Signatures,7,M39053,MANNO MIDBRAIN NEUROTYPES HRGL2C,,-4.1,2.7,4.6,30293,326,648,19,2.9,0.66,117|1012|2890|5137|6657|9201|9568|9586|10215|30820|56245|79192|81563|83659|146177|284217|347689|375061|399949,ADCYAP1R1|CDH13|GRIA1|PDE1C|SOX2|DCLK1|GABBR2|CREB5|OLIG2|KCNIP1|EPCIP|IRX1|C1orf21|TEKT1|VWA3A|LAMA1|SOX2-OT|FAM89A|HOATZ,-1.3,gene
DisGeNET,35,C0393911,Pure Autonomic Failure,,-4,16,7.5,30293,12,648,4,0.62,0.31,351|2668|6622|6647,APP|GDNF|SNCA|SOD1,-1.3,gene
DisGeNET,35,C0205858,General Paralysis,,-4,16,7.5,30293,12,648,4,0.62,0.31,351|6334|6647|10563,APP|SCN8A|SOD1|CXCL13,-1.3,gene
DisGeNET,35,C1836230,"HUMAN IMMUNODEFICIENCY VIRUS TYPE 1, SUSCEPTIBILITY TO",,-4,3.8,5,30293,149,648,12,1.9,0.53,238|7074|9586|22844|26960|30820|50863|79783|83938|147372|285195|644861,ALK|TIAM1|CREB5|FRMPD1|NBEA|KCNIP1|NTM|SUGCT|LRMDA|CCBE1|SLC9A9|NBPF13P,-1.3,gene
DisGeNET,35,C0152459,Linear atrophy,,-4,3.8,5,30293,149,648,12,1.9,0.53,793|1012|1813|2263|2551|2740|4314|4317|6526|6622|9201|406988,CALB1|CDH13|DRD2|FGFR2|GABPA|GLP1R|MMP3|MMP8|SLC5A3|SNCA|DCLK1|MIR205,-1.3,gene
DisGeNET,35,C0311249,Cryptophthalmos,,-4,28,8.9,30293,5,648,3,0.46,0.27,23426|80144|341640,GRIP1|FRAS1|FREM2,-1.3,gene
DisGeNET,35,C2350521,Taste Perception (mental process),,-4,28,8.9,30293,5,648,3,0.46,0.27,5726|8972|23601,TAS2R38|MGAM|CLEC5A,-1.3,gene
DisGeNET,35,C1857190,Wide pubic symphysis,,-4,28,8.9,30293,5,648,3,0.46,0.27,23426|80144|341640,GRIP1|FRAS1|FREM2,-1.3,gene
DisGeNET,35,C0018498,Hair Color,,-3.9,4,5,30293,130,648,11,1.7,0.51,3603|5314|9586|9590|50863|51176|80144|81615|221895|285456|341640,IL16|PKHD1|CREB5|AKAP12|NTM|LEF1|FRAS1|TMEM163|JAZF1|RPL34-DT|FREM2,-1.2,gene
PaGenBase,36,PGB:00045,Tissue-specific: placenta,,-3.9,2.8,4.6,30293,305,648,18,2.8,0.65,1378|2162|2551|2702|4345|5669|5670|5671|5672|5673|5675|5676|5678|5680|7062|7078|79865|440533,CR1|F13A1|GABPA|GJA5|CD200|PSG1|PSG2|PSG3|PSG4|PSG5|PSG6|PSG7|PSG9|PSG11|TCHH|TIMP3|TREML2|PSG8,-1.2,gene
TRRUST,34,TRR00779,Regulated by: MYBL2,,-3.9,14,7.1,30293,13,648,4,0.62,0.31,5669|5670|5676|440533,PSG1|PSG2|PSG7|PSG8,-1.2,gene
DisGeNET,35,C4511452,Sporadic Parkinson disease,,-3.9,3.4,4.8,30293,179,648,13,2,0.55,351|793|1813|2551|6622|6647|8224|9037|25793|54209|81615|130013|406988,APP|CALB1|DRD2|GABPA|SNCA|SOD1|SYN3|SEMA5A|FBXO7|TREM2|TMEM163|ACMSD|MIR205,-1.2,gene
Cell Type Signatures,7,M39062,MANNO MIDBRAIN NEUROTYPES HNPROG,,-3.9,3.1,4.6,30293,229,648,15,2.3,0.59,894|1124|4762|6657|10642|10842|56341|79822|80209|85463|90139|341640|347252|389058|440823,CCND2|CHN2|NEUROG1|SOX2|IGF2BP1|PPP1R17|PRMT8|ARHGAP28|PROSER1|ZC3H12C|TSPAN18|FREM2|IGFBPL1|SP5|MIAT,-1.2,gene
Cell Type Signatures,7,M39070,MANNO MIDBRAIN NEUROTYPES HNBGABA,,-3.9,2.1,4.2,30293,703,648,31,4.8,0.84,157|2890|3778|5362|6334|6622|8224|8745|9201|9465|9568|9891|23114|25924|26011|26059|26960|50863|51555|55691|57578|57586|57795|60468|83992|84867|138046|161436|286046|389432|440823,GRK3|GRIA1|KCNMA1|PLXNA2|SCN8A|SNCA|SYN3|ADAM23|DCLK1|AKAP7|GABBR2|NUAK1|NFASC|MYRIP|TENM4|ERC2|NBEA|NTM|PEX5L|FRMD4A|UNC79|SYT13|BRINP2|BACH2|CTTNBP2|PTPN5|RALYL|EML5|XKR6|SAMD5|MIAT,-1.2,gene
DisGeNET,35,C0041696,Unipolar Depression,,-3.8,2.1,4.2,30293,641,648,29,4.5,0.81,117|947|1608|1813|2551|2668|2890|2900|3458|4317|4908|6622|6647|7038|9248|9568|27185|30845|50863|51701|64084|92369|152578|154664|255239|286046|347252|407041|100303453,ADCYAP1R1|CD34|DGKG|DRD2|GABPA|GDNF|GRIA1|GRIK4|IFNG|MMP8|NTF3|SNCA|SOD1|TG|GPR50|GABBR2|DISC1|EHD3|NTM|NLK|CLSTN2|SPSB4|LINC01618|ABCA13|ANKK1|XKR6|IGFBPL1|MIR34B|TSNAX-DISC1,-1.2,gene
Cell Type Signatures,7,M40237,DESCARTES FETAL LUNG SQUAMOUS EPITHELIAL CELLS,,-3.8,3.2,4.6,30293,206,648,14,2.2,0.57,2312|3713|6699|6700|6703|6707|7498|9407|22891|27123|54544|132724|339967|440854,FLG|IVL|SPRR1B|SPRR2A|SPRR2D|SPRR3|XDH|TMPRSS11D|ZNF365|DKK2|CRCT1|TMPRSS11B|TMPRSS11A|CAPN14,-1.1,gene
COVID,200,COVID017,RNA_Blanco-Melo_Lung_Down,,-3.8,2.9,4.5,30293,259,648,16,2.5,0.61,366|634|3937|4317|5265|5341|5655|8972|23643|27284|54210|285852|285941|340206|353133|448834,AQP9|CEACAM1|LCP2|MMP8|SERPINA1|PLEK|KLK10|MGAM|LY96|SULT1B1|TREM1|TREML4|LINC02860|TREML3P|LCE1C|KPRP,-1.1,gene
DisGeNET,35,C0341106,Eosinophilic esophagitis,,-3.8,3.3,4.7,30293,183,648,13,2,0.55,1088|1237|2312|2551|3458|3906|5650|5653|6707|221895|286046|440854|100885775,CEACAM8|CCR8|FLG|GABPA|IFNG|LALBA|KLK7|KLK6|SPRR3|JAZF1|XKR6|CAPN14|BANCR,-1.1,gene
Cell Type Signatures,7,M39233,LAKE ADULT KIDNEY C14 DISTAL CONVOLUTED TUBULE,,-3.8,3.1,4.6,30293,208,648,14,2.2,0.57,5218|5314|26249|26280|55799|80144|83938|84952|127602|130507|140733|389432|550112|100507098,CDK14|PKHD1|KLHL3|IL1RAPL2|CACNA2D3|FRAS1|LRMDA|CGNL1|DNAH14|UBR3|MACROD2|SAMD5|UBA6-DT|ADAMTS9-AS2,-1.1,gene
DisGeNET,35,C0037274,Dermatologic disorders,,-3.8,2.1,4.2,30293,615,648,28,4.3,0.8,238|571|2263|2312|2551|3290|3458|3713|3914|4014|4321|5265|5362|5650|5653|5948|6699|6707|7053|7062|8975|9760|25818|43847|50863|55801|259249|406988,ALK|BACH1|FGFR2|FLG|GABPA|HSD11B1|IFNG|IVL|LAMB3|LORICRIN|MMP12|SERPINA1|PLXNA2|KLK7|KLK6|RBP2|SPRR1B|SPRR3|TGM3|TCHH|USP13|TOX|KLK5|KLK14|NTM|IL26|MRGPRX1|MIR205,-1.1,gene
DisGeNET,35,C0149825,Hypertrophy of adenoids,,-3.8,13,6.8,30293,14,648,4,0.62,0.31,4317|6441|653509|729238,MMP8|SFTPD|SFTPA1|SFTPA2,-1.1,gene
DisGeNET,35,C0272350,"Dysfibrinogenemia, Congenital",,-3.7,23,8.1,30293,6,648,3,0.46,0.27,2162|2243|2266,F13A1|FGA|FGG,-1.1,gene
DisGeNET,35,C0334587,Astroblastoma,,-3.7,23,8.1,30293,6,648,3,0.46,0.27,947|4330|10215,CD34|MN1|OLIG2,-1.1,gene
DisGeNET,35,C1112324,Multifocal micronodular pneumocyte hyperplasia,,-3.7,23,8.1,30293,6,648,3,0.46,0.27,6441|653509|729238,SFTPD|SFTPA1|SFTPA2,-1.1,gene
DisGeNET,35,C0029231,"Organic Mental Disorders, Substance-Induced",,-3.7,4.1,4.9,30293,115,648,10,1.5,0.48,1012|1769|1813|4897|5137|9465|9547|55691|83938|140733,CDH13|DNAH8|DRD2|NRCAM|PDE1C|AKAP7|CXCL14|FRMD4A|LRMDA|MACROD2,-1.1,gene
DisGeNET,35,C4316881,Prescription Drug Abuse,,-3.7,4.1,4.9,30293,115,648,10,1.5,0.48,1012|1769|1813|4897|5137|9465|9547|55691|83938|140733,CDH13|DNAH8|DRD2|NRCAM|PDE1C|AKAP7|CXCL14|FRMD4A|LRMDA|MACROD2,-1.1,gene
Transcription Factor Targets,16,M8062,CDX2 Q5,,-3.7,2.8,4.4,30293,263,648,16,2.5,0.61,4330|4756|4808|4908|8091|8854|9435|9586|10563|23519|54970|55617|60468|130507|138046|283284,MN1|NEO1|NHLH2|NTF3|HMGA2|ALDH1A2|CHST2|CREB5|CXCL13|ANP32D|TTC12|TASP1|BACH2|UBR3|RALYL|IGSF22,-1.1,gene
DisGeNET,35,C0752105,"Parkinsonism, Juvenile",,-3.7,7,5.6,30293,40,648,6,0.93,0.38,1813|2668|6622|8854|8867|25793,DRD2|GDNF|SNCA|ALDH1A2|SYNJ1|FBXO7,-1.1,gene
DisGeNET,35,C4721806,"Carcinoma, Basal Cell",,-3.7,2.2,4.2,30293,557,648,26,4,0.77,238|646|947|1012|2263|2303|3458|3713|4314|4317|4319|4321|4345|4756|5726|6657|7053|8091|9590|10125|10642|51176|79623|83639|406988|100126333,ALK|BNC1|CD34|CDH13|FGFR2|FOXC2|IFNG|IVL|MMP3|MMP8|MMP10|MMP12|CD200|NEO1|TAS2R38|SOX2|TGM3|HMGA2|AKAP12|RASGRP1|IGF2BP1|LEF1|GALNT14|TEX101|MIR205|MIR708,-1.1,gene
DisGeNET,35,C0007682,CNS disorder,,-3.7,2.6,4.3,30293,319,648,18,2.8,0.65,238|351|947|1813|2551|2658|2740|3458|4321|4345|5137|5265|5653|6622|6647|10563|54209|259249,ALK|APP|CD34|DRD2|GABPA|GDF2|GLP1R|IFNG|MMP12|CD200|PDE1C|SERPINA1|KLK6|SNCA|SOD1|CXCL13|TREM2|MRGPRX1,-1.1,gene
DisGeNET,35,C0751295,Memory Loss,,-3.7,3.4,4.6,30293,163,648,12,1.9,0.53,351|793|1524|1813|3290|3778|4908|6622|6647|23495|54209|84867,APP|CALB1|CX3CR1|DRD2|HSD11B1|KCNMA1|NTF3|SNCA|SOD1|TNFRSF13B|TREM2|PTPN5,-1.1,gene
Cell Type Signatures,7,M40149,DESCARTES FETAL ADRENAL SYMPATHOBLASTS,,-3.7,4,4.8,30293,117,648,10,1.5,0.48,2740|9568|9622|9956|10842|56245|83659|146177|148641|253650,GLP1R|GABBR2|KLK4|HS3ST2|PPP1R17|EPCIP|TEKT1|VWA3A|SLC35F3|ANKRD18A,-1.1,gene
PaGenBase,36,PGB:00037,Tissue-specific: heart,,-3.7,2.6,4.3,30293,321,648,18,2.8,0.65,845|2740|3752|5137|6523|8745|8988|26095|27023|27302|81488|83902|123722|145781|285852|389336|401136|677778,CASQ2|GLP1R|KCND3|PDE1C|SLC5A1|ADAM23|HSPB3|PTPN20|FOXB1|BMP10|POLR2M|KRTAP17-1|FSD2|GCOM1|TREML4|C5orf46|TMPRSS11BNL|SCARNA15,-1.1,gene
PaGenBase,36,PGB:00011,Tissue-specific: spleen,,-3.6,2.2,4.1,30293,500,648,24,3.7,0.74,313|1240|1378|1380|3003|3603|3680|4312|4321|6503|7062|9938|10154|10563|11280|23495|79865|80342|84433|146183|151888|285852|340206|343641,AOAH|CMKLR1|CR1|CR2|GZMK|IL16|ITGA9|MMP1|MMP12|SLA|TCHH|ARHGAP25|PLXNC1|CXCL13|SCN11A|TNFRSF13B|TREML2|TRAF3IP3|CARD11|OTOA|BTLA|TREML4|TREML3P|TGM6,-1.1,gene
DisGeNET,35,C1842981,NEUROTICISM,,-3.6,3.6,4.7,30293,141,648,11,1.7,0.51,1012|1769|1813|3290|3458|5726|6622|9671|255239|286046|353144,CDH13|DNAH8|DRD2|HSD11B1|IFNG|TAS2R38|SNCA|WSCD2|ANKK1|XKR6|LCE3C,-1.1,gene
DisGeNET,35,C0338831,Manic,,-3.6,3.4,4.5,30293,166,648,12,1.9,0.53,157|885|1769|2668|2890|3458|4184|5265|6526|26011|27185|255239,GRK3|CCK|DNAH8|GDNF|GRIA1|IFNG|SMCP|SERPINA1|SLC5A3|TENM4|DISC1|ANKK1,-1,gene
DisGeNET,35,C0013222,Drug Use Disorders,,-3.5,3.9,4.7,30293,121,648,10,1.5,0.48,1012|1769|1813|4897|5137|9465|9547|55691|83938|140733,CDH13|DNAH8|DRD2|NRCAM|PDE1C|AKAP7|CXCL14|FRMD4A|LRMDA|MACROD2,-0.99,gene
Cell Type Signatures,7,M40312,DESCARTES FETAL THYMUS THYMIC EPITHELIAL CELLS,,-3.5,2.9,4.3,30293,245,648,15,2.3,0.59,245|2263|3664|5596|23426|26280|55714|63876|79817|80144|81615|84952|221935|253650|642587,ALOX12P2|FGFR2|IRF6|MAPK4|GRIP1|IL1RAPL2|TENM3|PKNOX2|MOB3B|FRAS1|TMEM163|CGNL1|SDK1|ANKRD18A|MIR205HG,-0.99,gene
Cell Type Signatures,7,M40273,DESCARTES FETAL PANCREAS MESOTHELIAL CELLS,,-3.5,4.7,4.9,30293,79,648,8,1.2,0.43,646|5655|8854|11012|25818|57795|147372|283867,BNC1|KLK10|ALDH1A2|KLK11|KLK5|BRINP2|CCBE1|LINC00922,-0.99,gene
DisGeNET,35,C1321884,Atresia of vagina,,-3.5,12,6.3,30293,16,648,4,0.62,0.31,2263|23426|80144|341640,FGFR2|GRIP1|FRAS1|FREM2,-0.97,gene
DisGeNET,35,C4285693,HIV-associated neurocognitive disorder,,-3.5,5.4,5,30293,61,648,7,1.1,0.41,351|1813|3458|4312|4314|4317|6622,APP|DRD2|IFNG|MMP1|MMP3|MMP8|SNCA,-0.96,gene
Cell Type Signatures,7,M39234,LAKE ADULT KIDNEY C15 CONNECTING TUBULE,,-3.5,3.3,4.4,30293,171,648,12,1.9,0.53,793|5314|9760|23426|51701|54622|56999|80144|83938|138046|140733|100507098,CALB1|PKHD1|TOX|GRIP1|NLK|ARL15|ADAMTS9|FRAS1|LRMDA|RALYL|MACROD2|ADAMTS9-AS2,-0.95,gene
DisGeNET,35,C0037369,Smoking,,-3.5,2.4,4.1,30293,391,648,20,3.1,0.68,1012|1608|5137|5265|5858|7038|9037|9760|25924|50863|55799|57188|64084|79783|92291|221895|221935|286046|100505385|100507098,CDH13|DGKG|PDE1C|SERPINA1|PZP|TG|SEMA5A|TOX|MYRIP|NTM|CACNA2D3|ADAMTSL3|CLSTN2|SUGCT|CAPN13|JAZF1|SDK1|XKR6|IQCJ-SCHIP1|ADAMTS9-AS2,-0.95,gene
DisGeNET,35,C1619700,RENAL ADYSPLASIA,,-3.5,8.1,5.6,30293,29,648,5,0.77,0.34,2668|3458|3664|80144|341640,GDNF|IFNG|IRF6|FRAS1|FREM2,-0.94,gene
Cell Type Signatures,7,M40314,DESCARTES FETAL THYMUS ANTIGEN PRESENTING CELLS,,-3.5,3.3,4.4,30293,172,648,12,1.9,0.53,1124|1193|1240|2162|2900|5341|9915|23643|54504|57168|58504|116449,CHN2|CLIC2|CMKLR1|F13A1|GRIK4|PLEK|ARNT2|LY96|CPVL|ASPHD2|ARHGAP22|CLNK,-0.93,gene
DisGeNET,35,C0006287,Bronchopulmonary Dysplasia,,-3.4,2.3,4,30293,423,648,21,3.2,0.7,157|947|1240|2263|2551|2658|2740|3458|6334|6441|6647|7078|8867|26011|27185|51176|54210|117156|161436|653509|729238,GRK3|CD34|CMKLR1|FGFR2|GABPA|GDF2|GLP1R|IFNG|SCN8A|SFTPD|SOD1|TIMP3|SYNJ1|TENM4|DISC1|LEF1|TREM1|SCGB3A2|EML5|SFTPA1|SFTPA2,-0.93,gene
DisGeNET,35,C0699949,airway disease,,-3.4,3.1,4.3,30293,198,648,13,2,0.55,1237|2312|2551|3458|4312|5726|6441|6647|9407|54210|117156|653509|729238,CCR8|FLG|GABPA|IFNG|MMP1|TAS2R38|SFTPD|SOD1|TMPRSS11D|TREM1|SCGB3A2|SFTPA1|SFTPA2,-0.93,gene
Transcription Factor Targets,16,M14230,HFH1 01,,-3.4,2.8,4.2,30293,251,648,15,2.3,0.59,1959|3290|3937|4756|4908|6657|9073|9586|11082|27023|83872|83902|138046|285668|100506334,EGR2|HSD11B1|LCP2|NEO1|NTF3|SOX2|CLDN8|CREB5|ESM1|FOXB1|HMCN1|KRTAP17-1|RALYL|LINC03122|LINC00649,-0.93,gene
DisGeNET,35,C0002622,Amnesia,,-3.4,3.2,4.4,30293,173,648,12,1.9,0.53,351|793|1524|2551|3290|3778|4908|6622|6647|23495|54209|84867,APP|CALB1|CX3CR1|GABPA|HSD11B1|KCNMA1|NTF3|SNCA|SOD1|TNFRSF13B|TREM2|PTPN5,-0.93,gene
DisGeNET,35,C0027404,Narcolepsy,,-3.4,2.6,4.1,30293,308,648,17,2.6,0.63,460|1769|2668|2740|3458|5673|7074|9844|22891|56704|57188|57599|79623|221935|341640|100130231|100861519,ASTN1|DNAH8|GDNF|GLP1R|IFNG|PSG5|TIAM1|ELMO1|ZNF365|JPH1|ADAMTSL3|WDR48|GALNT14|SDK1|FREM2|LINC00861|GDNF-AS1,-0.91,gene
DisGeNET,35,C0238441,Subglottic stenosis,,-3.4,11,6.1,30293,17,648,4,0.62,0.31,3458|23426|80144|341640,IFNG|GRIP1|FRAS1|FREM2,-0.91,gene
Cell Type Signatures,7,M39068,MANNO MIDBRAIN NEUROTYPES HDA1,,-3.4,2.1,3.9,30293,584,648,26,4,0.77,351|793|1012|1124|3778|5137|5218|6334|6622|7881|8128|9201|9568|10154|23114|25924|26059|26960|57578|57586|84867|120114|138046|147372|440823|100505385,APP|CALB1|CDH13|CHN2|KCNMA1|PDE1C|CDK14|SCN8A|SNCA|KCNAB1|ST8SIA2|DCLK1|GABBR2|PLXNC1|NFASC|MYRIP|ERC2|NBEA|UNC79|SYT13|PTPN5|FAT3|RALYL|CCBE1|MIAT|IQCJ-SCHIP1,-0.9,gene
DisGeNET,35,C0162820,"Dermatitis, Allergic Contact",,-3.4,3.4,4.4,30293,151,648,11,1.7,0.51,2162|2312|3290|3458|3603|4314|4321|55801|353143|353144|388697,F13A1|FLG|HSD11B1|IFNG|IL16|MMP3|MMP12|IL26|LCE3B|LCE3C|HRNR,-0.88,gene
Transcription Factor Targets,16,M11442,HNF1 Q6,,-3.3,2.7,4.1,30293,256,648,15,2.3,0.59,366|866|894|2243|4908|5314|6523|6690|7570|8972|9586|26085|51156|64066|132671,AQP9|SERPINA6|CCND2|FGA|NTF3|PKHD1|SLC5A1|SPINK1|ZNF22|MGAM|CREB5|KLK13|SERPINA10|MMP27|SPATA18,-0.86,gene
DisGeNET,35,C0026393,Molluscum Contagiosum,,-3.3,10,5.9,30293,18,648,4,0.62,0.31,947|1237|2312|7062,CD34|CCR8|FLG|TCHH,-0.83,gene
DisGeNET,35,C0751071,Familial Dementia,,-3.3,10,5.9,30293,18,648,4,0.62,0.31,351|5265|6622|54209,APP|SERPINA1|SNCA|TREM2,-0.83,gene
Cell Type Signatures,7,M39075,ZHONG PFC MAJOR TYPES EXCITATORY NEURON,,-3.3,18,6.9,30293,8,648,3,0.46,0.27,6503|63974|347252,SLA|NEUROD6|IGFBPL1,-0.83,gene
DisGeNET,35,C0265233,Cryptophthalmos syndrome,,-3.3,18,6.9,30293,8,648,3,0.46,0.27,23426|80144|341640,GRIP1|FRAS1|FREM2,-0.83,gene
DisGeNET,35,C0021368,Inflammation,,-3.3,2.2,3.9,30293,467,648,22,3.4,0.71,351|634|885|1237|1524|2266|3001|3458|4312|4314|4319|4345|4908|5265|6441|6647|6690|6699|9547|23495|54210|79865,APP|CEACAM1|CCK|CCR8|CX3CR1|FGG|GZMA|IFNG|MMP1|MMP3|MMP10|CD200|NTF3|SERPINA1|SFTPD|SOD1|SPINK1|SPRR1B|CXCL14|TNFRSF13B|TREM1|TREML2,-0.82,gene
Cell Type Signatures,7,M39171,MURARO PANCREAS PANCREATIC POLYPEPTIDE CELL,,-3.3,3.3,4.3,30293,155,648,11,1.7,0.51,793|1124|1959|5265|9590|9760|56245|83992|84433|221935|389432,CALB1|CHN2|EGR2|SERPINA1|AKAP12|TOX|EPCIP|CTTNBP2|CARD11|SDK1|SAMD5,-0.82,gene
Cell Type Signatures,7,M39246,LAKE ADULT KIDNEY C27 VASCULAR SMOOTH MUSCLE CELLS AND PERICYTES,,-3.3,3.3,4.3,30293,155,648,11,1.7,0.51,1012|1608|7078|7881|9590|10186|23331|83857|130507|221935|253827,CDH13|DGKG|TIMP3|KCNAB1|AKAP12|LHFPL6|TTC28|TMTC1|UBR3|SDK1|MSRB3,-0.82,gene
Transcription Factor Targets,16,M11968,NKX61 01,,-3.2,2.8,4.1,30293,235,648,14,2.2,0.57,894|2263|3290|4762|4808|5362|8128|8854|9586|10563|63974|130013|220441|285668,CCND2|FGFR2|HSD11B1|NEUROG1|NHLH2|PLXNA2|ST8SIA2|ALDH1A2|CREB5|CXCL13|NEUROD6|ACMSD|RNF152|LINC03122,-0.78,gene
Cell Type Signatures,7,M39209,HAY BONE MARROW STROMAL,,-3.2,1.9,3.7,30293,765,648,31,4.8,0.84,2303|3290|4337|5137|5596|5797|6443|7078|8321|9201|9547|10186|10406|11082|23114|23500|26011|55691|56999|57188|57502|57569|79822|84417|90768|120114|132671|147372|283867|729085|100507098,FOXC2|HSD11B1|MOCS1|PDE1C|MAPK4|PTPRM|SGCB|TIMP3|FZD1|DCLK1|CXCL14|LHFPL6|WFDC2|ESM1|NFASC|DAAM2|TENM4|FRMD4A|ADAMTS9|ADAMTSL3|NLGN4X|ARHGAP20|ARHGAP28|ECRG4|TENM3-AS1|FAT3|SPATA18|CCBE1|LINC00922|GASK1A|ADAMTS9-AS2,-0.78,gene
Cell Type Signatures,7,M40195,DESCARTES FETAL HEART LYMPHOID CELLS,,-3.2,3.8,4.4,30293,110,648,9,1.4,0.46,1380|3001|3003|10125|23495|84433|154075|641518|100130231,CR2|GZMA|GZMK|RASGRP1|TNFRSF13B|CARD11|SAMD3|LEF1-AS1|LINC00861,-0.77,gene
DisGeNET,35,C0562350,Hip circumference,,-3.2,4.8,4.7,30293,68,648,7,1.1,0.41,1608|8091|26046|57188|84456|140733|100507098,DGKG|HMGA2|LTN1|ADAMTSL3|L3MBTL3|MACROD2|ADAMTS9-AS2,-0.77,gene
DisGeNET,35,C0268186,Congenital glucose-galactose malabsorption,,-3.2,9.8,5.7,30293,19,648,4,0.62,0.31,1378|5265|6523|10563,CR1|SERPINA1|SLC5A1|CXCL13,-0.77,gene
DisGeNET,35,C0752100,Autosomal Recessive Parkinsonism,,-3.2,7.1,5.2,30293,33,648,5,0.77,0.34,1813|2668|6622|8854|8867,DRD2|GDNF|SNCA|ALDH1A2|SYNJ1,-0.77,gene
DisGeNET,35,C2350344,Chronic Lung Injury,,-3.2,7.1,5.2,30293,33,648,5,0.77,0.34,4321|6441|6647|653509|729238,MMP12|SFTPD|SOD1|SFTPA1|SFTPA2,-0.77,gene
DisGeNET,35,C0542519,Congenital absence of kidney,,-3.2,7.1,5.2,30293,33,648,5,0.77,0.34,2668|3458|3664|80144|341640,GDNF|IFNG|IRF6|FRAS1|FREM2,-0.77,gene
DisGeNET,35,C0010043,Corneal Ulcer,,-3.2,7.1,5.2,30293,33,648,5,0.77,0.34,2303|3458|6441|653509|729238,FOXC2|IFNG|SFTPD|SFTPA1|SFTPA2,-0.77,gene
Cell Type Signatures,7,M41660,TRAVAGLINI LUNG ALVEOLAR EPITHELIAL TYPE 2 CELL,,-3.1,3.4,4.2,30293,136,648,10,1.5,0.48,2266|5265|6441|11197|25849|81563|81615|200504|653509|729238,FGG|SERPINA1|SFTPD|WIF1|PARM1|C1orf21|TMEM163|GKN2|SFTPA1|SFTPA2,-0.73,gene
Transcription Factor Targets,16,M12934,BRN2 01,,-3.1,2.7,4,30293,240,648,14,2.2,0.57,1124|1769|2263|2668|4762|4908|9586|9844|29104|55776|93034|121549|140469|340273,CHN2|DNAH8|FGFR2|GDNF|NEUROG1|NTF3|CREB5|ELMO1|N6AMT1|SAYSD1|NT5C1B|ASCL4|MYO3B|ABCB5,-0.72,gene
DisGeNET,35,C0878693,Conjunctivochalasis,,-3.1,16,6.5,30293,9,648,3,0.46,0.27,4312|4314|7078,MMP1|MMP3|TIMP3,-0.72,gene
DisGeNET,35,C0857501,Acute schizophrenia,,-3.1,16,6.5,30293,9,648,3,0.46,0.27,1813|2243|3458,DRD2|FGA|IFNG,-0.72,gene
TRRUST,34,TRR00344,Regulated by: FOSL1,,-3.1,16,6.5,30293,9,648,3,0.46,0.27,3713|4312|6441,IVL|MMP1|SFTPD,-0.72,gene
DisGeNET,35,C0149517,Chronic tonsillitis,,-3.1,16,6.5,30293,9,648,3,0.46,0.27,1524|3458|4317,CX3CR1|IFNG|MMP8,-0.72,gene
Cell Type Signatures,7,M39241,LAKE ADULT KIDNEY C22 ENDOTHELIAL CELLS GLOMERULAR CAPILLARIES,,-3.1,3.4,4.2,30293,137,648,10,1.5,0.48,351|1012|5797|7078|9590|9844|23331|54622|83857|140733,APP|CDH13|PTPRM|TIMP3|AKAP12|ELMO1|TTC28|ARL15|TMTC1|MACROD2,-0.72,gene
DisGeNET,35,C4021254,Cutaneous finger syndactyly,,-3.1,9.3,5.5,30293,20,648,4,0.62,0.31,2263|3664|80144|147372,FGFR2|IRF6|FRAS1|CCBE1,-0.72,gene
DisGeNET,35,C0266231,Ectopic anus,,-3.1,9.3,5.5,30293,20,648,4,0.62,0.31,2263|23426|80144|341640,FGFR2|GRIP1|FRAS1|FREM2,-0.72,gene
DisGeNET,35,C0001973,"Alcoholic Intoxication, Chronic",,-3.1,2,3.7,30293,577,648,25,3.9,0.76,238|460|885|1012|1813|2668|2740|3603|4336|5726|6622|6716|9037|11280|24144|27123|50810|54622|54970|57502|63876|149111|255239|283284|400359,ALK|ASTN1|CCK|CDH13|DRD2|GDNF|GLP1R|IL16|MOBP|TAS2R38|SNCA|SRD5A2|SEMA5A|SCN11A|TFIP11|DKK2|HDGFL3|ARL15|TTC12|NLGN4X|PKNOX2|CNIH3|ANKK1|IGSF22|LINC02694,-0.72,gene
Transcription Factor Targets,16,M6002,AML1 Q6,,-3.1,2.6,3.9,30293,271,648,15,2.3,0.59,1959|2306|3458|4146|6334|10154|54766|55691|83938|121549|144110|149111|253827|399949|400359,EGR2|FOXD2|IFNG|MATN1|SCN8A|PLXNC1|BTG4|FRMD4A|LRMDA|ASCL4|TMEM86A|CNIH3|MSRB3|HOATZ|LINC02694,-0.71,gene
Transcription Factor Targets,16,M15241,AML1 01,,-3.1,2.6,3.9,30293,271,648,15,2.3,0.59,1959|2306|3458|4146|6334|10154|54766|55691|83938|121549|144110|149111|253827|399949|400359,EGR2|FOXD2|IFNG|MATN1|SCN8A|PLXNC1|BTG4|FRMD4A|LRMDA|ASCL4|TMEM86A|CNIH3|MSRB3|HOATZ|LINC02694,-0.71,gene
Cell Type Signatures,7,M40220,DESCARTES FETAL KIDNEY URETERIC BUD CELLS,,-3.1,2.5,3.8,30293,300,648,16,2.5,0.61,793|3664|3713|3914|6340|6690|6698|6707|9073|23105|26280|84451|92291|140469|221935|642587,CALB1|IRF6|IVL|LAMB3|SCNN1G|SPINK1|SPRR1A|SPRR3|CLDN8|FSTL4|IL1RAPL2|MAP3K21|CAPN13|MYO3B|SDK1|MIR205HG,-0.71,gene
PaGenBase,36,PGB:00004,Tissue-specific: kidney,,-3.1,2.1,3.7,30293,483,648,22,3.4,0.71,793|2798|5314|5672|5678|6340|7364|9073|9465|11082|22798|23574|56245|79623|84952|116449|220441|341640|574511|653509|693131|729238,CALB1|GNRHR|PKHD1|PSG4|PSG9|SCNN1G|UGT2B7|CLDN8|AKAP7|ESM1|LAMB4|PRG1|EPCIP|GALNT14|CGNL1|CLNK|RNF152|FREM2|MIR506|SFTPA1|MIR548D2|SFTPA2,-0.71,gene
Transcription Factor Targets,16,M13237,BACH2 01,,-3.1,2.6,3.8,30293,273,648,15,2.3,0.59,571|2668|2890|4312|9201|9891|9956|24144|51646|51701|90768|121551|256691|400359|100506334,BACH1|GDNF|GRIA1|MMP1|DCLK1|NUAK1|HS3ST2|TFIP11|YPEL5|NLK|TENM3-AS1|ABTB3|MAMDC2|LINC02694|LINC00649,-0.68,gene
Cell Type Signatures,7,M40004,BUSSLINGER ESOPHAGEAL LATE SUPRABASAL CELLS,,-3,3.3,4.1,30293,140,648,10,1.5,0.48,3713|6698|6699|6700|6703|6707|7053|11012|26085|49860,IVL|SPRR1A|SPRR1B|SPRR2A|SPRR2D|SPRR3|TGM3|KLK11|KLK13|CRNN,-0.68,gene
DisGeNET,35,C3714651,Follicular Variant Thyroid Gland Papillary Carcinoma,,-3,6.5,4.9,30293,36,648,5,0.77,0.34,238|947|4897|5726|23426,ALK|CD34|NRCAM|TAS2R38|GRIP1,-0.65,gene
DisGeNET,35,C4331921,Obesity-Associated Insulin Resistance,,-3,6.5,4.9,30293,36,648,5,0.77,0.34,3458|3778|7498|9500|9547,IFNG|KCNMA1|XDH|MAGED1|CXCL14,-0.65,gene
DisGeNET,35,C1334281,Infiltrating Bladder Urothelial Carcinoma,,-3,14,6.1,30293,10,648,3,0.46,0.27,10563|25925|253827,CXCL13|ZNF521|MSRB3,-0.62,gene
DisGeNET,35,C1861829,Cataract microcornea syndrome,,-3,14,6.1,30293,10,648,3,0.46,0.27,1413|1414|340273,CRYBA4|CRYBB1|ABCB5,-0.62,gene
DisGeNET,35,C0238394,Female Pseudohermaphroditism,,-3,14,6.1,30293,10,648,3,0.46,0.27,23426|80144|341640,GRIP1|FRAS1|FREM2,-0.62,gene
DisGeNET,35,C0009171,Cocaine Abuse,,-3,3.2,4,30293,144,648,10,1.5,0.48,157|1769|1813|2668|2890|6622|55714|57586|255239|406929,GRK3|DNAH8|DRD2|GDNF|GRIA1|SNCA|TENM3|SYT13|ANKK1|MIR138-1,-0.61,gene
DisGeNET,35,C0023288,Infection by Leishmania braziliensis,,-3,8.5,5.2,30293,22,648,4,0.62,0.31,3001|3458|4312|6503,GZMA|IFNG|MMP1|SLA,-0.61,gene
DisGeNET,35,C0013170,Drug habituation,,-3,2.9,3.9,30293,196,648,12,1.9,0.53,1012|1769|1813|2890|3778|4897|5137|9465|9547|55691|83938|140733,CDH13|DNAH8|DRD2|GRIA1|KCNMA1|NRCAM|PDE1C|AKAP7|CXCL14|FRMD4A|LRMDA|MACROD2,-0.61,gene
Cell Type Signatures,7,M40169,DESCARTES FETAL CEREBRUM OLIGODENDROCYTES,,-3,4.4,4.3,30293,75,648,7,1.1,0.41,2668|4146|4336|10215|22891|116448|100861519,GDNF|MATN1|MOBP|OLIG2|ZNF365|OLIG1|GDNF-AS1,-0.61,gene
DisGeNET,35,C0027796,Neuralgia,,-2.9,1.8,3.4,30293,766,648,30,4.6,0.83,117|351|366|885|1240|1524|1769|1813|2551|2662|2668|2740|2890|3778|4146|4321|4756|5265|6334|6336|6523|6647|7038|7078|8091|10563|11280|23643|259249|407042,ADCYAP1R1|APP|AQP9|CCK|CMKLR1|CX3CR1|DNAH8|DRD2|GABPA|GDF10|GDNF|GLP1R|GRIA1|KCNMA1|MATN1|MMP12|NEO1|SERPINA1|SCN8A|SCN10A|SLC5A1|SOD1|TG|TIMP3|HMGA2|CXCL13|SCN11A|LY96|MRGPRX1|MIR34C,-0.57,gene
DisGeNET,35,C2718001,Protein Misfolding Disorders,,-2.9,6.2,4.7,30293,38,648,5,0.77,0.34,634|5265|6622|6647|200504,CEACAM1|SERPINA1|SNCA|SOD1|GKN2,-0.57,gene
DisGeNET,35,C0242422,Parkinsonian Disorders,,-2.9,2.3,3.6,30293,373,648,18,2.8,0.65,351|793|1524|1813|2668|2740|4314|5669|5670|5676|6622|6647|8854|8867|25793|54209|130013|440533,APP|CALB1|CX3CR1|DRD2|GDNF|GLP1R|MMP3|PSG1|PSG2|PSG7|SNCA|SOD1|ALDH1A2|SYNJ1|FBXO7|TREM2|ACMSD|PSG8,-0.57,gene
DisGeNET,35,C0013146,Drug abuse,,-2.9,2.2,3.6,30293,404,648,19,2.9,0.66,1012|1769|1813|2551|2668|2740|3458|3603|4897|5137|5670|7367|8988|9465|9547|9760|55691|83938|140733,CDH13|DNAH8|DRD2|GABPA|GDNF|GLP1R|IFNG|IL16|NRCAM|PDE1C|PSG2|UGT2B17|HSPB3|AKAP7|CXCL14|TOX|FRMD4A|LRMDA|MACROD2,-0.57,gene
DisGeNET,35,C0032227,Pleural effusion disorder,,-2.9,2.7,3.8,30293,227,648,13,2,0.55,238|3290|5670|6690|7038|10563|11082|11197|55801|147372|151888|653509|729238,ALK|HSD11B1|PSG2|SPINK1|TG|CXCL13|ESM1|WIF1|IL26|CCBE1|BTLA|SFTPA1|SFTPA2,-0.57,gene
DisGeNET,35,C3811653,Experimental Organism Basal Cell Carcinoma,,-2.9,2.1,3.5,30293,437,648,20,3.1,0.68,238|646|947|2263|2303|3458|3713|4314|4317|4345|4756|6657|7053|8091|10642|51176|79623|83639|406988|100126333,ALK|BNC1|CD34|FGFR2|FOXC2|IFNG|IVL|MMP3|MMP8|CD200|NEO1|SOX2|TGM3|HMGA2|IGF2BP1|LEF1|GALNT14|TEX101|MIR205|MIR708,-0.57,gene
DisGeNET,35,C1704272,Benign Prostatic Hyperplasia,,-2.9,1.8,3.4,30293,770,648,30,4.6,0.83,117|947|1813|2263|2551|2668|2798|3458|3778|4314|5650|6647|6657|6690|6716|7078|7367|8224|9201|9547|9590|9622|10563|11012|25818|57126|406988|407041|407042|100126333,ADCYAP1R1|CD34|DRD2|FGFR2|GABPA|GDNF|GNRHR|IFNG|KCNMA1|MMP3|KLK7|SOD1|SOX2|SPINK1|SRD5A2|TIMP3|UGT2B17|SYN3|DCLK1|CXCL14|AKAP12|KLK4|CXCL13|KLK11|KLK5|CD177|MIR205|MIR34B|MIR34C|MIR708,-0.57,gene
Cell Type Signatures,7,M39055,MANNO MIDBRAIN NEUROTYPES HRGL2A,,-2.9,1.9,3.5,30293,600,648,25,3.9,0.76,117|460|1012|1959|2334|2890|5137|6657|7078|9201|9568|9586|9865|26960|30820|57502|79192|81563|83659|90139|120114|146177|256691|347689|399949,ADCYAP1R1|ASTN1|CDH13|EGR2|AFF2|GRIA1|PDE1C|SOX2|TIMP3|DCLK1|GABBR2|CREB5|TRIL|NBEA|KCNIP1|NLGN4X|IRX1|C1orf21|TEKT1|TSPAN18|FAT3|VWA3A|MAMDC2|SOX2-OT|HOATZ,-0.57,gene
Transcription Factor Targets,16,M15556,FREAC7 01,,-2.9,2.8,3.8,30293,200,648,12,1.9,0.53,3937|4908|6657|9073|9638|9844|55691|55799|56245|63974|83872|285668,LCP2|NTF3|SOX2|CLDN8|FEZ1|ELMO1|FRMD4A|CACNA2D3|EPCIP|NEUROD6|HMCN1|LINC03122,-0.57,gene
DisGeNET,35,C0730607,Severe chronic obstructive pulmonary disease,,-2.9,8.1,5.1,30293,23,648,4,0.62,0.31,2551|3001|5265|284217,GABPA|GZMA|SERPINA1|LAMA1,-0.57,gene
Transcription Factor Targets,16,M6052,YCATTAA UNKNOWN,,-2.9,2,3.5,30293,567,648,24,3.7,0.74,866|2662|3680|3778|4756|4808|5218|5362|6523|6547|8128|8854|9547|9586|27023|27302|58504|60468|63974|93663|121549|221833|221895|343641,SERPINA6|GDF10|ITGA9|KCNMA1|NEO1|NHLH2|CDK14|PLXNA2|SLC5A1|SLC8A3|ST8SIA2|ALDH1A2|CXCL14|CREB5|FOXB1|BMP10|ARHGAP22|BACH2|NEUROD6|ARHGAP18|ASCL4|SP8|JAZF1|TGM6,-0.57,gene
DisGeNET,35,C0041671,Attention Deficit Disorder,,-2.9,3.4,4,30293,123,648,9,1.4,0.46,351|1813|3458|4908|5265|27185|285195|407041|407042,APP|DRD2|IFNG|NTF3|SERPINA1|DISC1|SLC9A9|MIR34B|MIR34C,-0.57,gene
DisGeNET,35,C2678038,"Alopecia, Androgenetic, 2",,-2.9,6,4.6,30293,39,648,5,0.77,0.34,6716|10913|27123|51072|83938,SRD5A2|EDAR|DKK2|MEMO1|LRMDA,-0.57,gene
DisGeNET,35,C4049090,"Alopecia, Androgenetic, 1",,-2.9,6,4.6,30293,39,648,5,0.77,0.34,6716|10913|27123|51072|83938,SRD5A2|EDAR|DKK2|MEMO1|LRMDA,-0.57,gene
DisGeNET,35,C2676272,"Alopecia, Androgenetic, 3",,-2.9,6,4.6,30293,39,648,5,0.77,0.34,6716|10913|27123|51072|83938,SRD5A2|EDAR|DKK2|MEMO1|LRMDA,-0.57,gene
DisGeNET,35,C0029489,Other alopecia,,-2.9,6,4.6,30293,39,648,5,0.77,0.34,6716|10913|27123|51072|83938,SRD5A2|EDAR|DKK2|MEMO1|LRMDA,-0.57,gene
DisGeNET,35,C0154778,"Myopia, Degenerative",,-2.9,6,4.6,30293,39,648,5,0.77,0.34,5362|7078|64084|284217|389432,PLXNA2|TIMP3|CLSTN2|LAMA1|SAMD5,-0.57,gene
DisGeNET,35,C0850024,Gluten sensitivity,,-2.8,13,5.8,30293,11,648,3,0.46,0.27,3458|6647|343641,IFNG|SOD1|TGM6,-0.57,gene
DisGeNET,35,C1868596,Atypical Parkinson Disease,,-2.8,13,5.8,30293,11,648,3,0.46,0.27,6622|8867|25793,SNCA|SYNJ1|FBXO7,-0.57,gene
DisGeNET,35,C0729552,Genital infection,,-2.8,13,5.8,30293,11,648,3,0.46,0.27,2551|3458|10563,GABPA|IFNG|CXCL13,-0.57,gene
DisGeNET,35,C0523953,Cardiac troponin T measurement,,-2.8,13,5.8,30293,11,648,3,0.46,0.27,50863|56341|221935,NTM|PRMT8|SDK1,-0.57,gene
TRRUST,34,TRR00289,Regulated by: EWSR1,,-2.8,13,5.8,30293,11,648,3,0.46,0.27,885|1959|2668,CCK|EGR2|GDNF,-0.57,gene
DisGeNET,35,C0751157,FRAXE Syndrome,,-2.8,13,5.8,30293,11,648,3,0.46,0.27,351|2334|5265,APP|AFF2|SERPINA1,-0.57,gene
DisGeNET,35,C1276092,Chronic hand eczema,,-2.8,13,5.8,30293,11,648,3,0.46,0.27,2312|353143|353144,FLG|LCE3B|LCE3C,-0.57,gene
DisGeNET,35,C0262376,anxiety generalized,,-2.8,13,5.8,30293,11,648,3,0.46,0.27,351|1813|2668,APP|DRD2|GDNF,-0.57,gene
DisGeNET,35,C0276655,Infection by Aspergillus fumigatus,,-2.8,13,5.8,30293,11,648,3,0.46,0.27,3458|6441|54210,IFNG|SFTPD|TREM1,-0.57,gene
DisGeNET,35,C0202177,Phospholipid measurement,,-2.8,4.8,4.3,30293,58,648,6,0.93,0.38,3680|5137|8854|140469|220134|729993,ITGA9|PDE1C|ALDH1A2|MYO3B|SKA1|SHISA9,-0.56,gene
Cell Type Signatures,7,M40284,DESCARTES FETAL PLACENTA SYNCYTIOTROPHOBLASTS AND VILLOUS CYTOTROPHOBLASTS,,-2.8,4.1,4.1,30293,79,648,7,1.1,0.41,5596|8492|26280|55714|90768|152578|642587,MAPK4|PRSS12|IL1RAPL2|TENM3|TENM3-AS1|LINC01618|MIR205HG,-0.55,gene
Cell Type Signatures,7,M39056,MANNO MIDBRAIN NEUROTYPES HRGL3,,-2.8,2,3.4,30293,574,648,24,3.7,0.74,117|1012|2334|2890|3778|4897|5137|6657|7078|7881|8321|9201|9586|9865|30820|51072|56245|58494|83659|120114|146177|256691|341640|399949,ADCYAP1R1|CDH13|AFF2|GRIA1|KCNMA1|NRCAM|PDE1C|SOX2|TIMP3|KCNAB1|FZD1|DCLK1|CREB5|TRIL|KCNIP1|MEMO1|EPCIP|JAM2|TEKT1|FAT3|VWA3A|MAMDC2|FREM2|HOATZ,-0.54,gene
Cell Type Signatures,7,M39245,LAKE ADULT KIDNEY C26 MESANGIAL CELLS,,-2.8,2.9,3.8,30293,177,648,11,1.7,0.51,2037|5797|7078|9590|10186|23331|23500|26960|55691|83857|130507,EPB41L2|PTPRM|TIMP3|AKAP12|LHFPL6|TTC28|DAAM2|NBEA|FRMD4A|TMTC1|UBR3,-0.54,gene
Cell Type Signatures,7,M39239,LAKE ADULT KIDNEY C20 COLLECTING DUCT INTERCALATED CELLS TYPE A CORTEX,,-2.8,3.1,3.8,30293,152,648,10,1.5,0.48,5137|54622|83938|84952|93663|116449|130507|140733|220441|389432,PDE1C|ARL15|LRMDA|CGNL1|ARHGAP18|CLNK|UBR3|MACROD2|RNF152|SAMD5,-0.52,gene
Cell Type Signatures,7,M39243,LAKE ADULT KIDNEY C24 ENDOTHELIAL CELLS AEA AND DVR,,-2.8,3.1,3.8,30293,152,648,10,1.5,0.48,351|5797|7078|8224|9045|9844|23331|54622|56999|83857,APP|PTPRM|TIMP3|SYN3|RPL14|ELMO1|TTC28|ARL15|ADAMTS9|TMTC1,-0.52,gene
DisGeNET,35,C0017168,Gastroesophageal reflux disease,,-2.8,2.1,3.4,30293,446,648,20,3.1,0.68,885|2312|2551|4312|4314|4321|6334|6657|8867|8988|9568|9915|49860|50863|54067|64801|221935|440854|653509|729238,CCK|FLG|GABPA|MMP1|MMP3|MMP12|SCN8A|SOX2|SYNJ1|HSPB3|GABBR2|ARNT2|CRNN|NTM|EPCIP-AS1|ARV1|SDK1|CAPN14|SFTPA1|SFTPA2,-0.52,gene
DisGeNET,35,C0034067,Pulmonary Emphysema,,-2.8,2.3,3.5,30293,352,648,17,2.6,0.63,947|1524|2551|2740|3458|3603|4312|4319|4321|4628|5265|5670|6441|6647|7078|10563|407042,CD34|CX3CR1|GABPA|GLP1R|IFNG|IL16|MMP1|MMP10|MMP12|MYH10|SERPINA1|PSG2|SFTPD|SOD1|TIMP3|CXCL13|MIR34C,-0.52,gene
DisGeNET,35,C0031029,Periapical Granuloma,,-2.8,5.7,4.5,30293,41,648,5,0.77,0.34,947|1088|3458|4312|8988,CD34|CEACAM8|IFNG|MMP1|HSPB3,-0.51,gene
DisGeNET,35,C0004606,Nonproliferative diabetic retinopathy,,-2.8,5.7,4.5,30293,41,648,5,0.77,0.34,1124|2668|3458|5362|55801,CHN2|GDNF|IFNG|PLXNA2|IL26,-0.51,gene
DisGeNET,35,C0524662,Opiate Addiction,,-2.8,4,4.1,30293,81,648,7,1.1,0.41,1813|2890|6622|27185|149111|255239|100303453,DRD2|GRIA1|SNCA|DISC1|CNIH3|ANKK1|TSNAX-DISC1,-0.51,gene
DisGeNET,35,C0600260,"Lung Diseases, Obstructive",,-2.7,3.6,3.9,30293,104,648,8,1.2,0.43,1524|2740|4312|5265|6441|127602|653509|729238,CX3CR1|GLP1R|MMP1|SERPINA1|SFTPD|DNAH14|SFTPA1|SFTPA2,-0.5,gene
COVID,200,COVID293,RNA_Wilk_NK-cells_patient-C3_Up,,-2.7,7.5,4.8,30293,25,648,4,0.62,0.31,894|1524|3001|5341,CCND2|CX3CR1|GZMA|PLEK,-0.49,gene
DisGeNET,35,C0035204,Respiration Disorders,,-2.7,2.7,3.6,30293,208,648,12,1.9,0.53,2551|3458|4312|4319|4321|5265|5726|6441|9407|259249|653509|729238,GABPA|IFNG|MMP1|MMP10|MMP12|SERPINA1|TAS2R38|SFTPD|TMPRSS11D|MRGPRX1|SFTPA1|SFTPA2,-0.49,gene
DisGeNET,35,C0155870,Pneumonia and influenza,,-2.7,12,5.5,30293,12,648,3,0.46,0.27,2551|5265|25818,GABPA|SERPINA1|KLK5,-0.49,gene
DisGeNET,35,C0340782,Hyperplastic lymph node,,-2.7,12,5.5,30293,12,648,3,0.46,0.27,1012|1380|3458,CDH13|CR2|IFNG,-0.49,gene
Cell Type Signatures,7,M39182,HAY BONE MARROW CD34 POS HSC,,-2.7,3.3,3.8,30293,129,648,9,1.4,0.46,947|3680|6547|8091|9844|25925|81615|116159|253827,CD34|ITGA9|SLC8A3|HMGA2|ELMO1|ZNF521|TMEM163|CYYR1|MSRB3,-0.49,gene
DisGeNET,35,C0009763,Conjunctivitis,,-2.7,4,4,30293,82,648,7,1.1,0.41,238|1380|2263|2303|4312|10642|23495,ALK|CR2|FGFR2|FOXC2|MMP1|IGF2BP1|TNFRSF13B,-0.49,gene
DisGeNET,35,C0002991,Cutaneous Fibrous Histiocytoma,,-2.7,5.6,4.4,30293,42,648,5,0.77,0.34,238|947|2162|4321|406988,ALK|CD34|F13A1|MMP12|MIR205,-0.48,gene
Transcription Factor Targets,16,M14351,AFP1 Q6,,-2.7,2.4,3.5,30293,268,648,14,2.2,0.57,1012|3778|4808|9586|54766|54970|55799|64066|83938|89866|90768|140469|221895|399949,CDH13|KCNMA1|NHLH2|CREB5|BTG4|TTC12|CACNA2D3|MMP27|LRMDA|SEC16B|TENM3-AS1|MYO3B|JAZF1|HOATZ,-0.46,gene
DisGeNET,35,C0524528,Pervasive Development Disorder,,-2.7,2.3,3.4,30293,328,648,16,2.5,0.61,117|351|1012|1813|2243|2334|2668|3458|6334|6622|8128|9037|9891|57502|140733|154664,ADCYAP1R1|APP|CDH13|DRD2|FGA|AFF2|GDNF|IFNG|SCN8A|SNCA|ST8SIA2|SEMA5A|NUAK1|NLGN4X|MACROD2|ABCA13,-0.46,gene
DisGeNET,35,C0010278,Craniosynostosis,,-2.7,2,3.3,30293,488,648,21,3.2,0.7,313|947|1959|2263|2658|2740|3290|3458|3664|3778|4312|4330|5653|5726|6441|6699|6700|117156|147372|653509|729238,AOAH|CD34|EGR2|FGFR2|GDF2|GLP1R|HSD11B1|IFNG|IRF6|KCNMA1|MMP1|MN1|KLK6|TAS2R38|SFTPD|SPRR1B|SPRR2A|SCGB3A2|CCBE1|SFTPA1|SFTPA2,-0.45,gene
DisGeNET,35,C0035450,Rheumatoid Nodule,,-2.7,7.2,4.7,30293,26,648,4,0.62,0.31,3458|4312|4314|4321,IFNG|MMP1|MMP3|MMP12,-0.45,gene
PaGenBase,36,PGB:00014,Cell-specific: DRG,,-2.7,2.1,3.3,30293,456,648,20,3.1,0.68,845|885|956|2662|3001|3458|3752|7881|9201|9865|10391|10406|22844|23114|25849|27185|50486|57188|80342|138046,CASQ2|CCK|ENTPD3|GDF10|GZMA|IFNG|KCND3|KCNAB1|DCLK1|TRIL|CORO2B|WFDC2|FRMPD1|NFASC|PARM1|DISC1|G0S2|ADAMTSL3|TRAF3IP3|RALYL,-0.45,gene
DisGeNET,35,C0011608,Dermatitis Herpetiformis,,-2.7,5.4,4.3,30293,43,648,5,0.77,0.34,3458|4312|4314|4321|7053,IFNG|MMP1|MMP3|MMP12|TGM3,-0.45,gene
DisGeNET,35,C0271084,Exudative age-related macular degeneration,,-2.7,3,3.6,30293,158,648,10,1.5,0.48,1524|3458|4312|5341|5362|7078|8224|8854|10186|100507098,CX3CR1|IFNG|MMP1|PLEK|PLXNA2|TIMP3|SYN3|ALDH1A2|LHFPL6|ADAMTS9-AS2,-0.44,gene
DisGeNET,35,C0085281,Addictive Behavior,,-2.6,2.3,3.4,30293,332,648,16,2.5,0.61,117|238|1124|1813|2263|2551|2668|2740|3664|4312|4897|6657|9568|23114|149111|255239,ADCYAP1R1|ALK|CHN2|DRD2|FGFR2|GABPA|GDNF|GLP1R|IRF6|MMP1|NRCAM|SOX2|GABBR2|NFASC|CNIH3|ANKK1,-0.43,gene
Cell Type Signatures,7,M40233,DESCARTES FETAL LIVER STELLATE CELLS,,-2.6,2.9,3.6,30293,159,648,10,1.5,0.48,117|2263|4908|9037|9227|9547|23500|63876|120114|147372,ADCYAP1R1|FGFR2|NTF3|SEMA5A|LRAT|CXCL14|DAAM2|PKNOX2|FAT3|CCBE1,-0.43,gene
DisGeNET,35,C1536085,Geographic Atrophy,,-2.6,3.8,3.9,30293,85,648,7,1.1,0.41,1524|4345|5362|8224|8854|83872|100507098,CX3CR1|CD200|PLXNA2|SYN3|ALDH1A2|HMCN1|ADAMTS9-AS2,-0.43,gene
DisGeNET,35,C0740391,Middle Cerebral Artery Occlusion,,-2.6,1.9,3.2,30293,626,648,25,3.9,0.76,351|885|947|1524|1813|2551|2658|2668|2740|3458|4317|4908|6441|6523|6547|6647|6657|7498|8321|8988|9622|54209|407041|440823|100126343,APP|CCK|CD34|CX3CR1|DRD2|GABPA|GDF2|GDNF|GLP1R|IFNG|MMP8|NTF3|SFTPD|SLC5A1|SLC8A3|SOD1|SOX2|XDH|FZD1|HSPB3|KLK4|TREM2|MIR34B|MIAT|MIR874,-0.43,gene
DisGeNET,35,C0795875,Chromosome 21 monosomy,,-2.6,11,5.2,30293,13,648,3,0.46,0.27,351|571|6647,APP|BACH1|SOD1,-0.43,gene
DisGeNET,35,C4551487,Submucous cleft palate,,-2.6,11,5.2,30293,13,648,3,0.46,0.27,3664|4184|11202,IRF6|SMCP|KLK8,-0.43,gene
DisGeNET,35,C3469605,"PSEUDOHYPOALDOSTERONISM, TYPE IID",,-2.6,11,5.2,30293,13,648,3,0.46,0.27,2551|3778|26249,GABPA|KCNMA1|KLHL3,-0.43,gene
DisGeNET,35,C0730314,Chronic central serous chorioretinopathy,,-2.6,11,5.2,30293,13,648,3,0.46,0.27,3914|5362|56999,LAMB3|PLXNA2|ADAMTS9,-0.43,gene
DisGeNET,35,C0376280,"Anxiety States, Neurotic",,-2.6,5.3,4.2,30293,44,648,5,0.77,0.34,351|1813|5265|7038|27185,APP|DRD2|SERPINA1|TG|DISC1,-0.43,gene
Cell Type Signatures,7,M39172,MURARO PANCREAS EPSILON CELL,,-2.6,5.3,4.2,30293,44,648,5,0.77,0.34,5265|6690|9891|51156|389432,SERPINA1|SPINK1|NUAK1|SERPINA10|SAMD5,-0.43,gene
DisGeNET,35,C3899658,Childhood Gliosarcoma,,-2.6,5.3,4.2,30293,44,648,5,0.77,0.34,885|6657|10186|161003|341640,CCK|SOX2|LHFPL6|STOML3|FREM2,-0.43,gene
Transcription Factor Targets,16,M30327,ZNF488 TARGET GENES,,-2.6,5.3,4.2,30293,44,648,5,0.77,0.34,8854|50486|54067|94104|147372,ALDH1A2|G0S2|EPCIP-AS1|PAXBP1|CCBE1,-0.43,gene
DisGeNET,35,C1541317,Adult Gliosarcoma,,-2.6,5.3,4.2,30293,44,648,5,0.77,0.34,885|6657|10186|161003|341640,CCK|SOX2|LHFPL6|STOML3|FREM2,-0.43,gene
DisGeNET,35,C2350236,Idiopathic Interstitial Pneumonias,,-2.6,4.4,4,30293,64,648,6,0.93,0.38,947|3458|6441|10563|653509|729238,CD34|IFNG|SFTPD|CXCL13|SFTPA1|SFTPA2,-0.43,gene
DisGeNET,35,C0029182,orbit (eye disorders),,-2.6,4.4,4,30293,64,648,6,0.93,0.38,947|2263|3458|4014|7038|7498,CD34|FGFR2|IFNG|LORICRIN|TG|XDH,-0.43,gene
DisGeNET,35,C0007570,Celiac Disease,,-2.6,2,3.3,30293,527,648,22,3.4,0.71,238|885|947|1380|1524|1769|2740|3458|4312|4314|4321|5265|5341|5588|6647|6690|7038|8988|9227|9844|60468|343641,ALK|CCK|CD34|CR2|CX3CR1|DNAH8|GLP1R|IFNG|MMP1|MMP3|MMP12|SERPINA1|PLEK|PRKCQ|SOD1|SPINK1|TG|HSPB3|LRAT|ELMO1|BACH2|TGM6,-0.43,gene
DisGeNET,35,C3899403,Decreased Concentration,,-2.6,6.9,4.6,30293,27,648,4,0.62,0.31,351|634|3458|27185,APP|CEACAM1|IFNG|DISC1,-0.43,gene
DisGeNET,35,C0178879,Urinary tract obstruction,,-2.6,6.9,4.6,30293,27,648,4,0.62,0.31,4314|4317|6716|9622,MMP3|MMP8|SRD5A2|KLK4,-0.43,gene
Cell Type Signatures,7,M39248,LAKE ADULT KIDNEY C29 UNKNOWN NOVEL PT CFH POS SUBPOPULATION S2,,-2.6,3.8,3.9,30293,86,648,7,1.1,0.41,8854|23331|55691|55714|79623|83992|140733,ALDH1A2|TTC28|FRMD4A|TENM3|GALNT14|CTTNBP2|MACROD2,-0.43,gene
Cell Type Signatures,7,M39052,MANNO MIDBRAIN NEUROTYPES HOPC,,-2.6,2.2,3.3,30293,366,648,17,2.6,0.63,117|460|894|5137|6657|9465|9568|9586|10215|30820|50863|57795|81563|116448|285195|347689|375061,ADCYAP1R1|ASTN1|CCND2|PDE1C|SOX2|AKAP7|GABBR2|CREB5|OLIG2|KCNIP1|NTM|BRINP2|C1orf21|OLIG1|SLC9A9|SOX2-OT|FAM89A,-0.43,gene
Cell Type Signatures,7,M39065,MANNO MIDBRAIN NEUROTYPES HRN,,-2.6,2.2,3.4,30293,335,648,16,2.5,0.61,4808|8492|9201|23114|23426|51555|57502|57578|57586|57795|81563|84867|138046|389432|440823|100505385,NHLH2|PRSS12|DCLK1|NFASC|GRIP1|PEX5L|NLGN4X|UNC79|SYT13|BRINP2|C1orf21|PTPN5|RALYL|SAMD5|MIAT|IQCJ-SCHIP1,-0.43,gene
DisGeNET,35,C0042834,Vital capacity,,-2.6,2.1,3.3,30293,430,648,19,2.9,0.66,8935|9586|9638|9671|10913|26059|54622|55799|56981|57188|79783|83872|83938|221895|253827|285456|400359|644861|100129961,SKAP2|CREB5|FEZ1|WSCD2|EDAR|ERC2|ARL15|CACNA2D3|PRDM11|ADAMTSL3|SUGCT|HMCN1|LRMDA|JAZF1|MSRB3|RPL34-DT|LINC02694|NBPF13P|CCNT2-AS1,-0.43,gene
DisGeNET,35,C1270972,Mild cognitive disorder,,-2.6,2.1,3.3,30293,430,648,19,2.9,0.66,351|885|1378|1813|2551|2668|2740|4908|5362|6334|6622|6647|8867|10913|11202|51072|54209|54210|221458,APP|CCK|CR1|DRD2|GABPA|GDNF|GLP1R|NTF3|PLXNA2|SCN8A|SNCA|SOD1|SYNJ1|EDAR|KLK8|MEMO1|TREM2|TREM1|KIF6,-0.43,gene
DisGeNET,35,C0024115,Lung diseases,,-2.6,1.8,3.2,30293,700,648,27,4.2,0.78,238|1524|2551|2668|3001|3458|3603|4312|4317|4321|4628|5265|5362|5670|6340|6441|6657|7078|9547|23643|50863|51176|51701|79192|89781|653509|729238,ALK|CX3CR1|GABPA|GDNF|GZMA|IFNG|IL16|MMP1|MMP8|MMP12|MYH10|SERPINA1|PLXNA2|PSG2|SCNN1G|SFTPD|SOX2|TIMP3|CXCL14|LY96|NTM|LEF1|NLK|IRX1|HPS4|SFTPA1|SFTPA2,-0.42,gene
PaGenBase,36,PGB:00059,Cell-specific: Testis Germ Cell,,-2.6,3.8,3.8,30293,87,648,7,1.1,0.41,10816|57119|58494|84417|93034|140870|100526794,SPINT3|EPPIN|JAM2|ECRG4|NT5C1B|WFDC6|NT5C1B-RDH14,-0.41,gene
DisGeNET,35,C0476227,pricking of skin,,-2.6,4.3,4,30293,65,648,6,0.93,0.38,2312|3906|6441|406988|653509|729238,FLG|LALBA|SFTPD|MIR205|SFTPA1|SFTPA2,-0.41,gene
DisGeNET,35,C0001956,Alcohol Use Disorder,,-2.6,2.6,3.4,30293,218,648,12,1.9,0.53,238|1813|2668|2740|3458|4908|5726|6622|7498|54970|58504|255239,ALK|DRD2|GDNF|GLP1R|IFNG|NTF3|TAS2R38|SNCA|XDH|TTC12|ARHGAP22|ANKK1,-0.41,gene
DisGeNET,35,C0038586,Substance Use Disorders,,-2.6,2.6,3.4,30293,218,648,12,1.9,0.53,1012|1769|1813|2740|4897|5137|9465|9547|27185|55691|83938|140733,CDH13|DNAH8|DRD2|GLP1R|NRCAM|PDE1C|AKAP7|CXCL14|DISC1|FRMD4A|LRMDA|MACROD2,-0.41,gene
Transcription Factor Targets,16,M8474,CEBPDELTA Q6,,-2.6,2.5,3.4,30293,247,648,13,2,0.55,894|4756|4762|6699|7078|9586|50486|54970|55799|151888|221935|284366|400658,CCND2|NEO1|NEUROG1|SPRR1B|TIMP3|CREB5|G0S2|TTC12|CACNA2D3|BTLA|SDK1|KLK9|ZNF516-DT,-0.41,gene
DisGeNET,35,C0003857,Congenital arteriovenous malformation,,-2.6,2.9,3.5,30293,163,648,10,1.5,0.48,947|2303|2658|2702|3458|4314|6622|6657|27302|147372,CD34|FOXC2|GDF2|GJA5|IFNG|MMP3|SNCA|SOX2|BMP10|CCBE1,-0.41,gene
DisGeNET,35,C0752101,"Parkinsonism, Experimental",,-2.5,6.7,4.4,30293,28,648,4,0.62,0.31,1813|2668|6622|8854,DRD2|GDNF|SNCA|ALDH1A2,-0.41,gene
DisGeNET,35,C0242423,Ramsay Hunt Paralysis Syndrome,,-2.5,6.7,4.4,30293,28,648,4,0.62,0.31,1813|2668|6622|8854,DRD2|GDNF|SNCA|ALDH1A2,-0.41,gene
DisGeNET,35,C0231688,"Gait, Shuffling",,-2.5,6.7,4.4,30293,28,648,4,0.62,0.31,6622|6647|8867|25793,SNCA|SOD1|SYNJ1|FBXO7,-0.41,gene
PaGenBase,36,PGB:00071,Cell-specific: Vaginal Epithelial,,-2.5,6.7,4.4,30293,28,648,4,0.62,0.31,5650|6702|6707|26085,KLK7|SPRR2C|SPRR3|KLK13,-0.41,gene
DisGeNET,35,C0752097,Autosomal Dominant Juvenile Parkinson Disease,,-2.5,6.7,4.4,30293,28,648,4,0.62,0.31,1813|2668|6622|8854,DRD2|GDNF|SNCA|ALDH1A2,-0.41,gene
DisGeNET,35,C0752104,Familial Juvenile Parkinsonism,,-2.5,6.7,4.4,30293,28,648,4,0.62,0.31,1813|2668|6622|8854,DRD2|GDNF|SNCA|ALDH1A2,-0.41,gene
DisGeNET,35,C0042029,Urinary tract infection,,-2.5,2.6,3.4,30293,219,648,12,1.9,0.53,2740|3778|4312|4321|6340|6441|6647|10642|23643|54210|653509|729238,GLP1R|KCNMA1|MMP1|MMP12|SCNN1G|SFTPD|SOD1|IGF2BP1|LY96|TREM1|SFTPA1|SFTPA2,-0.41,gene
Transcription Factor Targets,16,M4468,FOXM1 01,,-2.5,2.5,3.4,30293,248,648,13,2,0.55,460|845|1124|3290|4330|4762|4808|8854|9586|83872|130013|138046|144110,ASTN1|CASQ2|CHN2|HSD11B1|MN1|NEUROG1|NHLH2|ALDH1A2|CREB5|HMCN1|ACMSD|RALYL|TMEM86A,-0.41,gene
DisGeNET,35,C3463897,"HYDATIDIFORM MOLE, RECURRENT, 1",,-2.5,4.2,3.9,30293,66,648,6,0.93,0.38,5673|5675|6657|7078|440533|653492,PSG5|PSG6|SOX2|TIMP3|PSG8|PSG10P,-0.4,gene
DisGeNET,35,C0279628,Adenocarcinoma Of Esophagus,,-2.5,2,3.2,30293,468,648,20,3.1,0.68,885|1012|3458|4312|4314|4321|5670|6657|7078|7367|8091|8854|8988|9201|9590|9844|23111|90139|406940|406988,CCK|CDH13|IFNG|MMP1|MMP3|MMP12|PSG2|SOX2|TIMP3|UGT2B17|HMGA2|ALDH1A2|HSPB3|DCLK1|AKAP12|ELMO1|SPART|TSPAN18|MIR148A|MIR205,-0.4,gene
DisGeNET,35,C0002893,Refractory anemias,,-2.5,2.2,3.3,30293,340,648,16,2.5,0.61,947|1813|2668|2740|2890|3458|4312|4314|4336|5948|8854|9227|10563|27302|50486|54210,CD34|DRD2|GDNF|GLP1R|GRIA1|IFNG|MMP1|MMP3|MOBP|RBP2|ALDH1A2|LRAT|CXCL13|BMP10|G0S2|TREM1,-0.4,gene
Transcription Factor Targets,16,M14593,HNF1 C,,-2.5,2.4,3.4,30293,249,648,13,2,0.55,366|2162|2243|4756|5314|6523|6690|9227|26085|51156|122042|132671|221833,AQP9|F13A1|FGA|NEO1|PKHD1|SLC5A1|SPINK1|LRAT|KLK13|SERPINA10|RXFP2|SPATA18|SP8,-0.4,gene
DisGeNET,35,C1519383,Smoking Behaviors,,-2.5,2.4,3.4,30293,249,648,13,2,0.55,1012|5137|5265|7038|9037|25924|57188|64084|79783|92291|221895|100505385|100507098,CDH13|PDE1C|SERPINA1|TG|SEMA5A|MYRIP|ADAMTSL3|CLSTN2|SUGCT|CAPN13|JAZF1|IQCJ-SCHIP1|ADAMTS9-AS2,-0.4,gene
Cell Type Signatures,7,M40299,DESCARTES FETAL STOMACH SQUAMOUS EPITHELIAL CELLS,,-2.5,4.2,3.9,30293,67,648,6,0.93,0.38,6707|79623|132724|339967|401136|440854,SPRR3|GALNT14|TMPRSS11B|TMPRSS11A|TMPRSS11BNL|CAPN14,-0.38,gene
DisGeNET,35,C1868675,"PARKINSON DISEASE 2, AUTOSOMAL RECESSIVE JUVENILE",,-2.5,4.2,3.9,30293,67,648,6,0.93,0.38,1813|2668|6622|8854|8867|25793,DRD2|GDNF|SNCA|ALDH1A2|SYNJ1|FBXO7,-0.38,gene
Cell Type Signatures,7,M39019,FAN EMBRYONIC CTX BIG GROUPS EXCITATORY NEURON,,-2.5,5,4,30293,47,648,5,0.77,0.34,5362|6503|63974|147372|440823,PLXNA2|SLA|NEUROD6|CCBE1|MIAT,-0.37,gene
DisGeNET,35,C3665349,Secondary hypothyroidism,,-2.5,5,4,30293,47,648,5,0.77,0.34,2692|6647|6657|9915|347689,GHRHR|SOD1|SOX2|ARNT2|SOX2-OT,-0.37,gene
Cell Type Signatures,7,M39054,MANNO MIDBRAIN NEUROTYPES HRGL2B,,-2.5,2,3.2,30293,440,648,19,2.9,0.66,117|1012|1959|2334|2890|5137|6657|7078|9465|9568|9586|9865|57502|58494|79192|90139|120114|146177|347689,ADCYAP1R1|CDH13|EGR2|AFF2|GRIA1|PDE1C|SOX2|TIMP3|AKAP7|GABBR2|CREB5|TRIL|NLGN4X|JAM2|IRX1|TSPAN18|FAT3|VWA3A|SOX2-OT,-0.37,gene
Transcription Factor Targets,16,M6136,HNF3B 01,,-2.5,2.5,3.4,30293,223,648,12,1.9,0.53,1124|1959|3937|6657|25925|27023|54544|55691|90768|163778|221833|285668,CHN2|EGR2|LCP2|SOX2|ZNF521|FOXB1|CRCT1|FRMD4A|TENM3-AS1|SPRR4|SP8|LINC03122,-0.37,gene
DisGeNET,35,C0349204,Nonorganic psychosis,,-2.5,2.1,3.2,30293,376,648,17,2.6,0.63,885|947|1813|2263|2740|2890|2900|3458|5596|6647|8935|9638|10215|11280|26011|27185|221833,CCK|CD34|DRD2|FGFR2|GLP1R|GRIA1|GRIK4|IFNG|MAPK4|SOD1|SKAP2|FEZ1|OLIG2|SCN11A|TENM4|DISC1|SP8,-0.36,gene
DisGeNET,35,C0393734,Complex Partial Status Epilepticus,,-2.5,4.1,3.8,30293,68,648,6,0.93,0.38,1237|2668|3778|4908|6334|6547,CCR8|GDNF|KCNMA1|NTF3|SCN8A|SLC8A3,-0.36,gene
DisGeNET,35,C0751524,Simple Partial Status Epilepticus,,-2.5,4.1,3.8,30293,68,648,6,0.93,0.38,1237|2668|3778|4908|6334|6547,CCR8|GDNF|KCNMA1|NTF3|SCN8A|SLC8A3,-0.36,gene
DisGeNET,35,C4083212,"Alopecia, Male Pattern",,-2.5,3.6,3.7,30293,91,648,7,1.1,0.41,947|4345|6716|10913|27123|51072|83938,CD34|CD200|SRD5A2|EDAR|DKK2|MEMO1|LRMDA,-0.35,gene
Transcription Factor Targets,16,M13600,OCT1 07,,-2.5,2.8,3.4,30293,168,648,10,1.5,0.48,2263|4756|5218|6503|7053|27023|55691|63974|221895|399949,FGFR2|NEO1|CDK14|SLA|TGM3|FOXB1|FRMD4A|NEUROD6|JAZF1|HOATZ,-0.35,gene
DisGeNET,35,C0751522,"Status Epilepticus, Subclinical",,-2.4,4.1,3.8,30293,69,648,6,0.93,0.38,1237|2668|3778|4908|6334|6547,CCR8|GDNF|KCNMA1|NTF3|SCN8A|SLC8A3,-0.34,gene
DisGeNET,35,C0013990,Pathological accumulation of air in tissues,,-2.4,4.1,3.8,30293,69,648,6,0.93,0.38,1380|2263|3458|5265|6340|23495,CR2|FGFR2|IFNG|SERPINA1|SCNN1G|TNFRSF13B,-0.34,gene
Cell Type Signatures,7,M40275,DESCARTES FETAL PLACENTA PAEP MECOM POSITIVE CELLS,,-2.4,2.8,3.4,30293,169,648,10,1.5,0.48,3914|5314|5655|7364|10406|79623|130013|146177|285780|389170,LAMB3|PKHD1|KLK10|UGT2B7|WFDC2|GALNT14|ACMSD|VWA3A|LY86-AS1|LEKR1,-0.34,gene
DisGeNET,35,C4509816,Squamous non-small cell lung cancer,,-2.4,6.2,4.2,30293,30,648,4,0.62,0.31,238|2668|6657|8988,ALK|GDNF|SOX2|HSPB3,-0.34,gene
DisGeNET,35,C0751088,"Dyskinesia, Medication-Induced",,-2.4,9.3,4.8,30293,15,648,3,0.46,0.27,885|1813|2668,CCK|DRD2|GDNF,-0.34,gene
DisGeNET,35,C0079294,Epidermolysis Bullosa Dystrophica,,-2.4,9.3,4.8,30293,15,648,3,0.46,0.27,3458|4312|23426,IFNG|MMP1|GRIP1,-0.34,gene
DisGeNET,35,C4023721,Abnormal hair pattern,,-2.4,9.3,4.8,30293,15,648,3,0.46,0.27,23426|80144|341640,GRIP1|FRAS1|FREM2,-0.34,gene
Cell Type Signatures,7,M40246,DESCARTES FETAL LUNG BRONCHIOLAR AND ALVEOLAR EPITHELIAL CELLS,,-2.4,4,3.7,30293,70,648,6,0.93,0.38,2263|5314|7364|84451|257202|389058,FGFR2|PKHD1|UGT2B7|MAP3K21|GPX6|SP5,-0.32,gene
DisGeNET,35,C0600427,Cocaine Dependence,,-2.4,2.6,3.3,30293,199,648,11,1.7,0.51,157|1769|1813|2668|2890|6622|55714|57586|253573|255239|406929,GRK3|DNAH8|DRD2|GDNF|GRIA1|SNCA|TENM3|SYT13|LINC02052|ANKK1|MIR138-1,-0.31,gene
DisGeNET,35,C3839280,High grade serous carcinoma,,-2.4,3.2,3.5,30293,118,648,8,1.2,0.43,238|2590|6657|8091|51176|79623|83872|574515,ALK|GALNT2|SOX2|HMGA2|LEF1|GALNT14|HMCN1|MIR510,-0.31,gene
Transcription Factor Targets,16,M8376,MEIS1BHOXA9 01,,-2.4,2.9,3.4,30293,144,648,9,1.4,0.46,1012|1124|5218|8128|27023|54970|57578|149111|349565,CDH13|CHN2|CDK14|ST8SIA2|FOXB1|TTC12|UNC79|CNIH3|NMNAT3,-0.31,gene
DisGeNET,35,C0338908,Mixed anxiety and depressive disorder,,-2.4,2.9,3.4,30293,145,648,9,1.4,0.46,1813|2900|3290|4184|5362|6647|84867|259249|284217,DRD2|GRIK4|HSD11B1|SMCP|PLXNA2|SOD1|PTPN5|MRGPRX1|LAMA1,-0.3,gene
DisGeNET,35,C3542025,"AMYOTROPHIC LATERAL SCLEROSIS 1, AUTOSOMAL RECESSIVE",,-2.4,6,4.1,30293,31,648,4,0.62,0.31,3680|4336|6647|285195,ITGA9|MOBP|SOD1|SLC9A9,-0.3,gene
Cell Type Signatures,7,M41661,TRAVAGLINI LUNG SIGNALING ALVEOLAR EPITHELIAL TYPE 2 CELL,,-2.4,4,3.7,30293,71,648,6,0.93,0.38,6441|25849|81563|200504|653509|729238,SFTPD|PARM1|C1orf21|GKN2|SFTPA1|SFTPA2,-0.3,gene
DisGeNET,35,C0751523,Non-Convulsive Status Epilepticus,,-2.4,4,3.7,30293,71,648,6,0.93,0.38,1237|2668|3778|4908|6334|6547,CCR8|GDNF|KCNMA1|NTF3|SCN8A|SLC8A3,-0.3,gene
Transcription Factor Targets,16,M4153,PXR Q2,,-2.4,2.3,3.2,30293,260,648,13,2,0.55,351|1959|5362|8492|8854|9586|26085|51701|83938|84890|93663|149111|221833,APP|EGR2|PLXNA2|PRSS12|ALDH1A2|CREB5|KLK13|NLK|LRMDA|ADO|ARHGAP18|CNIH3|SP8,-0.3,gene
Transcription Factor Targets,16,M3651,PBX1 01,,-2.4,2.3,3.2,30293,260,648,13,2,0.55,366|894|4808|9638|10406|49860|51176|51701|55799|57172|64968|83938|138046,AQP9|CCND2|NHLH2|FEZ1|WFDC2|CRNN|LEF1|NLK|CACNA2D3|CAMK1G|MRPS6|LRMDA|RALYL,-0.3,gene
DisGeNET,35,C1392786,Cognitive changes,,-2.4,4.7,3.8,30293,50,648,5,0.77,0.34,351|3290|5362|6647|27185,APP|HSD11B1|PLXNA2|SOD1|DISC1,-0.3,gene
DisGeNET,35,C1281901,Fatty acid measurement,,-2.4,4.7,3.8,30293,50,648,5,0.77,0.34,2590|5137|10186|140469|729993,GALNT2|PDE1C|LHFPL6|MYO3B|SHISA9,-0.3,gene
Cell Type Signatures,7,M40104,DESCARTES MAIN FETAL EPICARDIAL FAT CELLS,,-2.4,4.7,3.8,30293,50,648,5,0.77,0.34,366|5650|6701|25818|283867,AQP9|KLK7|SPRR2B|KLK5|LINC00922,-0.3,gene
DisGeNET,35,C0014556,"Epilepsy, Temporal Lobe",,-2.4,2.1,3.1,30293,354,648,16,2.5,0.61,351|366|793|885|1769|1959|2740|2890|4314|6334|6647|6657|9568|10563|11202|51555,APP|AQP9|CALB1|CCK|DNAH8|EGR2|GLP1R|GRIA1|MMP3|SCN8A|SOD1|SOX2|GABBR2|CXCL13|KLK8|PEX5L,-0.29,gene
DisGeNET,35,C0234376,Action Tremor,,-2.4,3.4,3.5,30293,95,648,7,1.1,0.41,6334|6622|23114|25793|26011|200403|343641,SCN8A|SNCA|NFASC|FBXO7|TENM4|VWA3B|TGM6,-0.29,gene
Cell Type Signatures,7,M40260,DESCARTES FETAL MUSCLE LYMPHOID CELLS,,-2.4,3.1,3.4,30293,120,648,8,1.2,0.43,3|2900|3001|10125|51176|57665|84433|154075,A2MP1|GRIK4|GZMA|RASGRP1|LEF1|RDH14|CARD11|SAMD3,-0.29,gene
DisGeNET,35,C2220255,Motor disturbances,,-2.4,8.8,4.6,30293,16,648,3,0.46,0.27,6334|6622|6647,SCN8A|SNCA|SOD1,-0.29,gene
Transcription Factor Targets,16,M29959,ERCC8 TARGET GENES,,-2.4,8.8,4.6,30293,16,648,3,0.46,0.27,54067|94104|100507608,EPCIP-AS1|PAXBP1|KRTAP9-6,-0.29,gene
DisGeNET,35,C1456687,Polio and Post-Polio Syndrome,,-2.4,8.8,4.6,30293,16,648,3,0.46,0.27,3458|3664|25793,IFNG|IRF6|FBXO7,-0.29,gene
DisGeNET,35,C4317045,Gluten intolerance,,-2.4,8.8,4.6,30293,16,648,3,0.46,0.27,3458|6647|343641,IFNG|SOD1|TGM6,-0.29,gene
DisGeNET,35,C4025329,Abnormality of the anus,,-2.4,8.8,4.6,30293,16,648,3,0.46,0.27,4312|80144|341640,MMP1|FRAS1|FREM2,-0.29,gene
DisGeNET,35,C0236736,Cocaine-Related Disorders,,-2.3,3.1,3.4,30293,121,648,8,1.2,0.43,1769|1813|2668|2890|6622|55714|57586|406929,DNAH8|DRD2|GDNF|GRIA1|SNCA|TENM3|SYT13|MIR138-1,-0.28,gene
Transcription Factor Targets,16,M1328,WTGAAAT UNKNOWN,,-2.3,1.8,3,30293,625,648,24,3.7,0.74,3290|4330|4628|5726|6334|6547|6657|8091|8854|9201|10186|11082|23601|26960|50486|54970|63974|80209|81563|90768|122042|221895|339967|400658,HSD11B1|MN1|MYH10|TAS2R38|SCN8A|SLC8A3|SOX2|HMGA2|ALDH1A2|DCLK1|LHFPL6|ESM1|CLEC5A|NBEA|G0S2|TTC12|NEUROD6|PROSER1|C1orf21|TENM3-AS1|RXFP2|JAZF1|TMPRSS11A|ZNF516-DT,-0.28,gene
DisGeNET,35,C0027813,Neuritis,,-2.3,5.8,4.1,30293,32,648,4,0.62,0.31,351|3458|4756|54210,APP|IFNG|NEO1|TREM1,-0.28,gene
DisGeNET,35,C0751217,"Hyperkinesia, Generalized",,-2.3,5.8,4.1,30293,32,648,4,0.62,0.31,885|1813|2890|27185,CCK|DRD2|GRIA1|DISC1,-0.28,gene
DisGeNET,35,C0523677,Glycine measurement,,-2.3,5.8,4.1,30293,32,648,4,0.62,0.31,366|2266|8854|54622,AQP9|FGG|ALDH1A2|ARL15,-0.28,gene
DisGeNET,35,C0007820,Cerebrovascular Disorders,,-2.3,2.4,3.2,30293,233,648,12,1.9,0.53,351|1524|2162|2243|2551|2740|4312|4314|4321|6622|9622|54209,APP|CX3CR1|F13A1|FGA|GABPA|GLP1R|MMP1|MMP3|MMP12|SNCA|KLK4|TREM2,-0.28,gene
DisGeNET,35,C2937358,Cerebral Hemorrhage,,-2.3,3.1,3.4,30293,122,648,8,1.2,0.43,351|2162|2243|2266|2658|2668|4314|4321,APP|F13A1|FGA|FGG|GDF2|GDNF|MMP3|MMP12,-0.26,gene
Cell Type Signatures,7,M39063,MANNO MIDBRAIN NEUROTYPES HNBM,,-2.3,2.2,3.1,30293,295,648,14,2.2,0.57,1124|4808|6334|8128|9201|10842|23114|51555|63974|81615|147372|347252|389432|440823,CHN2|NHLH2|SCN8A|ST8SIA2|DCLK1|PPP1R17|NFASC|PEX5L|NEUROD6|TMEM163|CCBE1|IGFBPL1|SAMD5|MIAT,-0.26,gene
DisGeNET,35,C0149516,Chronic sinusitis,,-2.3,2.5,3.2,30293,205,648,11,1.7,0.51,313|1959|3290|3458|3603|4312|5265|5726|6441|117156|653509,AOAH|EGR2|HSD11B1|IFNG|IL16|MMP1|SERPINA1|TAS2R38|SFTPD|SCGB3A2|SFTPA1,-0.26,gene
Transcription Factor Targets,16,M40818,ZNF680 TARGET GENES,,-2.3,1.8,2.9,30293,631,648,24,3.7,0.74,571|2037|6647|7074|7978|8128|8935|9586|10694|26046|26059|26249|54067|55617|55799|79783|80342|94104|121551|348327|389170|400643|414212|100288413,BACH1|EPB41L2|SOD1|TIAM1|MTERF1|ST8SIA2|SKAP2|CREB5|CCT8|LTN1|ERC2|KLHL3|EPCIP-AS1|TASP1|CACNA2D3|SUGCT|TRAF3IP3|PAXBP1|ABTB3|ZNF530|LEKR1|LINC00668|GLUD1P2|ERVMER34-1,-0.24,gene
DisGeNET,35,C0018524,Hallucinations,,-2.3,2.6,3.2,30293,178,648,10,1.5,0.48,351|885|1813|2890|6334|6622|6647|22891|23111|54209,APP|CCK|DRD2|GRIA1|SCN8A|SNCA|SOD1|ZNF365|SPART|TREM2,-0.24,gene
Cell Type Signatures,7,M40135,DESCARTES MAIN FETAL IGFBP1 DKK1 POSITIVE CELLS,,-2.3,2.6,3.2,30293,178,648,10,1.5,0.48,3|3290|8224|9435|64066|64968|375061|389033|729085|100499405,A2MP1|HSD11B1|SYN3|CHST2|MMP27|MRPS6|FAM89A|PLAC9P1|GASK1A|LINC00987,-0.24,gene
Cell Type Signatures,7,M40288,DESCARTES FETAL SPLEEN LYMPHOID CELLS,,-2.3,3,3.3,30293,124,648,8,1.2,0.43,1380|10125|23495|51176|84433|154075|285780|100130231,CR2|RASGRP1|TNFRSF13B|LEF1|CARD11|SAMD3|LY86-AS1|LINC00861,-0.23,gene
DisGeNET,35,C0039841,Thiamine Deficiency,,-2.3,8.2,4.4,30293,17,648,3,0.46,0.27,351|5265|148641,APP|SERPINA1|SLC35F3,-0.23,gene
TRRUST,34,TRR00646,Regulated by: JUNB,,-2.3,8.2,4.4,30293,17,648,3,0.46,0.27,3713|4014|6441,IVL|LORICRIN|SFTPD,-0.23,gene
DisGeNET,35,C0019342,Genital Herpes,,-2.3,8.2,4.4,30293,17,648,3,0.46,0.27,2551|3458|83992,GABPA|IFNG|CTTNBP2,-0.23,gene
Cell Type Signatures,7,M40187,DESCARTES FETAL EYE MICROGLIA,,-2.3,2.8,3.3,30293,151,648,9,1.4,0.46,313|1524|2162|5341|9938|58504|80342|84433|285195,AOAH|CX3CR1|F13A1|PLEK|ARHGAP25|ARHGAP22|TRAF3IP3|CARD11|SLC9A9,-0.23,gene
DisGeNET,35,C0236807,Amphetamine Abuse,,-2.3,3.7,3.5,30293,75,648,6,0.93,0.38,313|1012|1813|2668|6622|81501,AOAH|CDH13|DRD2|GDNF|SNCA|DCSTAMP,-0.23,gene
DisGeNET,35,C0311335,Grand Mal Status Epilepticus,,-2.3,3.7,3.5,30293,75,648,6,0.93,0.38,1237|2668|3778|4908|6334|6547,CCR8|GDNF|KCNMA1|NTF3|SCN8A|SLC8A3,-0.23,gene
DisGeNET,35,C0349566,Squamous cell carcinoma of tongue,,-2.3,1.9,3,30293,462,648,19,2.9,0.66,634|885|2303|3458|4312|4317|5596|6523|6657|6700|8091|8988|9547|10642|55691|79192|440823|574514|100507098,CEACAM1|CCK|FOXC2|IFNG|MMP1|MMP8|MAPK4|SLC5A1|SOX2|SPRR2A|HMGA2|HSPB3|CXCL14|IGF2BP1|FRMD4A|IRX1|MIAT|MIR509-1|ADAMTS9-AS2,-0.23,gene
DisGeNET,35,C0542476,Forgetful,,-2.3,2,3,30293,429,648,18,2.8,0.65,351|793|1524|2551|2740|2890|3458|4908|6334|6547|6622|6647|6700|7074|11202|54209|84867|407042,APP|CALB1|CX3CR1|GABPA|GLP1R|GRIA1|IFNG|NTF3|SCN8A|SLC8A3|SNCA|SOD1|SPRR2A|TIAM1|KLK8|TREM2|PTPN5|MIR34C,-0.22,gene
Cell Type Signatures,7,M40232,DESCARTES FETAL LIVER LYMPHOID CELLS,,-2.3,3,3.3,30293,125,648,8,1.2,0.43,2900|3001|10125|51176|60468|84433|641518|100130231,GRIK4|GZMA|RASGRP1|LEF1|BACH2|CARD11|LEF1-AS1|LINC00861,-0.22,gene
Cell Type Signatures,7,M39057,MANNO MIDBRAIN NEUROTYPES HRGL1,,-2.3,2.1,3,30293,364,648,16,2.5,0.61,1124|6657|8321|9586|10186|26011|55714|56245|58494|83659|85463|90139|120114|146177|341640|399949,CHN2|SOX2|FZD1|CREB5|LHFPL6|TENM4|TENM3|EPCIP|JAM2|TEKT1|ZC3H12C|TSPAN18|FAT3|VWA3A|FREM2|HOATZ,-0.22,gene
PaGenBase,36,PGB:00041,Tissue-specific: Blood,,-2.2,2.3,3.1,30293,239,648,12,1.9,0.53,313|366|571|3001|3937|5341|8935|9938|10154|23643|54210|56911,AOAH|AQP9|BACH1|GZMA|LCP2|PLEK|SKAP2|ARHGAP25|PLXNC1|LY96|TREM1|MAP3K7CL,-0.22,gene
Transcription Factor Targets,16,M30173,SOX10 TARGET GENES,,-2.2,2.2,3,30293,301,648,14,2.2,0.57,3914|4317|7881|9276|9465|9590|23007|25793|57188|79745|83992|285668|401164|550112,LAMB3|MMP8|KCNAB1|COPB2|AKAP7|AKAP12|PLCH1|FBXO7|ADAMTSL3|CLIP4|CTTNBP2|LINC03122|LINC01060|UBA6-DT,-0.21,gene
DisGeNET,35,C0752098,Autosomal Dominant Parkinsonism,,-2.2,5.5,3.9,30293,34,648,4,0.62,0.31,1813|2668|6622|8854,DRD2|GDNF|SNCA|ALDH1A2,-0.21,gene
DisGeNET,35,C1739135,Progression of prostate cancer,,-2.2,2,3,30293,398,648,17,2.6,0.63,2263|2551|2658|2692|3458|4312|6657|6690|6716|8091|8988|9073|9622|51701|57599|220134|221935,FGFR2|GABPA|GDF2|GHRHR|IFNG|MMP1|SOX2|SPINK1|SRD5A2|HMGA2|HSPB3|CLDN8|KLK4|NLK|WDR48|SKA1|SDK1,-0.21,gene
Cell Type Signatures,7,M39109,AIZARANI LIVER C5 NK NKT CELLS 3,,-2.2,3,3.3,30293,126,648,8,1.2,0.43,313|894|3001|3003|3458|5341|6503|9760,AOAH|CCND2|GZMA|GZMK|IFNG|PLEK|SLA|TOX,-0.21,gene
Cell Type Signatures,7,M39236,LAKE ADULT KIDNEY C17 COLLECTING SYSTEM PCS STRESSED DISSOC SUBSET,,-2.2,2.3,3.1,30293,240,648,12,1.9,0.53,571|7078|9760|23426|51701|54622|60468|80144|138046|140733|221935|100507098,BACH1|TIMP3|TOX|GRIP1|NLK|ARL15|BACH2|FRAS1|RALYL|MACROD2|SDK1|ADAMTS9-AS2,-0.21,gene
DisGeNET,35,C3489413,"Lipomatosis, Multiple",,-2.2,4.3,3.6,30293,54,648,5,0.77,0.34,947|2668|8091|10186|253827,CD34|GDNF|HMGA2|LHFPL6|MSRB3,-0.21,gene
DisGeNET,35,C0741281,atrial fibrillation new onset,,-2.2,7.8,4.3,30293,18,648,3,0.46,0.27,3458|8972|50863,IFNG|MGAM|NTM,-0.19,gene
DisGeNET,35,C0268251,"Gaucher Disease, Type 3 (disorder)",,-2.2,7.8,4.3,30293,18,648,3,0.46,0.27,351|947|6622,APP|CD34|SNCA,-0.19,gene
TRRUST,34,TRR01280,Regulated by: STAT5A,,-2.2,7.8,4.3,30293,18,648,3,0.46,0.27,894|3458|5669,CCND2|IFNG|PSG1,-0.19,gene
DisGeNET,35,C0871099,positive and negative symptoms,,-2.2,7.8,4.3,30293,18,648,3,0.46,0.27,1813|8935|27185,DRD2|SKAP2|DISC1,-0.19,gene
DisGeNET,35,C0009241,Cognition Disorders,,-2.2,1.8,2.8,30293,606,648,23,3.5,0.73,117|351|793|1524|1813|2334|2551|2658|2890|3458|4345|6334|6622|6647|8867|9037|10215|27185|50810|54209|84867|259249|653509,ADCYAP1R1|APP|CALB1|CX3CR1|DRD2|AFF2|GABPA|GDF2|GRIA1|IFNG|CD200|SCN8A|SNCA|SOD1|SYNJ1|SEMA5A|OLIG2|DISC1|HDGFL3|TREM2|PTPN5|MRGPRX1|SFTPA1,-0.19,gene
DisGeNET,35,C1334699,Mesenchymal Cell Neoplasm,,-2.2,4.2,3.6,30293,55,648,5,0.77,0.34,238|947|8091|10186|221895,ALK|CD34|HMGA2|LHFPL6|JAZF1,-0.19,gene
DisGeNET,35,C0085786,Hamman-Rich syndrome,,-2.2,4.2,3.6,30293,55,648,5,0.77,0.34,3458|5265|10563|653509|729238,IFNG|SERPINA1|CXCL13|SFTPA1|SFTPA2,-0.19,gene
DisGeNET,35,C0339543,Epiretinal Membrane,,-2.2,3.2,3.3,30293,102,648,7,1.1,0.41,947|2668|3458|3778|5362|6657|7078,CD34|GDNF|IFNG|KCNMA1|PLXNA2|SOX2|TIMP3,-0.19,gene
Cell Type Signatures,7,M40283,DESCARTES FETAL PLACENTA VASCULAR ENDOTHELIAL CELLS,,-2.2,3.2,3.3,30293,102,648,7,1.1,0.41,947|1012|5137|25925|84952|116159|138046,CD34|CDH13|PDE1C|ZNF521|CGNL1|CYYR1|RALYL,-0.19,gene
DisGeNET,35,C4011788,Behavioral variant of frontotemporal dementia,,-2.2,5.3,3.8,30293,35,648,4,0.62,0.31,351|4336|6647|54209,APP|MOBP|SOD1|TREM2,-0.19,gene
DisGeNET,35,C0243010,Viral Encephalitis,,-2.2,5.3,3.8,30293,35,648,4,0.62,0.31,3458|5653|10563|11202,IFNG|KLK6|CXCL13|KLK8,-0.19,gene
Transcription Factor Targets,16,M19101,MMEF2 Q6,,-2.2,2.2,3,30293,274,648,13,2,0.55,1124|5218|5588|8975|23615|51646|51701|55799|56999|90768|121549|140469|400658,CHN2|CDK14|PRKCQ|USP13|PYY2|YPEL5|NLK|CACNA2D3|ADAMTS9|TENM3-AS1|ASCL4|MYO3B|ZNF516-DT,-0.18,gene
DisGeNET,35,C0270823,Petit mal status,,-2.2,3.6,3.4,30293,78,648,6,0.93,0.38,1237|2668|3778|4908|6334|6547,CCR8|GDNF|KCNMA1|NTF3|SCN8A|SLC8A3,-0.18,gene
DisGeNET,35,C0236733,Amphetamine-Related Disorders,,-2.2,3.6,3.4,30293,78,648,6,0.93,0.38,313|1012|1813|2668|6622|81501,AOAH|CDH13|DRD2|GDNF|SNCA|DCSTAMP,-0.18,gene
Cell Type Signatures,7,M39167,GAO LARGE INTESTINE ADULT CJ IMMUNE CELLS,,-2.2,1.9,2.9,30293,505,648,20,3.1,0.68,947|1012|1193|2668|5137|5341|5797|7078|9547|9844|9891|10186|23111|25925|56977|58494|83857|116159|253827|256691,CD34|CDH13|CLIC2|GDNF|PDE1C|PLEK|PTPRM|TIMP3|CXCL14|ELMO1|NUAK1|LHFPL6|SPART|ZNF521|STOX2|JAM2|TMTC1|CYYR1|MSRB3|MAMDC2,-0.17,gene
DisGeNET,35,C0032927,Precancerous Conditions,,-2.2,1.9,2.9,30293,471,648,19,2.9,0.66,947|1012|1124|2551|4312|4314|4321|5653|5669|5670|6657|6690|9590|9622|10406|50486|51176|200504|407042,CD34|CDH13|CHN2|GABPA|MMP1|MMP3|MMP12|KLK6|PSG1|PSG2|SOX2|SPINK1|AKAP12|KLK4|WFDC2|G0S2|LEF1|GKN2|MIR34C,-0.17,gene
Cell Type Signatures,7,M39058,MANNO MIDBRAIN NEUROTYPES HPROGM,,-2.2,2.1,2.9,30293,307,648,14,2.2,0.57,1124|3778|4897|6657|8091|8321|9760|10642|58494|116159|120114|341640|389058|399949,CHN2|KCNMA1|NRCAM|SOX2|HMGA2|FZD1|TOX|IGF2BP1|JAM2|CYYR1|FAT3|FREM2|SP5|HOATZ,-0.17,gene
PaGenBase,36,PGB:00057,Tissue-specific: ovary,,-2.2,2.3,3,30293,245,648,12,1.9,0.53,1959|3290|6705|8972|23519|23615|27185|63876|64084|140464|147372|161436,EGR2|HSD11B1|SPRR2F|MGAM|ANP32D|PYY2|DISC1|PKNOX2|CLSTN2|PISRT1|CCBE1|EML5,-0.17,gene
Cell Type Signatures,7,M40243,DESCARTES FETAL LUNG LYMPHOID CELLS,,-2.2,2.7,3.1,30293,157,648,9,1.4,0.46,1380|3001|3003|10125|23495|51176|154075|641518|100130231,CR2|GZMA|GZMK|RASGRP1|TNFRSF13B|LEF1|SAMD3|LEF1-AS1|LINC00861,-0.17,gene
DisGeNET,35,C1301034,Pancreatic intraepithelial neoplasia,,-2.2,2.5,3.1,30293,186,648,10,1.5,0.48,634|885|1524|2551|2740|3458|5655|6657|6690|406940,CEACAM1|CCK|CX3CR1|GABPA|GLP1R|IFNG|KLK10|SOX2|SPINK1|MIR148A,-0.16,gene
DisGeNET,35,C0424574,Duration of sleep,,-2.2,3.1,3.2,30293,104,648,7,1.1,0.41,1813|1959|25924|26059|79864|140733|140862,DRD2|EGR2|MYRIP|ERC2|JHY|MACROD2|ISM1,-0.16,gene
DisGeNET,35,C0234985,Mental deterioration,,-2.1,1.8,2.8,30293,508,648,20,3.1,0.68,351|793|1378|2551|2668|2740|2890|3290|3458|4908|5673|6334|6622|6647|8867|11197|25793|54209|54210|64801,APP|CALB1|CR1|GABPA|GDNF|GLP1R|GRIA1|HSD11B1|IFNG|NTF3|PSG5|SCN8A|SNCA|SOD1|SYNJ1|WIF1|FBXO7|TREM2|TREM1|ARV1,-0.16,gene
DisGeNET,35,C0086196,"Eczema, Infantile",,-2.1,5.2,3.7,30293,36,648,4,0.62,0.31,2312|3458|22891|84433,FLG|IFNG|ZNF365|CARD11,-0.16,gene
DisGeNET,35,C0085106,Familial benign pemphigus,,-2.1,5.2,3.7,30293,36,648,4,0.62,0.31,1769|2551|3664|3713,DNAH8|GABPA|IRF6|IVL,-0.16,gene
DisGeNET,35,C2959467,Tuberculous pleural effusion,,-2.1,5.2,3.7,30293,36,648,4,0.62,0.31,1524|3458|4312|55801,CX3CR1|IFNG|MMP1|IL26,-0.16,gene
DisGeNET,35,C0007384,Cataplexy,,-2.1,5.2,3.7,30293,36,648,4,0.62,0.31,3778|5673|7038|22891,KCNMA1|PSG5|TG|ZNF365,-0.16,gene
Transcription Factor Targets,16,M13325,FOXJ2 01,,-2.1,2.5,3,30293,187,648,10,1.5,0.48,1124|1959|3937|4756|4908|9073|9586|27023|83872|285668,CHN2|EGR2|LCP2|NEO1|NTF3|CLDN8|CREB5|FOXB1|HMCN1|LINC03122,-0.16,gene
DisGeNET,35,C0242383,Age related macular degeneration,,-2.1,1.7,2.8,30293,685,648,25,3.9,0.76,351|947|1414|1524|2263|2551|2658|3290|3458|4312|4314|4345|5265|5341|5362|6647|7078|7367|8224|8854|10563|25924|54209|83872|100507098,APP|CD34|CRYBB1|CX3CR1|FGFR2|GABPA|GDF2|HSD11B1|IFNG|MMP1|MMP3|CD200|SERPINA1|PLEK|PLXNA2|SOD1|TIMP3|UGT2B17|SYN3|ALDH1A2|CXCL13|MYRIP|TREM2|HMCN1|ADAMTS9-AS2,-0.16,gene
Cell Type Signatures,7,M40316,DESCARTES FETAL THYMUS VASCULAR ENDOTHELIAL CELLS,,-2.1,2.9,3.1,30293,131,648,8,1.2,0.43,9891|25924|25925|56999|83872|83938|161502|220441,NUAK1|MYRIP|ZNF521|ADAMTS9|HMCN1|LRMDA|CFAP161|RNF152,-0.16,gene
DisGeNET,35,C0393534,Paraneoplastic Cerebellar Degeneration,,-2.1,7.4,4.1,30293,19,648,3,0.46,0.27,238|3458|6657,ALK|IFNG|SOX2,-0.16,gene
DisGeNET,35,C0221155,Systolic hypertension,,-2.1,7.4,4.1,30293,19,648,3,0.46,0.27,1813|4321|148641,DRD2|MMP12|SLC35F3,-0.16,gene
DisGeNET,35,C0268436,"Pseudohypoaldosteronism, Type I",,-2.1,7.4,4.1,30293,19,648,3,0.46,0.27,6340|9073|26249,SCNN1G|CLDN8|KLHL3,-0.16,gene
DisGeNET,35,C0033805,Pseudohypoaldosteronism,,-2.1,7.4,4.1,30293,19,648,3,0.46,0.27,6340|9073|26249,SCNN1G|CLDN8|KLHL3,-0.16,gene
DisGeNET,35,C0221480,Recurrent depression,,-2.1,7.4,4.1,30293,19,648,3,0.46,0.27,1378|1813|27185,CR1|DRD2|DISC1,-0.16,gene
DisGeNET,35,C1260959,Drusen,,-2.1,4.1,3.5,30293,57,648,5,0.77,0.34,351|2551|5362|6647|7078,APP|GABPA|PLXNA2|SOD1|TIMP3,-0.16,gene
Cell Type Signatures,7,M40290,DESCARTES FETAL SPLEEN VASCULAR ENDOTHELIAL CELLS,,-2.1,4.1,3.5,30293,57,648,5,0.77,0.34,9568|25924|116159|145781|374378,GABBR2|MYRIP|CYYR1|GCOM1|GALNT18,-0.16,gene
DisGeNET,35,C0431659,Hypoplasia of scrotum,,-2.1,4.1,3.5,30293,57,648,5,0.77,0.34,3664|6716|23426|80144|341640,IRF6|SRD5A2|GRIP1|FRAS1|FREM2,-0.16,gene
DisGeNET,35,C0018203,Chronic granulomatous disease,,-2.1,3.1,3.2,30293,105,648,7,1.1,0.41,947|3458|3778|5265|5341|9547|23495,CD34|IFNG|KCNMA1|SERPINA1|PLEK|CXCL14|TNFRSF13B,-0.16,gene
DisGeNET,35,C0007785,Cerebral Infarction,,-2.1,1.7,2.7,30293,687,648,25,3.9,0.76,117|351|634|793|885|1524|2243|2551|2668|2740|3603|4321|4345|4908|6441|6523|6547|6647|8988|9547|9622|11202|54209|116448|440823,ADCYAP1R1|APP|CEACAM1|CALB1|CCK|CX3CR1|FGA|GABPA|GDNF|GLP1R|IL16|MMP12|CD200|NTF3|SFTPD|SLC5A1|SLC8A3|SOD1|HSPB3|CXCL14|KLK4|KLK8|TREM2|OLIG1|MIAT,-0.15,gene
Cell Type Signatures,7,M40145,DESCARTES FETAL ADRENAL CSH1 CSH2 POSITIVE CELLS,,-2.1,2.4,3,30293,218,648,11,1.7,0.51,5669|5670|5671|5672|5673|5675|5676|5678|5680|23426|440533,PSG1|PSG2|PSG3|PSG4|PSG5|PSG6|PSG7|PSG9|PSG11|GRIP1|PSG8,-0.15,gene
DisGeNET,35,C0236804,Amphetamine Addiction,,-2.1,3.5,3.3,30293,81,648,6,0.93,0.38,313|1012|1813|2668|6622|81501,AOAH|CDH13|DRD2|GDNF|SNCA|DCSTAMP,-0.14,gene
Cell Type Signatures,7,M39069,MANNO MIDBRAIN NEUROTYPES HDA2,,-2.1,1.8,2.8,30293,513,648,20,3.1,0.68,793|1012|1813|5218|6334|6622|8128|10154|23114|25924|26059|50863|51555|57586|79822|84867|138046|205147|286046|440823,CALB1|CDH13|DRD2|CDK14|SCN8A|SNCA|ST8SIA2|PLXNC1|NFASC|MYRIP|ERC2|NTM|PEX5L|SYT13|ARHGAP28|PTPN5|RALYL|AMER3|XKR6|MIAT,-0.14,gene
DisGeNET,35,C0006111,Brain Diseases,,-2.1,2,2.9,30293,345,648,15,2.3,0.59,238|351|460|1813|2668|2740|3458|4314|6622|27185|54209|57502|259249|285195|100861519,ALK|APP|ASTN1|DRD2|GDNF|GLP1R|IFNG|MMP3|SNCA|DISC1|TREM2|NLGN4X|MRGPRX1|SLC9A9|GDNF-AS1,-0.14,gene
DisGeNET,35,C0206710,Basal Cell Neoplasm,,-2.1,4,3.4,30293,58,648,5,0.77,0.34,7053|22891|54504|55691|60468,TGM3|ZNF365|CPVL|FRMD4A|BACH2,-0.14,gene
Cell Type Signatures,7,M39170,MURARO PANCREAS DELTA CELL,,-2.1,2.2,2.9,30293,250,648,12,1.9,0.53,793|1124|5218|5362|9590|9891|26960|30820|55714|57718|114801|389432,CALB1|CHN2|CDK14|PLXNA2|AKAP12|NUAK1|NBEA|KCNIP1|TENM3|PPP4R4|TMEM200A|SAMD5,-0.14,gene
Transcription Factor Targets,16,M15929,MEF2 Q6 01,,-2.1,2.2,2.9,30293,250,648,12,1.9,0.53,845|6547|8975|8988|9956|23615|51701|55691|55799|83938|221895|400658,CASQ2|SLC8A3|USP13|HSPB3|HS3ST2|PYY2|NLK|FRMD4A|CACNA2D3|LRMDA|JAZF1|ZNF516-DT,-0.14,gene
DisGeNET,35,C4722099,High grade glioma,,-2.1,2.5,3,30293,190,648,10,1.5,0.48,947|2668|4312|4345|5265|6647|6657|9547|406940|406988,CD34|GDNF|MMP1|CD200|SERPINA1|SOD1|SOX2|CXCL14|MIR148A|MIR205,-0.13,gene
DisGeNET,35,C2981150,Uranostaphyloschisis,,-2.1,2.5,3,30293,190,648,10,1.5,0.48,2162|2263|2303|3664|4314|4330|6647|51176|56999|83938,F13A1|FGFR2|FOXC2|IRF6|MMP3|MN1|SOD1|LEF1|ADAMTS9|LRMDA,-0.13,gene
DisGeNET,35,C0149521,"Pancreatitis, Chronic",,-2.1,2,2.8,30293,379,648,16,2.5,0.61,634|885|1524|2551|2740|3458|4312|4319|5265|6622|6690|9547|24144|60468|406940|440823,CEACAM1|CCK|CX3CR1|GABPA|GLP1R|IFNG|MMP1|MMP10|SERPINA1|SNCA|SPINK1|CXCL14|TFIP11|BACH2|MIR148A|MIAT,-0.13,gene
Transcription Factor Targets,16,M329,ACAWYAAAG UNKNOWN,,-2.1,3.1,3.2,30293,107,648,7,1.1,0.41,1124|3290|4628|4808|8854|57569|121549,CHN2|HSD11B1|MYH10|NHLH2|ALDH1A2|ARHGAP20|ASCL4,-0.13,gene
Cell Type Signatures,7,M40306,DESCARTES FETAL STOMACH LYMPHOID CELLS,,-2.1,3.4,3.2,30293,82,648,6,0.93,0.38,3001|5588|51176|60468|80342|154075,GZMA|PRKCQ|LEF1|BACH2|TRAF3IP3|SAMD3,-0.12,gene
DisGeNET,35,C0014591,Epistaxis,,-2.1,3.4,3.2,30293,82,648,6,0.93,0.38,2162|2243|2266|2658|3458|89781,F13A1|FGA|FGG|GDF2|IFNG|HPS4,-0.12,gene
COVID,200,COVID216,Proteome_Shen_Serum-nonsevere-vs-healthy_Up,,-2.1,7,4,30293,20,648,3,0.46,0.27,866|22844|256394,SERPINA6|FRMPD1|SERPINA11,-0.12,gene
DisGeNET,35,C3825201,Mitochondrial pathology,,-2.1,7,4,30293,20,648,3,0.46,0.27,634|6622|6647,CEACAM1|SNCA|SOD1,-0.12,gene
DisGeNET,35,C0265259,Popliteal pterygium syndrome,,-2.1,7,4,30293,20,648,3,0.46,0.27,3458|3664|25793,IFNG|IRF6|FBXO7,-0.12,gene
DisGeNET,35,C0809983,Schizophrenia and related disorders,,-2.1,7,4,30293,20,648,3,0.46,0.27,2890|8224|27185,GRIA1|SYN3|DISC1,-0.12,gene
DisGeNET,35,C0005818,Blood Platelet Disorders,,-2.1,4,3.4,30293,59,648,5,0.77,0.34,947|4628|6700|10125|259249,CD34|MYH10|SPRR2A|RASGRP1|MRGPRX1,-0.12,gene
Transcription Factor Targets,16,M15061,HAND1E47 01,,-2.1,2.1,2.9,30293,284,648,13,2,0.55,3290|3937|6622|8321|9586|9844|56704|63974|83938|138046|256691|339967|400658,HSD11B1|LCP2|SNCA|FZD1|CREB5|ELMO1|JPH1|NEUROD6|LRMDA|RALYL|MAMDC2|TMPRSS11A|ZNF516-DT,-0.12,gene
DisGeNET,35,C0013404,Dyspnea,,-2.1,2.3,2.9,30293,222,648,11,1.7,0.51,1959|3914|5265|5362|6340|6647|10406|54209|84890|89781|284217,EGR2|LAMB3|SERPINA1|PLXNA2|SCNN1G|SOD1|WFDC2|TREM2|ADO|HPS4|LAMA1,-0.12,gene
Cell Type Signatures,7,M40154,DESCARTES FETAL ADRENAL LYMPHOID CELLS,,-2.1,2.6,3,30293,163,648,9,1.4,0.46,3001|3003|10125|27284|60468|80342|84433|151888|100130231,GZMA|GZMK|RASGRP1|SULT1B1|BACH2|TRAF3IP3|CARD11|BTLA|LINC00861,-0.12,gene
Transcription Factor Targets,16,M19147,HMGIY Q6,,-2.1,2.2,2.9,30293,253,648,12,1.9,0.53,3603|5596|7881|10642|11082|27023|51555|51701|53346|81563|130507|284366,IL16|MAPK4|KCNAB1|IGF2BP1|ESM1|FOXB1|PEX5L|NLK|TM6SF1|C1orf21|UBR3|KLK9,-0.11,gene
DisGeNET,35,C4020732,Mitochondrial abnormalities,,-2.1,3.4,3.2,30293,83,648,6,0.93,0.38,351|2551|6622|6647|8988|27185,APP|GABPA|SNCA|SOD1|HSPB3|DISC1,-0.11,gene
DisGeNET,35,C0339573,"Glaucoma, Primary Open Angle",,-2,2,2.8,30293,383,648,16,2.5,0.61,351|3458|4312|4314|4321|5314|5362|6647|6700|7078|8988|9201|50863|57188|220972|407041,APP|IFNG|MMP1|MMP3|MMP12|PKHD1|PLXNA2|SOD1|SPRR2A|TIMP3|HSPB3|DCLK1|NTM|ADAMTSL3|MARCHF8|MIR34B,-0.11,gene
DisGeNET,35,C0872084,Sarcopenia,,-2,2.6,3,30293,164,648,9,1.4,0.46,885|1769|2551|3290|3458|4314|6647|8321|8492,CCK|DNAH8|GABPA|HSD11B1|IFNG|MMP3|SOD1|FZD1|PRSS12,-0.11,gene
Cell Type Signatures,7,M40265,DESCARTES FETAL PANCREAS LYMPHOID CELLS,,-2,2.6,3,30293,164,648,9,1.4,0.46,3001|3003|3458|23495|51176|60468|151888|641518|100130231,GZMA|GZMK|IFNG|TNFRSF13B|LEF1|BACH2|BTLA|LEF1-AS1|LINC00861,-0.11,gene
DisGeNET,35,C2745900,Promyelocytic leukemia,,-2,2.2,2.8,30293,255,648,12,1.9,0.53,947|2551|2668|3458|4146|5670|5673|6647|9622|27185|440533|653492,CD34|GABPA|GDNF|IFNG|MATN1|PSG2|PSG5|SOD1|KLK4|DISC1|PSG8|PSG10P,-0.096,gene
DisGeNET,35,C0458247,Allodynia,,-2,3.3,3.2,30293,84,648,6,0.93,0.38,2668|4314|4908|6336|10887|11280,GDNF|MMP3|NTF3|SCN10A|PROKR1|SCN11A,-0.096,gene
TRRUST,34,TRR00280,Regulated by: ETS1,,-2,3.3,3.2,30293,84,648,6,0.93,0.38,1378|2162|4249|4312|4314|4319,CR1|F13A1|MGAT5|MMP1|MMP3|MMP10,-0.096,gene
DisGeNET,35,C0751211,"Hyperalgesia, Primary",,-2,3.3,3.2,30293,84,648,6,0.93,0.38,2668|4314|4908|6336|10887|11280,GDNF|MMP3|NTF3|SCN10A|PROKR1|SCN11A,-0.096,gene
DisGeNET,35,C0206062,"Lung Diseases, Interstitial",,-2,2.1,2.8,30293,319,648,14,2.2,0.57,238|1524|3458|4146|4312|4908|6441|8091|9547|10154|10563|89781|653509|729238,ALK|CX3CR1|IFNG|MATN1|MMP1|NTF3|SFTPD|HMGA2|CXCL14|PLXNC1|CXCL13|HPS4|SFTPA1|SFTPA2,-0.096,gene
DisGeNET,35,C0027746,Nerve Degeneration,,-2,2.5,3,30293,165,648,9,1.4,0.46,351|3458|4908|6622|6647|7498|54209|64801|84867,APP|IFNG|NTF3|SNCA|SOD1|XDH|TREM2|ARV1|PTPN5,-0.096,gene
DisGeNET,35,C0333980,Focal Nodular Hyperplasia,,-2,6.7,3.8,30293,21,648,3,0.46,0.27,894|4897|6690,CCND2|NRCAM|SPINK1,-0.081,gene
DisGeNET,35,C0751706,Primary Progressive Nonfluent Aphasia,,-2,6.7,3.8,30293,21,648,3,0.46,0.27,5265|6647|54209,SERPINA1|SOD1|TREM2,-0.081,gene
DisGeNET,35,C0545074,Myxoid/Round Cell Liposarcoma,,-2,3.8,3.3,30293,61,648,5,0.77,0.34,238|2263|2668|3458|8091,ALK|FGFR2|GDNF|IFNG|HMGA2,-0.079,gene
Transcription Factor Targets,16,M12637,FREAC3 01,,-2,2.2,2.8,30293,257,648,12,1.9,0.53,1959|3914|3937|4762|7074|9227|25925|51176|54544|83872|389336|400658,EGR2|LAMB3|LCP2|NEUROG1|TIAM1|LRAT|ZNF521|LEF1|CRCT1|HMCN1|C5orf46|ZNF516-DT,-0.079,gene
Cell Type Signatures,7,M40217,DESCARTES FETAL INTESTINE MESOTHELIAL CELLS,,-2,3.3,3.1,30293,85,648,6,0.93,0.38,646|5655|6441|8854|11012|56245,BNC1|KLK10|SFTPD|ALDH1A2|KLK11|EPCIP,-0.079,gene
DisGeNET,35,C0033975,Psychotic Disorders,,-2,1.8,2.7,30293,560,648,21,3.2,0.7,885|947|1124|1813|2263|2740|2890|2900|3458|5596|6647|8935|9638|10215|11280|23111|26011|27185|54209|54504|221833,CCK|CD34|CHN2|DRD2|FGFR2|GLP1R|GRIA1|GRIK4|IFNG|MAPK4|SOD1|SKAP2|FEZ1|OLIG2|SCN11A|SPART|TENM4|DISC1|TREM2|CPVL|SP8,-0.077,gene
Cell Type Signatures,7,M40241,DESCARTES FETAL LUNG CILIATED EPITHELIAL CELLS,,-2,1.8,2.7,30293,525,648,20,3.1,0.68,866|4336|7053|7367|9073|54210|54766|60437|83659|92291|132671|140870|146177|154664|161003|200403|221458|255239|389170|399949,SERPINA6|MOBP|TGM3|UGT2B17|CLDN8|TREM1|BTG4|CDH26|TEKT1|CAPN13|SPATA18|WFDC6|VWA3A|ABCA13|STOML3|VWA3B|KIF6|ANKK1|LEKR1|HOATZ,-0.076,gene
